2026-05-11 15:47:48.020973 CST | [antmaze-large-diverse-v2] ---------------  --------
2026-05-11 15:47:48.021934 CST | [antmaze-large-diverse-v2] Training Epochs   0
2026-05-11 15:47:48.022604 CST | [antmaze-large-diverse-v2] AverageReturn     0
2026-05-11 15:47:48.023237 CST | [antmaze-large-diverse-v2] NormReturn        0
2026-05-11 15:47:48.024140 CST | [antmaze-large-diverse-v2] L_Act            24.4039
2026-05-11 15:47:48.024603 CST | [antmaze-large-diverse-v2] L_Crit           17.6798
2026-05-11 15:47:48.025028 CST | [antmaze-large-diverse-v2] Weight            0.50612
2026-05-11 15:47:48.025450 CST | [antmaze-large-diverse-v2] kl                1
2026-05-11 15:47:48.025869 CST | [antmaze-large-diverse-v2] ---------------  --------
2026-05-11 15:49:46.755196 CST | [antmaze-large-diverse-v2] ---------------  ---------
2026-05-11 15:49:46.755299 CST | [antmaze-large-diverse-v2] Training Epochs   1
2026-05-11 15:49:46.755329 CST | [antmaze-large-diverse-v2] AverageReturn     0
2026-05-11 15:49:46.755355 CST | [antmaze-large-diverse-v2] NormReturn        0
2026-05-11 15:49:46.755380 CST | [antmaze-large-diverse-v2] L_Act            29.1787
2026-05-11 15:49:46.755405 CST | [antmaze-large-diverse-v2] L_Crit            1.6233
2026-05-11 15:49:46.755430 CST | [antmaze-large-diverse-v2] Weight            0.495069
2026-05-11 15:49:46.755455 CST | [antmaze-large-diverse-v2] kl                1
2026-05-11 15:49:46.755480 CST | [antmaze-large-diverse-v2] ---------------  ---------
2026-05-11 15:51:44.877612 CST | [antmaze-large-diverse-v2] ---------------  ---------
2026-05-11 15:51:44.877733 CST | [antmaze-large-diverse-v2] Training Epochs   2
2026-05-11 15:51:44.877764 CST | [antmaze-large-diverse-v2] AverageReturn     0
2026-05-11 15:51:44.877792 CST | [antmaze-large-diverse-v2] NormReturn        0
2026-05-11 15:51:44.877821 CST | [antmaze-large-diverse-v2] L_Act            30.9505
2026-05-11 15:51:44.877852 CST | [antmaze-large-diverse-v2] L_Crit            1.59142
2026-05-11 15:51:44.877878 CST | [antmaze-large-diverse-v2] Weight            0.475774
2026-05-11 15:51:44.877904 CST | [antmaze-large-diverse-v2] kl                1
2026-05-11 15:51:44.877930 CST | [antmaze-large-diverse-v2] ---------------  ---------
2026-05-11 15:53:43.067254 CST | [antmaze-large-diverse-v2] ---------------  --------
2026-05-11 15:53:43.067357 CST | [antmaze-large-diverse-v2] Training Epochs   3
2026-05-11 15:53:43.067386 CST | [antmaze-large-diverse-v2] AverageReturn     0
2026-05-11 15:53:43.067411 CST | [antmaze-large-diverse-v2] NormReturn        0
2026-05-11 15:53:43.067435 CST | [antmaze-large-diverse-v2] L_Act            31.0509
2026-05-11 15:53:43.067460 CST | [antmaze-large-diverse-v2] L_Crit            1.39937
2026-05-11 15:53:43.067485 CST | [antmaze-large-diverse-v2] Weight            0.49182
2026-05-11 15:53:43.067513 CST | [antmaze-large-diverse-v2] kl                1
2026-05-11 15:53:43.067538 CST | [antmaze-large-diverse-v2] ---------------  --------
2026-05-11 15:55:40.950277 CST | [antmaze-large-diverse-v2] ---------------  ---------
2026-05-11 15:55:40.950376 CST | [antmaze-large-diverse-v2] Training Epochs   4
2026-05-11 15:55:40.950423 CST | [antmaze-large-diverse-v2] AverageReturn     0
2026-05-11 15:55:40.950449 CST | [antmaze-large-diverse-v2] NormReturn        0
2026-05-11 15:55:40.950474 CST | [antmaze-large-diverse-v2] L_Act            30.0939
2026-05-11 15:55:40.950500 CST | [antmaze-large-diverse-v2] L_Crit            1.17216
2026-05-11 15:55:40.950530 CST | [antmaze-large-diverse-v2] Weight            0.505787
2026-05-11 15:55:40.950554 CST | [antmaze-large-diverse-v2] kl                1
2026-05-11 15:55:40.950579 CST | [antmaze-large-diverse-v2] ---------------  ---------
2026-05-11 15:57:39.235987 CST | [antmaze-large-diverse-v2] ---------------  ---------
2026-05-11 15:57:39.236096 CST | [antmaze-large-diverse-v2] Training Epochs   5
2026-05-11 15:57:39.236127 CST | [antmaze-large-diverse-v2] AverageReturn     0
2026-05-11 15:57:39.236154 CST | [antmaze-large-diverse-v2] NormReturn        0
2026-05-11 15:57:39.236184 CST | [antmaze-large-diverse-v2] L_Act            27.8984
2026-05-11 15:57:39.236213 CST | [antmaze-large-diverse-v2] L_Crit            0.986593
2026-05-11 15:57:39.236237 CST | [antmaze-large-diverse-v2] Weight            0.533658
2026-05-11 15:57:39.236262 CST | [antmaze-large-diverse-v2] kl                1
2026-05-11 15:57:39.236287 CST | [antmaze-large-diverse-v2] ---------------  ---------
2026-05-11 15:59:37.232587 CST | [antmaze-large-diverse-v2] ---------------  ---------
2026-05-11 15:59:37.232716 CST | [antmaze-large-diverse-v2] Training Epochs   6
2026-05-11 15:59:37.232763 CST | [antmaze-large-diverse-v2] AverageReturn     0
2026-05-11 15:59:37.232789 CST | [antmaze-large-diverse-v2] NormReturn        0
2026-05-11 15:59:37.232815 CST | [antmaze-large-diverse-v2] L_Act            25.4869
2026-05-11 15:59:37.232839 CST | [antmaze-large-diverse-v2] L_Crit            0.952205
2026-05-11 15:59:37.232869 CST | [antmaze-large-diverse-v2] Weight            0.556008
2026-05-11 15:59:37.232894 CST | [antmaze-large-diverse-v2] kl                1
2026-05-11 15:59:37.232918 CST | [antmaze-large-diverse-v2] ---------------  ---------
2026-05-11 16:01:35.388957 CST | [antmaze-large-diverse-v2] ---------------  ---------
2026-05-11 16:01:35.389077 CST | [antmaze-large-diverse-v2] Training Epochs   7
2026-05-11 16:01:35.389108 CST | [antmaze-large-diverse-v2] AverageReturn     0
2026-05-11 16:01:35.389134 CST | [antmaze-large-diverse-v2] NormReturn        0
2026-05-11 16:01:35.389159 CST | [antmaze-large-diverse-v2] L_Act            23.6975
2026-05-11 16:01:35.389184 CST | [antmaze-large-diverse-v2] L_Crit            1.08806
2026-05-11 16:01:35.389211 CST | [antmaze-large-diverse-v2] Weight            0.566708
2026-05-11 16:01:35.389235 CST | [antmaze-large-diverse-v2] kl                1
2026-05-11 16:01:35.389260 CST | [antmaze-large-diverse-v2] ---------------  ---------
2026-05-11 16:03:33.517824 CST | [antmaze-large-diverse-v2] ---------------  --------
2026-05-11 16:03:33.517952 CST | [antmaze-large-diverse-v2] Training Epochs   8
2026-05-11 16:03:33.517984 CST | [antmaze-large-diverse-v2] AverageReturn     0
2026-05-11 16:03:33.518011 CST | [antmaze-large-diverse-v2] NormReturn        0
2026-05-11 16:03:33.518038 CST | [antmaze-large-diverse-v2] L_Act            23.0492
2026-05-11 16:03:33.518063 CST | [antmaze-large-diverse-v2] L_Crit            1.22714
2026-05-11 16:03:33.518088 CST | [antmaze-large-diverse-v2] Weight            0.56245
2026-05-11 16:03:33.518113 CST | [antmaze-large-diverse-v2] kl                1
2026-05-11 16:03:33.518138 CST | [antmaze-large-diverse-v2] ---------------  --------
2026-05-11 16:05:31.815814 CST | [antmaze-large-diverse-v2] ---------------  --------
2026-05-11 16:05:31.815929 CST | [antmaze-large-diverse-v2] Training Epochs   9
2026-05-11 16:05:31.815961 CST | [antmaze-large-diverse-v2] AverageReturn     0
2026-05-11 16:05:31.815987 CST | [antmaze-large-diverse-v2] NormReturn        0
2026-05-11 16:05:31.816012 CST | [antmaze-large-diverse-v2] L_Act            23.4355
2026-05-11 16:05:31.816037 CST | [antmaze-large-diverse-v2] L_Crit            1.21101
2026-05-11 16:05:31.816063 CST | [antmaze-large-diverse-v2] Weight            0.55451
2026-05-11 16:05:31.816088 CST | [antmaze-large-diverse-v2] kl                1
2026-05-11 16:05:31.816112 CST | [antmaze-large-diverse-v2] ---------------  --------
2026-05-11 16:07:29.560912 CST | [antmaze-large-diverse-v2] ---------------  ---------
2026-05-11 16:07:29.561024 CST | [antmaze-large-diverse-v2] Training Epochs  10
2026-05-11 16:07:29.561054 CST | [antmaze-large-diverse-v2] AverageReturn     0
2026-05-11 16:07:29.561080 CST | [antmaze-large-diverse-v2] NormReturn        0
2026-05-11 16:07:29.561105 CST | [antmaze-large-diverse-v2] L_Act            23.6328
2026-05-11 16:07:29.561130 CST | [antmaze-large-diverse-v2] L_Crit            1.09813
2026-05-11 16:07:29.561155 CST | [antmaze-large-diverse-v2] Weight            0.558658
2026-05-11 16:07:29.561180 CST | [antmaze-large-diverse-v2] kl                1
2026-05-11 16:07:29.561205 CST | [antmaze-large-diverse-v2] ---------------  ---------
2026-05-11 16:09:27.240636 CST | [antmaze-large-diverse-v2] ---------------  ---------
2026-05-11 16:09:27.240736 CST | [antmaze-large-diverse-v2] Training Epochs  11
2026-05-11 16:09:27.240767 CST | [antmaze-large-diverse-v2] AverageReturn     0
2026-05-11 16:09:27.240794 CST | [antmaze-large-diverse-v2] NormReturn        0
2026-05-11 16:09:27.240819 CST | [antmaze-large-diverse-v2] L_Act            23.4222
2026-05-11 16:09:27.240844 CST | [antmaze-large-diverse-v2] L_Crit            1.01819
2026-05-11 16:09:27.240869 CST | [antmaze-large-diverse-v2] Weight            0.562361
2026-05-11 16:09:27.240894 CST | [antmaze-large-diverse-v2] kl                1
2026-05-11 16:09:27.240919 CST | [antmaze-large-diverse-v2] ---------------  ---------
2026-05-11 16:11:25.468568 CST | [antmaze-large-diverse-v2] ---------------  ---------
2026-05-11 16:11:25.468672 CST | [antmaze-large-diverse-v2] Training Epochs  12
2026-05-11 16:11:25.468703 CST | [antmaze-large-diverse-v2] AverageReturn     0
2026-05-11 16:11:25.468729 CST | [antmaze-large-diverse-v2] NormReturn        0
2026-05-11 16:11:25.468754 CST | [antmaze-large-diverse-v2] L_Act            22.8765
2026-05-11 16:11:25.468779 CST | [antmaze-large-diverse-v2] L_Crit            0.980191
2026-05-11 16:11:25.468804 CST | [antmaze-large-diverse-v2] Weight            0.56566
2026-05-11 16:11:25.468829 CST | [antmaze-large-diverse-v2] kl                1
2026-05-11 16:11:25.468853 CST | [antmaze-large-diverse-v2] ---------------  ---------
2026-05-11 16:13:23.522963 CST | [antmaze-large-diverse-v2] ---------------  ---------
2026-05-11 16:13:23.523074 CST | [antmaze-large-diverse-v2] Training Epochs  13
2026-05-11 16:13:23.523105 CST | [antmaze-large-diverse-v2] AverageReturn     0
2026-05-11 16:13:23.523131 CST | [antmaze-large-diverse-v2] NormReturn        0
2026-05-11 16:13:23.523156 CST | [antmaze-large-diverse-v2] L_Act            22.3336
2026-05-11 16:13:23.523181 CST | [antmaze-large-diverse-v2] L_Crit            0.931192
2026-05-11 16:13:23.523206 CST | [antmaze-large-diverse-v2] Weight            0.57299
2026-05-11 16:13:23.523232 CST | [antmaze-large-diverse-v2] kl                1
2026-05-11 16:13:23.523257 CST | [antmaze-large-diverse-v2] ---------------  ---------
2026-05-11 16:15:21.178391 CST | [antmaze-large-diverse-v2] ---------------  ---------
2026-05-11 16:15:21.178497 CST | [antmaze-large-diverse-v2] Training Epochs  14
2026-05-11 16:15:21.178529 CST | [antmaze-large-diverse-v2] AverageReturn     0
2026-05-11 16:15:21.178556 CST | [antmaze-large-diverse-v2] NormReturn        0
2026-05-11 16:15:21.178582 CST | [antmaze-large-diverse-v2] L_Act            21.9004
2026-05-11 16:15:21.178609 CST | [antmaze-large-diverse-v2] L_Crit            0.906685
2026-05-11 16:15:21.178635 CST | [antmaze-large-diverse-v2] Weight            0.579806
2026-05-11 16:15:21.178661 CST | [antmaze-large-diverse-v2] kl                1
2026-05-11 16:15:21.178686 CST | [antmaze-large-diverse-v2] ---------------  ---------
2026-05-11 16:17:19.048591 CST | [antmaze-large-diverse-v2] ---------------  ---------
2026-05-11 16:17:19.048698 CST | [antmaze-large-diverse-v2] Training Epochs  15
2026-05-11 16:17:19.048730 CST | [antmaze-large-diverse-v2] AverageReturn     0
2026-05-11 16:17:19.048762 CST | [antmaze-large-diverse-v2] NormReturn        0
2026-05-11 16:17:19.048787 CST | [antmaze-large-diverse-v2] L_Act            21.6587
2026-05-11 16:17:19.048813 CST | [antmaze-large-diverse-v2] L_Crit            0.906248
2026-05-11 16:17:19.048838 CST | [antmaze-large-diverse-v2] Weight            0.585546
2026-05-11 16:17:19.048863 CST | [antmaze-large-diverse-v2] kl                1
2026-05-11 16:17:19.048888 CST | [antmaze-large-diverse-v2] ---------------  ---------
2026-05-11 16:19:18.520941 CST | [antmaze-large-diverse-v2] ---------------  ---------
2026-05-11 16:19:18.521043 CST | [antmaze-large-diverse-v2] Training Epochs  16
2026-05-11 16:19:18.521075 CST | [antmaze-large-diverse-v2] AverageReturn     0
2026-05-11 16:19:18.521110 CST | [antmaze-large-diverse-v2] NormReturn        0
2026-05-11 16:19:18.521137 CST | [antmaze-large-diverse-v2] L_Act            21.6045
2026-05-11 16:19:18.521162 CST | [antmaze-large-diverse-v2] L_Crit            0.88446
2026-05-11 16:19:18.521187 CST | [antmaze-large-diverse-v2] Weight            0.587339
2026-05-11 16:19:18.521213 CST | [antmaze-large-diverse-v2] kl                1
2026-05-11 16:19:18.521238 CST | [antmaze-large-diverse-v2] ---------------  ---------
2026-05-11 16:21:16.864718 CST | [antmaze-large-diverse-v2] ---------------  ---------
2026-05-11 16:21:16.864816 CST | [antmaze-large-diverse-v2] Training Epochs  17
2026-05-11 16:21:16.864861 CST | [antmaze-large-diverse-v2] AverageReturn     0
2026-05-11 16:21:16.864887 CST | [antmaze-large-diverse-v2] NormReturn        0
2026-05-11 16:21:16.864922 CST | [antmaze-large-diverse-v2] L_Act            21.4138
2026-05-11 16:21:16.864947 CST | [antmaze-large-diverse-v2] L_Crit            0.880321
2026-05-11 16:21:16.864971 CST | [antmaze-large-diverse-v2] Weight            0.587387
2026-05-11 16:21:16.864996 CST | [antmaze-large-diverse-v2] kl                1
2026-05-11 16:21:16.865021 CST | [antmaze-large-diverse-v2] ---------------  ---------
2026-05-11 16:23:15.083222 CST | [antmaze-large-diverse-v2] ---------------  ---------
2026-05-11 16:23:15.083323 CST | [antmaze-large-diverse-v2] Training Epochs  18
2026-05-11 16:23:15.083353 CST | [antmaze-large-diverse-v2] AverageReturn     0
2026-05-11 16:23:15.083380 CST | [antmaze-large-diverse-v2] NormReturn        0
2026-05-11 16:23:15.083405 CST | [antmaze-large-diverse-v2] L_Act            21.2394
2026-05-11 16:23:15.083430 CST | [antmaze-large-diverse-v2] L_Crit            0.85726
2026-05-11 16:23:15.083455 CST | [antmaze-large-diverse-v2] Weight            0.584932
2026-05-11 16:23:15.083483 CST | [antmaze-large-diverse-v2] kl                1
2026-05-11 16:23:15.083508 CST | [antmaze-large-diverse-v2] ---------------  ---------
2026-05-11 16:25:12.852568 CST | [antmaze-large-diverse-v2] ---------------  ---------
2026-05-11 16:25:12.852669 CST | [antmaze-large-diverse-v2] Training Epochs  19
2026-05-11 16:25:12.852709 CST | [antmaze-large-diverse-v2] AverageReturn     0
2026-05-11 16:25:12.852735 CST | [antmaze-large-diverse-v2] NormReturn        0
2026-05-11 16:25:12.852761 CST | [antmaze-large-diverse-v2] L_Act            21.1068
2026-05-11 16:25:12.852786 CST | [antmaze-large-diverse-v2] L_Crit            0.852146
2026-05-11 16:25:12.852811 CST | [antmaze-large-diverse-v2] Weight            0.584717
2026-05-11 16:25:12.852836 CST | [antmaze-large-diverse-v2] kl                1
2026-05-11 16:25:12.852860 CST | [antmaze-large-diverse-v2] ---------------  ---------
2026-05-11 16:27:11.113814 CST | [antmaze-large-diverse-v2] ---------------  ---------
2026-05-11 16:27:11.113915 CST | [antmaze-large-diverse-v2] Training Epochs  20
2026-05-11 16:27:11.113947 CST | [antmaze-large-diverse-v2] AverageReturn     0
2026-05-11 16:27:11.113974 CST | [antmaze-large-diverse-v2] NormReturn        0
2026-05-11 16:27:11.114001 CST | [antmaze-large-diverse-v2] L_Act            20.9984
2026-05-11 16:27:11.114026 CST | [antmaze-large-diverse-v2] L_Crit            0.841607
2026-05-11 16:27:11.114051 CST | [antmaze-large-diverse-v2] Weight            0.58304
2026-05-11 16:27:11.114076 CST | [antmaze-large-diverse-v2] kl                1
2026-05-11 16:27:11.114100 CST | [antmaze-large-diverse-v2] ---------------  ---------
2026-05-11 16:29:09.667214 CST | [antmaze-large-diverse-v2] ---------------  ---------
2026-05-11 16:29:09.667321 CST | [antmaze-large-diverse-v2] Training Epochs  21
2026-05-11 16:29:09.667353 CST | [antmaze-large-diverse-v2] AverageReturn     0
2026-05-11 16:29:09.667379 CST | [antmaze-large-diverse-v2] NormReturn        0
2026-05-11 16:29:09.667405 CST | [antmaze-large-diverse-v2] L_Act            20.9647
2026-05-11 16:29:09.667429 CST | [antmaze-large-diverse-v2] L_Crit            0.836829
2026-05-11 16:29:09.667455 CST | [antmaze-large-diverse-v2] Weight            0.579354
2026-05-11 16:29:09.667480 CST | [antmaze-large-diverse-v2] kl                1
2026-05-11 16:29:09.667507 CST | [antmaze-large-diverse-v2] ---------------  ---------
2026-05-11 16:31:07.713468 CST | [antmaze-large-diverse-v2] ---------------  ---------
2026-05-11 16:31:07.713583 CST | [antmaze-large-diverse-v2] Training Epochs  22
2026-05-11 16:31:07.713634 CST | [antmaze-large-diverse-v2] AverageReturn     0
2026-05-11 16:31:07.713661 CST | [antmaze-large-diverse-v2] NormReturn        0
2026-05-11 16:31:07.713686 CST | [antmaze-large-diverse-v2] L_Act            21.0047
2026-05-11 16:31:07.713714 CST | [antmaze-large-diverse-v2] L_Crit            0.809789
2026-05-11 16:31:07.713740 CST | [antmaze-large-diverse-v2] Weight            0.579273
2026-05-11 16:31:07.713765 CST | [antmaze-large-diverse-v2] kl                1
2026-05-11 16:31:07.713790 CST | [antmaze-large-diverse-v2] ---------------  ---------
2026-05-11 16:33:05.853179 CST | [antmaze-large-diverse-v2] ---------------  ---------
2026-05-11 16:33:05.853289 CST | [antmaze-large-diverse-v2] Training Epochs  23
2026-05-11 16:33:05.853319 CST | [antmaze-large-diverse-v2] AverageReturn     0
2026-05-11 16:33:05.853345 CST | [antmaze-large-diverse-v2] NormReturn        0
2026-05-11 16:33:05.853370 CST | [antmaze-large-diverse-v2] L_Act            20.8376
2026-05-11 16:33:05.853396 CST | [antmaze-large-diverse-v2] L_Crit            0.80653
2026-05-11 16:33:05.853421 CST | [antmaze-large-diverse-v2] Weight            0.581199
2026-05-11 16:33:05.853446 CST | [antmaze-large-diverse-v2] kl                1
2026-05-11 16:33:05.853471 CST | [antmaze-large-diverse-v2] ---------------  ---------
2026-05-11 16:35:04.062851 CST | [antmaze-large-diverse-v2] ---------------  ---------
2026-05-11 16:35:04.062951 CST | [antmaze-large-diverse-v2] Training Epochs  24
2026-05-11 16:35:04.062994 CST | [antmaze-large-diverse-v2] AverageReturn     0
2026-05-11 16:35:04.063021 CST | [antmaze-large-diverse-v2] NormReturn        0
2026-05-11 16:35:04.063047 CST | [antmaze-large-diverse-v2] L_Act            20.7144
2026-05-11 16:35:04.063073 CST | [antmaze-large-diverse-v2] L_Crit            0.780476
2026-05-11 16:35:04.063098 CST | [antmaze-large-diverse-v2] Weight            0.584545
2026-05-11 16:35:04.063124 CST | [antmaze-large-diverse-v2] kl                1
2026-05-11 16:35:04.063149 CST | [antmaze-large-diverse-v2] ---------------  ---------
2026-05-11 16:37:02.549943 CST | [antmaze-large-diverse-v2] ---------------  ---------
2026-05-11 16:37:02.550045 CST | [antmaze-large-diverse-v2] Training Epochs  25
2026-05-11 16:37:02.550076 CST | [antmaze-large-diverse-v2] AverageReturn     0
2026-05-11 16:37:02.550102 CST | [antmaze-large-diverse-v2] NormReturn        0
2026-05-11 16:37:02.550128 CST | [antmaze-large-diverse-v2] L_Act            20.5903
2026-05-11 16:37:02.550154 CST | [antmaze-large-diverse-v2] L_Crit            0.770458
2026-05-11 16:37:02.550179 CST | [antmaze-large-diverse-v2] Weight            0.582975
2026-05-11 16:37:02.550204 CST | [antmaze-large-diverse-v2] kl                1
2026-05-11 16:37:02.550229 CST | [antmaze-large-diverse-v2] ---------------  ---------
2026-05-11 16:39:00.551690 CST | [antmaze-large-diverse-v2] ---------------  ---------
2026-05-11 16:39:00.551790 CST | [antmaze-large-diverse-v2] Training Epochs  26
2026-05-11 16:39:00.551821 CST | [antmaze-large-diverse-v2] AverageReturn     0
2026-05-11 16:39:00.551848 CST | [antmaze-large-diverse-v2] NormReturn        0
2026-05-11 16:39:00.551873 CST | [antmaze-large-diverse-v2] L_Act            20.523
2026-05-11 16:39:00.551899 CST | [antmaze-large-diverse-v2] L_Crit            0.763703
2026-05-11 16:39:00.551927 CST | [antmaze-large-diverse-v2] Weight            0.578085
2026-05-11 16:39:00.551952 CST | [antmaze-large-diverse-v2] kl                1
2026-05-11 16:39:00.551977 CST | [antmaze-large-diverse-v2] ---------------  ---------
2026-05-11 16:40:59.409476 CST | [antmaze-large-diverse-v2] ---------------  ---------
2026-05-11 16:40:59.409580 CST | [antmaze-large-diverse-v2] Training Epochs  27
2026-05-11 16:40:59.409629 CST | [antmaze-large-diverse-v2] AverageReturn     0
2026-05-11 16:40:59.409657 CST | [antmaze-large-diverse-v2] NormReturn        0
2026-05-11 16:40:59.409682 CST | [antmaze-large-diverse-v2] L_Act            20.4948
2026-05-11 16:40:59.409709 CST | [antmaze-large-diverse-v2] L_Crit            0.737927
2026-05-11 16:40:59.409735 CST | [antmaze-large-diverse-v2] Weight            0.579593
2026-05-11 16:40:59.409762 CST | [antmaze-large-diverse-v2] kl                1
2026-05-11 16:40:59.409787 CST | [antmaze-large-diverse-v2] ---------------  ---------
2026-05-11 16:42:57.228094 CST | [antmaze-large-diverse-v2] ---------------  ---------
2026-05-11 16:42:57.228208 CST | [antmaze-large-diverse-v2] Training Epochs  28
2026-05-11 16:42:57.228250 CST | [antmaze-large-diverse-v2] AverageReturn     0
2026-05-11 16:42:57.228276 CST | [antmaze-large-diverse-v2] NormReturn        0
2026-05-11 16:42:57.228301 CST | [antmaze-large-diverse-v2] L_Act            20.5009
2026-05-11 16:42:57.228331 CST | [antmaze-large-diverse-v2] L_Crit            0.742363
2026-05-11 16:42:57.228356 CST | [antmaze-large-diverse-v2] Weight            0.580377
2026-05-11 16:42:57.228380 CST | [antmaze-large-diverse-v2] kl                1
2026-05-11 16:42:57.228405 CST | [antmaze-large-diverse-v2] ---------------  ---------
2026-05-11 16:44:56.317447 CST | [antmaze-large-diverse-v2] ---------------  ---------
2026-05-11 16:44:56.317553 CST | [antmaze-large-diverse-v2] Training Epochs  29
2026-05-11 16:44:56.317584 CST | [antmaze-large-diverse-v2] AverageReturn     0
2026-05-11 16:44:56.317610 CST | [antmaze-large-diverse-v2] NormReturn        0
2026-05-11 16:44:56.317636 CST | [antmaze-large-diverse-v2] L_Act            20.5096
2026-05-11 16:44:56.317661 CST | [antmaze-large-diverse-v2] L_Crit            0.719704
2026-05-11 16:44:56.317686 CST | [antmaze-large-diverse-v2] Weight            0.579237
2026-05-11 16:44:56.317710 CST | [antmaze-large-diverse-v2] kl                1
2026-05-11 16:44:56.317735 CST | [antmaze-large-diverse-v2] ---------------  ---------
2026-05-11 16:46:54.820436 CST | [antmaze-large-diverse-v2] ---------------  ---------
2026-05-11 16:46:54.820539 CST | [antmaze-large-diverse-v2] Training Epochs  30
2026-05-11 16:46:54.820587 CST | [antmaze-large-diverse-v2] AverageReturn     0
2026-05-11 16:46:54.820613 CST | [antmaze-large-diverse-v2] NormReturn        0
2026-05-11 16:46:54.820639 CST | [antmaze-large-diverse-v2] L_Act            20.5414
2026-05-11 16:46:54.820664 CST | [antmaze-large-diverse-v2] L_Crit            0.721424
2026-05-11 16:46:54.820688 CST | [antmaze-large-diverse-v2] Weight            0.576355
2026-05-11 16:46:54.820723 CST | [antmaze-large-diverse-v2] kl                1
2026-05-11 16:46:54.820748 CST | [antmaze-large-diverse-v2] ---------------  ---------
2026-05-11 16:48:52.731560 CST | [antmaze-large-diverse-v2] ---------------  ---------
2026-05-11 16:48:52.731670 CST | [antmaze-large-diverse-v2] Training Epochs  31
2026-05-11 16:48:52.731701 CST | [antmaze-large-diverse-v2] AverageReturn     0
2026-05-11 16:48:52.731728 CST | [antmaze-large-diverse-v2] NormReturn        0
2026-05-11 16:48:52.731753 CST | [antmaze-large-diverse-v2] L_Act            20.5238
2026-05-11 16:48:52.731779 CST | [antmaze-large-diverse-v2] L_Crit            0.702526
2026-05-11 16:48:52.731805 CST | [antmaze-large-diverse-v2] Weight            0.575514
2026-05-11 16:48:52.731831 CST | [antmaze-large-diverse-v2] kl                1
2026-05-11 16:48:52.731856 CST | [antmaze-large-diverse-v2] ---------------  ---------
2026-05-11 16:50:51.100732 CST | [antmaze-large-diverse-v2] ---------------  ---------
2026-05-11 16:50:51.100826 CST | [antmaze-large-diverse-v2] Training Epochs  32
2026-05-11 16:50:51.100855 CST | [antmaze-large-diverse-v2] AverageReturn     0
2026-05-11 16:50:51.100881 CST | [antmaze-large-diverse-v2] NormReturn        0
2026-05-11 16:50:51.100910 CST | [antmaze-large-diverse-v2] L_Act            20.4549
2026-05-11 16:50:51.100935 CST | [antmaze-large-diverse-v2] L_Crit            0.686237
2026-05-11 16:50:51.100959 CST | [antmaze-large-diverse-v2] Weight            0.577701
2026-05-11 16:50:51.100987 CST | [antmaze-large-diverse-v2] kl                1
2026-05-11 16:50:51.101012 CST | [antmaze-large-diverse-v2] ---------------  ---------
2026-05-11 16:52:49.095633 CST | [antmaze-large-diverse-v2] ---------------  ---------
2026-05-11 16:52:49.095730 CST | [antmaze-large-diverse-v2] Training Epochs  33
2026-05-11 16:52:49.095767 CST | [antmaze-large-diverse-v2] AverageReturn     0
2026-05-11 16:52:49.095793 CST | [antmaze-large-diverse-v2] NormReturn        0
2026-05-11 16:52:49.095818 CST | [antmaze-large-diverse-v2] L_Act            20.4374
2026-05-11 16:52:49.095843 CST | [antmaze-large-diverse-v2] L_Crit            0.672674
2026-05-11 16:52:49.095868 CST | [antmaze-large-diverse-v2] Weight            0.58017
2026-05-11 16:52:49.095897 CST | [antmaze-large-diverse-v2] kl                1
2026-05-11 16:52:49.095926 CST | [antmaze-large-diverse-v2] ---------------  ---------
2026-05-11 16:54:46.890900 CST | [antmaze-large-diverse-v2] ---------------  ---------
2026-05-11 16:54:46.890996 CST | [antmaze-large-diverse-v2] Training Epochs  34
2026-05-11 16:54:46.891027 CST | [antmaze-large-diverse-v2] AverageReturn     0
2026-05-11 16:54:46.891054 CST | [antmaze-large-diverse-v2] NormReturn        0
2026-05-11 16:54:46.891088 CST | [antmaze-large-diverse-v2] L_Act            20.4329
2026-05-11 16:54:46.891114 CST | [antmaze-large-diverse-v2] L_Crit            0.666055
2026-05-11 16:54:46.891139 CST | [antmaze-large-diverse-v2] Weight            0.57767
2026-05-11 16:54:46.891165 CST | [antmaze-large-diverse-v2] kl                1
2026-05-11 16:54:46.891191 CST | [antmaze-large-diverse-v2] ---------------  ---------
2026-05-11 16:56:44.350356 CST | [antmaze-large-diverse-v2] ---------------  ---------
2026-05-11 16:56:44.350486 CST | [antmaze-large-diverse-v2] Training Epochs  35
2026-05-11 16:56:44.350517 CST | [antmaze-large-diverse-v2] AverageReturn     0
2026-05-11 16:56:44.350544 CST | [antmaze-large-diverse-v2] NormReturn        0
2026-05-11 16:56:44.350569 CST | [antmaze-large-diverse-v2] L_Act            20.509
2026-05-11 16:56:44.350595 CST | [antmaze-large-diverse-v2] L_Crit            0.670544
2026-05-11 16:56:44.350619 CST | [antmaze-large-diverse-v2] Weight            0.574355
2026-05-11 16:56:44.350644 CST | [antmaze-large-diverse-v2] kl                1
2026-05-11 16:56:44.350669 CST | [antmaze-large-diverse-v2] ---------------  ---------
2026-05-11 16:58:42.205736 CST | [antmaze-large-diverse-v2] ---------------  --------
2026-05-11 16:58:42.205837 CST | [antmaze-large-diverse-v2] Training Epochs  36
2026-05-11 16:58:42.205866 CST | [antmaze-large-diverse-v2] AverageReturn     0
2026-05-11 16:58:42.205890 CST | [antmaze-large-diverse-v2] NormReturn        0
2026-05-11 16:58:42.205919 CST | [antmaze-large-diverse-v2] L_Act            20.5376
2026-05-11 16:58:42.205943 CST | [antmaze-large-diverse-v2] L_Crit            0.65978
2026-05-11 16:58:42.205966 CST | [antmaze-large-diverse-v2] Weight            0.57688
2026-05-11 16:58:42.205990 CST | [antmaze-large-diverse-v2] kl                1
2026-05-11 16:58:42.206014 CST | [antmaze-large-diverse-v2] ---------------  --------
2026-05-11 17:00:40.274585 CST | [antmaze-large-diverse-v2] ---------------  ---------
2026-05-11 17:00:40.274688 CST | [antmaze-large-diverse-v2] Training Epochs  37
2026-05-11 17:00:40.274719 CST | [antmaze-large-diverse-v2] AverageReturn     0
2026-05-11 17:00:40.274746 CST | [antmaze-large-diverse-v2] NormReturn        0
2026-05-11 17:00:40.274771 CST | [antmaze-large-diverse-v2] L_Act            20.6066
2026-05-11 17:00:40.274796 CST | [antmaze-large-diverse-v2] L_Crit            0.663329
2026-05-11 17:00:40.274822 CST | [antmaze-large-diverse-v2] Weight            0.575319
2026-05-11 17:00:40.274848 CST | [antmaze-large-diverse-v2] kl                1
2026-05-11 17:00:40.274873 CST | [antmaze-large-diverse-v2] ---------------  ---------
2026-05-11 17:02:38.461187 CST | [antmaze-large-diverse-v2] ---------------  ---------
2026-05-11 17:02:38.461291 CST | [antmaze-large-diverse-v2] Training Epochs  38
2026-05-11 17:02:38.461335 CST | [antmaze-large-diverse-v2] AverageReturn     0.1
2026-05-11 17:02:38.461361 CST | [antmaze-large-diverse-v2] NormReturn        0.1
2026-05-11 17:02:38.461386 CST | [antmaze-large-diverse-v2] L_Act            20.7345
2026-05-11 17:02:38.461411 CST | [antmaze-large-diverse-v2] L_Crit            0.66378
2026-05-11 17:02:38.461436 CST | [antmaze-large-diverse-v2] Weight            0.571532
2026-05-11 17:02:38.461461 CST | [antmaze-large-diverse-v2] kl                1
2026-05-11 17:02:38.461486 CST | [antmaze-large-diverse-v2] ---------------  ---------
2026-05-11 17:04:36.582279 CST | [antmaze-large-diverse-v2] ---------------  ---------
2026-05-11 17:04:36.582386 CST | [antmaze-large-diverse-v2] Training Epochs  39
2026-05-11 17:04:36.582417 CST | [antmaze-large-diverse-v2] AverageReturn     0
2026-05-11 17:04:36.582443 CST | [antmaze-large-diverse-v2] NormReturn        0
2026-05-11 17:04:36.582468 CST | [antmaze-large-diverse-v2] L_Act            20.7802
2026-05-11 17:04:36.582493 CST | [antmaze-large-diverse-v2] L_Crit            0.655432
2026-05-11 17:04:36.582518 CST | [antmaze-large-diverse-v2] Weight            0.573622
2026-05-11 17:04:36.582546 CST | [antmaze-large-diverse-v2] kl                1
2026-05-11 17:04:36.582570 CST | [antmaze-large-diverse-v2] ---------------  ---------
2026-05-11 17:06:34.683192 CST | [antmaze-large-diverse-v2] ---------------  ---------
2026-05-11 17:06:34.683298 CST | [antmaze-large-diverse-v2] Training Epochs  40
2026-05-11 17:06:34.683343 CST | [antmaze-large-diverse-v2] AverageReturn     0.1
2026-05-11 17:06:34.683369 CST | [antmaze-large-diverse-v2] NormReturn        0.1
2026-05-11 17:06:34.683394 CST | [antmaze-large-diverse-v2] L_Act            20.789
2026-05-11 17:06:34.683419 CST | [antmaze-large-diverse-v2] L_Crit            0.643034
2026-05-11 17:06:34.683444 CST | [antmaze-large-diverse-v2] Weight            0.574927
2026-05-11 17:06:34.683469 CST | [antmaze-large-diverse-v2] kl                1
2026-05-11 17:06:34.683493 CST | [antmaze-large-diverse-v2] ---------------  ---------
2026-05-11 17:08:33.495682 CST | [antmaze-large-diverse-v2] ---------------  ---------
2026-05-11 17:08:33.495799 CST | [antmaze-large-diverse-v2] Training Epochs  41
2026-05-11 17:08:33.495869 CST | [antmaze-large-diverse-v2] AverageReturn     0
2026-05-11 17:08:33.495939 CST | [antmaze-large-diverse-v2] NormReturn        0
2026-05-11 17:08:33.495985 CST | [antmaze-large-diverse-v2] L_Act            20.8371
2026-05-11 17:08:33.496018 CST | [antmaze-large-diverse-v2] L_Crit            0.643588
2026-05-11 17:08:33.496043 CST | [antmaze-large-diverse-v2] Weight            0.575596
2026-05-11 17:08:33.496068 CST | [antmaze-large-diverse-v2] kl                1
2026-05-11 17:08:33.496093 CST | [antmaze-large-diverse-v2] ---------------  ---------
2026-05-11 17:10:34.175741 CST | [antmaze-large-diverse-v2] ---------------  ---------
2026-05-11 17:10:34.175865 CST | [antmaze-large-diverse-v2] Training Epochs  42
2026-05-11 17:10:34.175918 CST | [antmaze-large-diverse-v2] AverageReturn     0
2026-05-11 17:10:34.175945 CST | [antmaze-large-diverse-v2] NormReturn        0
2026-05-11 17:10:34.175972 CST | [antmaze-large-diverse-v2] L_Act            20.8825
2026-05-11 17:10:34.175997 CST | [antmaze-large-diverse-v2] L_Crit            0.643256
2026-05-11 17:10:34.176022 CST | [antmaze-large-diverse-v2] Weight            0.574725
2026-05-11 17:10:34.176047 CST | [antmaze-large-diverse-v2] kl                1
2026-05-11 17:10:34.176072 CST | [antmaze-large-diverse-v2] ---------------  ---------
2026-05-11 17:12:30.771553 CST | [antmaze-large-diverse-v2] ---------------  ---------
2026-05-11 17:12:30.771655 CST | [antmaze-large-diverse-v2] Training Epochs  43
2026-05-11 17:12:30.771686 CST | [antmaze-large-diverse-v2] AverageReturn     0.2
2026-05-11 17:12:30.771712 CST | [antmaze-large-diverse-v2] NormReturn        0.2
2026-05-11 17:12:30.771737 CST | [antmaze-large-diverse-v2] L_Act            20.8664
2026-05-11 17:12:30.771762 CST | [antmaze-large-diverse-v2] L_Crit            0.632735
2026-05-11 17:12:30.771789 CST | [antmaze-large-diverse-v2] Weight            0.573734
2026-05-11 17:12:30.771814 CST | [antmaze-large-diverse-v2] kl                1
2026-05-11 17:12:30.771839 CST | [antmaze-large-diverse-v2] ---------------  ---------
2026-05-11 17:14:27.969118 CST | [antmaze-large-diverse-v2] ---------------  ---------
2026-05-11 17:14:27.969224 CST | [antmaze-large-diverse-v2] Training Epochs  44
2026-05-11 17:14:27.969255 CST | [antmaze-large-diverse-v2] AverageReturn     0.1
2026-05-11 17:14:27.969281 CST | [antmaze-large-diverse-v2] NormReturn        0.1
2026-05-11 17:14:27.969306 CST | [antmaze-large-diverse-v2] L_Act            20.9224
2026-05-11 17:14:27.969331 CST | [antmaze-large-diverse-v2] L_Crit            0.621571
2026-05-11 17:14:27.969356 CST | [antmaze-large-diverse-v2] Weight            0.571641
2026-05-11 17:14:27.969380 CST | [antmaze-large-diverse-v2] kl                1
2026-05-11 17:14:27.969411 CST | [antmaze-large-diverse-v2] ---------------  ---------
2026-05-11 17:16:26.370851 CST | [antmaze-large-diverse-v2] ---------------  ---------
2026-05-11 17:16:26.370959 CST | [antmaze-large-diverse-v2] Training Epochs  45
2026-05-11 17:16:26.370991 CST | [antmaze-large-diverse-v2] AverageReturn     0
2026-05-11 17:16:26.371017 CST | [antmaze-large-diverse-v2] NormReturn        0
2026-05-11 17:16:26.371044 CST | [antmaze-large-diverse-v2] L_Act            20.9271
2026-05-11 17:16:26.371074 CST | [antmaze-large-diverse-v2] L_Crit            0.621631
2026-05-11 17:16:26.371099 CST | [antmaze-large-diverse-v2] Weight            0.571872
2026-05-11 17:16:26.371124 CST | [antmaze-large-diverse-v2] kl                1
2026-05-11 17:16:26.371148 CST | [antmaze-large-diverse-v2] ---------------  ---------
2026-05-11 17:18:24.168301 CST | [antmaze-large-diverse-v2] ---------------  ---------
2026-05-11 17:18:24.168413 CST | [antmaze-large-diverse-v2] Training Epochs  46
2026-05-11 17:18:24.168467 CST | [antmaze-large-diverse-v2] AverageReturn     0
2026-05-11 17:18:24.168498 CST | [antmaze-large-diverse-v2] NormReturn        0
2026-05-11 17:18:24.168524 CST | [antmaze-large-diverse-v2] L_Act            20.9771
2026-05-11 17:18:24.168550 CST | [antmaze-large-diverse-v2] L_Crit            0.618768
2026-05-11 17:18:24.168575 CST | [antmaze-large-diverse-v2] Weight            0.568955
2026-05-11 17:18:24.168600 CST | [antmaze-large-diverse-v2] kl                1
2026-05-11 17:18:24.168625 CST | [antmaze-large-diverse-v2] ---------------  ---------
2026-05-11 17:20:22.276048 CST | [antmaze-large-diverse-v2] ---------------  ---------
2026-05-11 17:20:22.276148 CST | [antmaze-large-diverse-v2] Training Epochs  47
2026-05-11 17:20:22.276178 CST | [antmaze-large-diverse-v2] AverageReturn     0
2026-05-11 17:20:22.276204 CST | [antmaze-large-diverse-v2] NormReturn        0
2026-05-11 17:20:22.276232 CST | [antmaze-large-diverse-v2] L_Act            21.0158
2026-05-11 17:20:22.276258 CST | [antmaze-large-diverse-v2] L_Crit            0.630127
2026-05-11 17:20:22.276284 CST | [antmaze-large-diverse-v2] Weight            0.564299
2026-05-11 17:20:22.276309 CST | [antmaze-large-diverse-v2] kl                1
2026-05-11 17:20:22.276333 CST | [antmaze-large-diverse-v2] ---------------  ---------
2026-05-11 17:22:19.777804 CST | [antmaze-large-diverse-v2] ---------------  ---------
2026-05-11 17:22:19.777910 CST | [antmaze-large-diverse-v2] Training Epochs  48
2026-05-11 17:22:19.777941 CST | [antmaze-large-diverse-v2] AverageReturn     0.1
2026-05-11 17:22:19.777967 CST | [antmaze-large-diverse-v2] NormReturn        0.1
2026-05-11 17:22:19.777992 CST | [antmaze-large-diverse-v2] L_Act            21.0054
2026-05-11 17:22:19.778017 CST | [antmaze-large-diverse-v2] L_Crit            0.615344
2026-05-11 17:22:19.778041 CST | [antmaze-large-diverse-v2] Weight            0.566306
2026-05-11 17:22:19.778070 CST | [antmaze-large-diverse-v2] kl                1
2026-05-11 17:22:19.778094 CST | [antmaze-large-diverse-v2] ---------------  ---------
2026-05-11 17:24:18.218072 CST | [antmaze-large-diverse-v2] ---------------  ---------
2026-05-11 17:24:18.218177 CST | [antmaze-large-diverse-v2] Training Epochs  49
2026-05-11 17:24:18.218209 CST | [antmaze-large-diverse-v2] AverageReturn     0
2026-05-11 17:24:18.218236 CST | [antmaze-large-diverse-v2] NormReturn        0
2026-05-11 17:24:18.218262 CST | [antmaze-large-diverse-v2] L_Act            20.9346
2026-05-11 17:24:18.218287 CST | [antmaze-large-diverse-v2] L_Crit            0.60992
2026-05-11 17:24:18.218313 CST | [antmaze-large-diverse-v2] Weight            0.566271
2026-05-11 17:24:18.218338 CST | [antmaze-large-diverse-v2] kl                1
2026-05-11 17:24:18.218363 CST | [antmaze-large-diverse-v2] ---------------  ---------
2026-05-11 17:26:16.699082 CST | [antmaze-large-diverse-v2] ---------------  ---------
2026-05-11 17:26:16.699191 CST | [antmaze-large-diverse-v2] Training Epochs  50
2026-05-11 17:26:16.699221 CST | [antmaze-large-diverse-v2] AverageReturn     0
2026-05-11 17:26:16.699248 CST | [antmaze-large-diverse-v2] NormReturn        0
2026-05-11 17:26:16.699273 CST | [antmaze-large-diverse-v2] L_Act            21.0111
2026-05-11 17:26:16.699298 CST | [antmaze-large-diverse-v2] L_Crit            0.596062
2026-05-11 17:26:16.699323 CST | [antmaze-large-diverse-v2] Weight            0.562589
2026-05-11 17:26:16.699348 CST | [antmaze-large-diverse-v2] kl                1
2026-05-11 17:26:16.699372 CST | [antmaze-large-diverse-v2] ---------------  ---------
2026-05-11 17:28:14.779247 CST | [antmaze-large-diverse-v2] ---------------  ---------
2026-05-11 17:28:14.779354 CST | [antmaze-large-diverse-v2] Training Epochs  51
2026-05-11 17:28:14.779396 CST | [antmaze-large-diverse-v2] AverageReturn     0
2026-05-11 17:28:14.779423 CST | [antmaze-large-diverse-v2] NormReturn        0
2026-05-11 17:28:14.779448 CST | [antmaze-large-diverse-v2] L_Act            21.1146
2026-05-11 17:28:14.779474 CST | [antmaze-large-diverse-v2] L_Crit            0.597308
2026-05-11 17:28:14.779499 CST | [antmaze-large-diverse-v2] Weight            0.564366
2026-05-11 17:28:14.779524 CST | [antmaze-large-diverse-v2] kl                1
2026-05-11 17:28:14.779549 CST | [antmaze-large-diverse-v2] ---------------  ---------
2026-05-11 17:30:12.332567 CST | [antmaze-large-diverse-v2] ---------------  ---------
2026-05-11 17:30:12.332672 CST | [antmaze-large-diverse-v2] Training Epochs  52
2026-05-11 17:30:12.332712 CST | [antmaze-large-diverse-v2] AverageReturn     0
2026-05-11 17:30:12.332740 CST | [antmaze-large-diverse-v2] NormReturn        0
2026-05-11 17:30:12.332766 CST | [antmaze-large-diverse-v2] L_Act            21.1273
2026-05-11 17:30:12.332791 CST | [antmaze-large-diverse-v2] L_Crit            0.596599
2026-05-11 17:30:12.332815 CST | [antmaze-large-diverse-v2] Weight            0.564078
2026-05-11 17:30:12.332840 CST | [antmaze-large-diverse-v2] kl                1
2026-05-11 17:30:12.332865 CST | [antmaze-large-diverse-v2] ---------------  ---------
2026-05-11 17:32:09.792773 CST | [antmaze-large-diverse-v2] ---------------  ---------
2026-05-11 17:32:09.792874 CST | [antmaze-large-diverse-v2] Training Epochs  53
2026-05-11 17:32:09.792926 CST | [antmaze-large-diverse-v2] AverageReturn     0.1
2026-05-11 17:32:09.792953 CST | [antmaze-large-diverse-v2] NormReturn        0.1
2026-05-11 17:32:09.792979 CST | [antmaze-large-diverse-v2] L_Act            21.1619
2026-05-11 17:32:09.793005 CST | [antmaze-large-diverse-v2] L_Crit            0.58167
2026-05-11 17:32:09.793030 CST | [antmaze-large-diverse-v2] Weight            0.562088
2026-05-11 17:32:09.793055 CST | [antmaze-large-diverse-v2] kl                1
2026-05-11 17:32:09.793080 CST | [antmaze-large-diverse-v2] ---------------  ---------
2026-05-11 17:34:07.584990 CST | [antmaze-large-diverse-v2] ---------------  ---------
2026-05-11 17:34:07.585089 CST | [antmaze-large-diverse-v2] Training Epochs  54
2026-05-11 17:34:07.585119 CST | [antmaze-large-diverse-v2] AverageReturn     0
2026-05-11 17:34:07.585146 CST | [antmaze-large-diverse-v2] NormReturn        0
2026-05-11 17:34:07.585174 CST | [antmaze-large-diverse-v2] L_Act            21.2289
2026-05-11 17:34:07.585200 CST | [antmaze-large-diverse-v2] L_Crit            0.577042
2026-05-11 17:34:07.585225 CST | [antmaze-large-diverse-v2] Weight            0.561217
2026-05-11 17:34:07.585249 CST | [antmaze-large-diverse-v2] kl                1
2026-05-11 17:34:07.585274 CST | [antmaze-large-diverse-v2] ---------------  ---------
2026-05-11 17:36:06.322383 CST | [antmaze-large-diverse-v2] ---------------  ---------
2026-05-11 17:36:06.322487 CST | [antmaze-large-diverse-v2] Training Epochs  55
2026-05-11 17:36:06.322518 CST | [antmaze-large-diverse-v2] AverageReturn     0
2026-05-11 17:36:06.322545 CST | [antmaze-large-diverse-v2] NormReturn        0
2026-05-11 17:36:06.322570 CST | [antmaze-large-diverse-v2] L_Act            21.2285
2026-05-11 17:36:06.322594 CST | [antmaze-large-diverse-v2] L_Crit            0.573073
2026-05-11 17:36:06.322619 CST | [antmaze-large-diverse-v2] Weight            0.560288
2026-05-11 17:36:06.322644 CST | [antmaze-large-diverse-v2] kl                1
2026-05-11 17:36:06.322669 CST | [antmaze-large-diverse-v2] ---------------  ---------
2026-05-11 17:38:04.722623 CST | [antmaze-large-diverse-v2] ---------------  ---------
2026-05-11 17:38:04.722732 CST | [antmaze-large-diverse-v2] Training Epochs  56
2026-05-11 17:38:04.722765 CST | [antmaze-large-diverse-v2] AverageReturn     0
2026-05-11 17:38:04.722792 CST | [antmaze-large-diverse-v2] NormReturn        0
2026-05-11 17:38:04.722817 CST | [antmaze-large-diverse-v2] L_Act            21.1729
2026-05-11 17:38:04.722843 CST | [antmaze-large-diverse-v2] L_Crit            0.571187
2026-05-11 17:38:04.722869 CST | [antmaze-large-diverse-v2] Weight            0.561951
2026-05-11 17:38:04.722894 CST | [antmaze-large-diverse-v2] kl                1
2026-05-11 17:38:04.722920 CST | [antmaze-large-diverse-v2] ---------------  ---------
2026-05-11 17:40:03.239844 CST | [antmaze-large-diverse-v2] ---------------  ---------
2026-05-11 17:40:03.239972 CST | [antmaze-large-diverse-v2] Training Epochs  57
2026-05-11 17:40:03.240003 CST | [antmaze-large-diverse-v2] AverageReturn     0
2026-05-11 17:40:03.240030 CST | [antmaze-large-diverse-v2] NormReturn        0
2026-05-11 17:40:03.240055 CST | [antmaze-large-diverse-v2] L_Act            21.1583
2026-05-11 17:40:03.240080 CST | [antmaze-large-diverse-v2] L_Crit            0.576551
2026-05-11 17:40:03.240105 CST | [antmaze-large-diverse-v2] Weight            0.559833
2026-05-11 17:40:03.240130 CST | [antmaze-large-diverse-v2] kl                1
2026-05-11 17:40:03.240154 CST | [antmaze-large-diverse-v2] ---------------  ---------
2026-05-11 17:42:02.019813 CST | [antmaze-large-diverse-v2] ---------------  ---------
2026-05-11 17:42:02.019933 CST | [antmaze-large-diverse-v2] Training Epochs  58
2026-05-11 17:42:02.019965 CST | [antmaze-large-diverse-v2] AverageReturn     0
2026-05-11 17:42:02.019991 CST | [antmaze-large-diverse-v2] NormReturn        0
2026-05-11 17:42:02.020017 CST | [antmaze-large-diverse-v2] L_Act            21.1628
2026-05-11 17:42:02.020042 CST | [antmaze-large-diverse-v2] L_Crit            0.569884
2026-05-11 17:42:02.020067 CST | [antmaze-large-diverse-v2] Weight            0.562143
2026-05-11 17:42:02.020091 CST | [antmaze-large-diverse-v2] kl                1
2026-05-11 17:42:02.020116 CST | [antmaze-large-diverse-v2] ---------------  ---------
2026-05-11 17:43:59.128038 CST | [antmaze-large-diverse-v2] ---------------  ---------
2026-05-11 17:43:59.128141 CST | [antmaze-large-diverse-v2] Training Epochs  59
2026-05-11 17:43:59.128177 CST | [antmaze-large-diverse-v2] AverageReturn     0.2
2026-05-11 17:43:59.128203 CST | [antmaze-large-diverse-v2] NormReturn        0.2
2026-05-11 17:43:59.128228 CST | [antmaze-large-diverse-v2] L_Act            21.1512
2026-05-11 17:43:59.128253 CST | [antmaze-large-diverse-v2] L_Crit            0.570078
2026-05-11 17:43:59.128278 CST | [antmaze-large-diverse-v2] Weight            0.560626
2026-05-11 17:43:59.128303 CST | [antmaze-large-diverse-v2] kl                1
2026-05-11 17:43:59.128330 CST | [antmaze-large-diverse-v2] ---------------  ---------
2026-05-11 17:45:56.025852 CST | [antmaze-large-diverse-v2] ---------------  ---------
2026-05-11 17:45:56.025969 CST | [antmaze-large-diverse-v2] Training Epochs  60
2026-05-11 17:45:56.026000 CST | [antmaze-large-diverse-v2] AverageReturn     0.1
2026-05-11 17:45:56.026027 CST | [antmaze-large-diverse-v2] NormReturn        0.1
2026-05-11 17:45:56.026052 CST | [antmaze-large-diverse-v2] L_Act            21.1653
2026-05-11 17:45:56.026077 CST | [antmaze-large-diverse-v2] L_Crit            0.566992
2026-05-11 17:45:56.026102 CST | [antmaze-large-diverse-v2] Weight            0.559361
2026-05-11 17:45:56.026128 CST | [antmaze-large-diverse-v2] kl                1
2026-05-11 17:45:56.026152 CST | [antmaze-large-diverse-v2] ---------------  ---------
2026-05-11 17:47:53.843408 CST | [antmaze-large-diverse-v2] ---------------  ---------
2026-05-11 17:47:53.843511 CST | [antmaze-large-diverse-v2] Training Epochs  61
2026-05-11 17:47:53.843560 CST | [antmaze-large-diverse-v2] AverageReturn     0.1
2026-05-11 17:47:53.843586 CST | [antmaze-large-diverse-v2] NormReturn        0.1
2026-05-11 17:47:53.843612 CST | [antmaze-large-diverse-v2] L_Act            21.1474
2026-05-11 17:47:53.843638 CST | [antmaze-large-diverse-v2] L_Crit            0.563361
2026-05-11 17:47:53.843663 CST | [antmaze-large-diverse-v2] Weight            0.561147
2026-05-11 17:47:53.843687 CST | [antmaze-large-diverse-v2] kl                1
2026-05-11 17:47:53.843712 CST | [antmaze-large-diverse-v2] ---------------  ---------
2026-05-11 17:49:51.616384 CST | [antmaze-large-diverse-v2] ---------------  ---------
2026-05-11 17:49:51.616482 CST | [antmaze-large-diverse-v2] Training Epochs  62
2026-05-11 17:49:51.616517 CST | [antmaze-large-diverse-v2] AverageReturn     0.1
2026-05-11 17:49:51.616544 CST | [antmaze-large-diverse-v2] NormReturn        0.1
2026-05-11 17:49:51.616569 CST | [antmaze-large-diverse-v2] L_Act            21.1701
2026-05-11 17:49:51.616594 CST | [antmaze-large-diverse-v2] L_Crit            0.571065
2026-05-11 17:49:51.616619 CST | [antmaze-large-diverse-v2] Weight            0.557517
2026-05-11 17:49:51.616644 CST | [antmaze-large-diverse-v2] kl                1
2026-05-11 17:49:51.616669 CST | [antmaze-large-diverse-v2] ---------------  ---------
2026-05-11 17:51:48.573339 CST | [antmaze-large-diverse-v2] ---------------  ---------
2026-05-11 17:51:48.573441 CST | [antmaze-large-diverse-v2] Training Epochs  63
2026-05-11 17:51:48.573492 CST | [antmaze-large-diverse-v2] AverageReturn     0.2
2026-05-11 17:51:48.573520 CST | [antmaze-large-diverse-v2] NormReturn        0.2
2026-05-11 17:51:48.573547 CST | [antmaze-large-diverse-v2] L_Act            21.2555
2026-05-11 17:51:48.573576 CST | [antmaze-large-diverse-v2] L_Crit            0.572704
2026-05-11 17:51:48.573601 CST | [antmaze-large-diverse-v2] Weight            0.554346
2026-05-11 17:51:48.573626 CST | [antmaze-large-diverse-v2] kl                1
2026-05-11 17:51:48.573651 CST | [antmaze-large-diverse-v2] ---------------  ---------
2026-05-11 17:53:46.089268 CST | [antmaze-large-diverse-v2] ---------------  ---------
2026-05-11 17:53:46.089367 CST | [antmaze-large-diverse-v2] Training Epochs  64
2026-05-11 17:53:46.089409 CST | [antmaze-large-diverse-v2] AverageReturn     0.1
2026-05-11 17:53:46.089435 CST | [antmaze-large-diverse-v2] NormReturn        0.1
2026-05-11 17:53:46.089460 CST | [antmaze-large-diverse-v2] L_Act            21.331
2026-05-11 17:53:46.089485 CST | [antmaze-large-diverse-v2] L_Crit            0.578571
2026-05-11 17:53:46.089510 CST | [antmaze-large-diverse-v2] Weight            0.55575
2026-05-11 17:53:46.089535 CST | [antmaze-large-diverse-v2] kl                1
2026-05-11 17:53:46.089563 CST | [antmaze-large-diverse-v2] ---------------  ---------
2026-05-11 17:55:43.486606 CST | [antmaze-large-diverse-v2] ---------------  ---------
2026-05-11 17:55:43.486707 CST | [antmaze-large-diverse-v2] Training Epochs  65
2026-05-11 17:55:43.486739 CST | [antmaze-large-diverse-v2] AverageReturn     0.1
2026-05-11 17:55:43.486775 CST | [antmaze-large-diverse-v2] NormReturn        0.1
2026-05-11 17:55:43.486801 CST | [antmaze-large-diverse-v2] L_Act            21.3264
2026-05-11 17:55:43.486826 CST | [antmaze-large-diverse-v2] L_Crit            0.570735
2026-05-11 17:55:43.486851 CST | [antmaze-large-diverse-v2] Weight            0.551601
2026-05-11 17:55:43.486876 CST | [antmaze-large-diverse-v2] kl                1
2026-05-11 17:55:43.486901 CST | [antmaze-large-diverse-v2] ---------------  ---------
2026-05-11 17:57:41.920467 CST | [antmaze-large-diverse-v2] ---------------  ---------
2026-05-11 17:57:41.920570 CST | [antmaze-large-diverse-v2] Training Epochs  66
2026-05-11 17:57:41.920612 CST | [antmaze-large-diverse-v2] AverageReturn     0
2026-05-11 17:57:41.920639 CST | [antmaze-large-diverse-v2] NormReturn        0
2026-05-11 17:57:41.920665 CST | [antmaze-large-diverse-v2] L_Act            21.3787
2026-05-11 17:57:41.920690 CST | [antmaze-large-diverse-v2] L_Crit            0.561467
2026-05-11 17:57:41.920716 CST | [antmaze-large-diverse-v2] Weight            0.551836
2026-05-11 17:57:41.920741 CST | [antmaze-large-diverse-v2] kl                1
2026-05-11 17:57:41.920765 CST | [antmaze-large-diverse-v2] ---------------  ---------
2026-05-11 17:59:40.787628 CST | [antmaze-large-diverse-v2] ---------------  ---------
2026-05-11 17:59:40.787735 CST | [antmaze-large-diverse-v2] Training Epochs  67
2026-05-11 17:59:40.787792 CST | [antmaze-large-diverse-v2] AverageReturn     0
2026-05-11 17:59:40.787819 CST | [antmaze-large-diverse-v2] NormReturn        0
2026-05-11 17:59:40.787844 CST | [antmaze-large-diverse-v2] L_Act            21.3119
2026-05-11 17:59:40.787869 CST | [antmaze-large-diverse-v2] L_Crit            0.55745
2026-05-11 17:59:40.787896 CST | [antmaze-large-diverse-v2] Weight            0.552078
2026-05-11 17:59:40.787928 CST | [antmaze-large-diverse-v2] kl                1
2026-05-11 17:59:40.787952 CST | [antmaze-large-diverse-v2] ---------------  ---------
2026-05-11 18:01:38.634407 CST | [antmaze-large-diverse-v2] ---------------  ---------
2026-05-11 18:01:38.634508 CST | [antmaze-large-diverse-v2] Training Epochs  68
2026-05-11 18:01:38.634558 CST | [antmaze-large-diverse-v2] AverageReturn     0.1
2026-05-11 18:01:38.634585 CST | [antmaze-large-diverse-v2] NormReturn        0.1
2026-05-11 18:01:38.634610 CST | [antmaze-large-diverse-v2] L_Act            21.263
2026-05-11 18:01:38.634635 CST | [antmaze-large-diverse-v2] L_Crit            0.554409
2026-05-11 18:01:38.634660 CST | [antmaze-large-diverse-v2] Weight            0.552183
2026-05-11 18:01:38.634685 CST | [antmaze-large-diverse-v2] kl                1
2026-05-11 18:01:38.634710 CST | [antmaze-large-diverse-v2] ---------------  ---------
2026-05-11 18:03:35.491971 CST | [antmaze-large-diverse-v2] ---------------  ---------
2026-05-11 18:03:35.492106 CST | [antmaze-large-diverse-v2] Training Epochs  69
2026-05-11 18:03:35.492172 CST | [antmaze-large-diverse-v2] AverageReturn     0.2
2026-05-11 18:03:35.492217 CST | [antmaze-large-diverse-v2] NormReturn        0.2
2026-05-11 18:03:35.492262 CST | [antmaze-large-diverse-v2] L_Act            21.2169
2026-05-11 18:03:35.492308 CST | [antmaze-large-diverse-v2] L_Crit            0.557662
2026-05-11 18:03:35.492354 CST | [antmaze-large-diverse-v2] Weight            0.55143
2026-05-11 18:03:35.492400 CST | [antmaze-large-diverse-v2] kl                1
2026-05-11 18:03:35.492444 CST | [antmaze-large-diverse-v2] ---------------  ---------
2026-05-11 18:05:33.980676 CST | [antmaze-large-diverse-v2] ---------------  ---------
2026-05-11 18:05:33.980784 CST | [antmaze-large-diverse-v2] Training Epochs  70
2026-05-11 18:05:33.980815 CST | [antmaze-large-diverse-v2] AverageReturn     0.1
2026-05-11 18:05:33.980842 CST | [antmaze-large-diverse-v2] NormReturn        0.1
2026-05-11 18:05:33.980867 CST | [antmaze-large-diverse-v2] L_Act            21.2702
2026-05-11 18:05:33.980892 CST | [antmaze-large-diverse-v2] L_Crit            0.559109
2026-05-11 18:05:33.980916 CST | [antmaze-large-diverse-v2] Weight            0.547892
2026-05-11 18:05:33.980943 CST | [antmaze-large-diverse-v2] kl                1
2026-05-11 18:05:33.980968 CST | [antmaze-large-diverse-v2] ---------------  ---------
2026-05-11 18:07:32.447476 CST | [antmaze-large-diverse-v2] ---------------  ---------
2026-05-11 18:07:32.447586 CST | [antmaze-large-diverse-v2] Training Epochs  71
2026-05-11 18:07:32.447618 CST | [antmaze-large-diverse-v2] AverageReturn     0
2026-05-11 18:07:32.447645 CST | [antmaze-large-diverse-v2] NormReturn        0
2026-05-11 18:07:32.447670 CST | [antmaze-large-diverse-v2] L_Act            21.2512
2026-05-11 18:07:32.447695 CST | [antmaze-large-diverse-v2] L_Crit            0.558448
2026-05-11 18:07:32.447720 CST | [antmaze-large-diverse-v2] Weight            0.548361
2026-05-11 18:07:32.447745 CST | [antmaze-large-diverse-v2] kl                1
2026-05-11 18:07:32.447770 CST | [antmaze-large-diverse-v2] ---------------  ---------
2026-05-11 18:09:27.071632 CST | [antmaze-large-diverse-v2] ---------------  ---------
2026-05-11 18:09:27.071733 CST | [antmaze-large-diverse-v2] Training Epochs  72
2026-05-11 18:09:27.071765 CST | [antmaze-large-diverse-v2] AverageReturn     0.5
2026-05-11 18:09:27.071792 CST | [antmaze-large-diverse-v2] NormReturn        0.5
2026-05-11 18:09:27.071818 CST | [antmaze-large-diverse-v2] L_Act            21.294
2026-05-11 18:09:27.071846 CST | [antmaze-large-diverse-v2] L_Crit            0.551476
2026-05-11 18:09:27.071869 CST | [antmaze-large-diverse-v2] Weight            0.550201
2026-05-11 18:09:27.071893 CST | [antmaze-large-diverse-v2] kl                1
2026-05-11 18:09:27.071922 CST | [antmaze-large-diverse-v2] ---------------  ---------
2026-05-11 18:11:23.828303 CST | [antmaze-large-diverse-v2] ---------------  ---------
2026-05-11 18:11:23.828444 CST | [antmaze-large-diverse-v2] Training Epochs  73
2026-05-11 18:11:23.828475 CST | [antmaze-large-diverse-v2] AverageReturn     0.3
2026-05-11 18:11:23.828503 CST | [antmaze-large-diverse-v2] NormReturn        0.3
2026-05-11 18:11:23.828529 CST | [antmaze-large-diverse-v2] L_Act            21.207
2026-05-11 18:11:23.828555 CST | [antmaze-large-diverse-v2] L_Crit            0.563444
2026-05-11 18:11:23.828580 CST | [antmaze-large-diverse-v2] Weight            0.54886
2026-05-11 18:11:23.828606 CST | [antmaze-large-diverse-v2] kl                1
2026-05-11 18:11:23.828631 CST | [antmaze-large-diverse-v2] ---------------  ---------
2026-05-11 18:13:20.055773 CST | [antmaze-large-diverse-v2] ---------------  ---------
2026-05-11 18:13:20.055882 CST | [antmaze-large-diverse-v2] Training Epochs  74
2026-05-11 18:13:20.055917 CST | [antmaze-large-diverse-v2] AverageReturn     0.3
2026-05-11 18:13:20.055943 CST | [antmaze-large-diverse-v2] NormReturn        0.3
2026-05-11 18:13:20.055991 CST | [antmaze-large-diverse-v2] L_Act            21.2833
2026-05-11 18:13:20.056016 CST | [antmaze-large-diverse-v2] L_Crit            0.560828
2026-05-11 18:13:20.056041 CST | [antmaze-large-diverse-v2] Weight            0.546865
2026-05-11 18:13:20.056065 CST | [antmaze-large-diverse-v2] kl                1
2026-05-11 18:13:20.056090 CST | [antmaze-large-diverse-v2] ---------------  ---------
2026-05-11 18:15:17.386187 CST | [antmaze-large-diverse-v2] ---------------  ---------
2026-05-11 18:15:17.386297 CST | [antmaze-large-diverse-v2] Training Epochs  75
2026-05-11 18:15:17.386328 CST | [antmaze-large-diverse-v2] AverageReturn     0.3
2026-05-11 18:15:17.386355 CST | [antmaze-large-diverse-v2] NormReturn        0.3
2026-05-11 18:15:17.386380 CST | [antmaze-large-diverse-v2] L_Act            21.2735
2026-05-11 18:15:17.386405 CST | [antmaze-large-diverse-v2] L_Crit            0.560951
2026-05-11 18:15:17.386431 CST | [antmaze-large-diverse-v2] Weight            0.549326
2026-05-11 18:15:17.386455 CST | [antmaze-large-diverse-v2] kl                1
2026-05-11 18:15:17.386480 CST | [antmaze-large-diverse-v2] ---------------  ---------
2026-05-11 18:17:14.707364 CST | [antmaze-large-diverse-v2] ---------------  ---------
2026-05-11 18:17:14.707471 CST | [antmaze-large-diverse-v2] Training Epochs  76
2026-05-11 18:17:14.707520 CST | [antmaze-large-diverse-v2] AverageReturn     0.2
2026-05-11 18:17:14.707547 CST | [antmaze-large-diverse-v2] NormReturn        0.2
2026-05-11 18:17:14.707572 CST | [antmaze-large-diverse-v2] L_Act            21.2878
2026-05-11 18:17:14.707597 CST | [antmaze-large-diverse-v2] L_Crit            0.560732
2026-05-11 18:17:14.707622 CST | [antmaze-large-diverse-v2] Weight            0.548061
2026-05-11 18:17:14.707646 CST | [antmaze-large-diverse-v2] kl                1
2026-05-11 18:17:14.707671 CST | [antmaze-large-diverse-v2] ---------------  ---------
2026-05-11 18:19:11.249443 CST | [antmaze-large-diverse-v2] ---------------  ---------
2026-05-11 18:19:11.249578 CST | [antmaze-large-diverse-v2] Training Epochs  77
2026-05-11 18:19:11.249608 CST | [antmaze-large-diverse-v2] AverageReturn     0.3
2026-05-11 18:19:11.249634 CST | [antmaze-large-diverse-v2] NormReturn        0.3
2026-05-11 18:19:11.249659 CST | [antmaze-large-diverse-v2] L_Act            21.302
2026-05-11 18:19:11.249684 CST | [antmaze-large-diverse-v2] L_Crit            0.551823
2026-05-11 18:19:11.249708 CST | [antmaze-large-diverse-v2] Weight            0.549404
2026-05-11 18:19:11.249733 CST | [antmaze-large-diverse-v2] kl                1
2026-05-11 18:19:11.249758 CST | [antmaze-large-diverse-v2] ---------------  ---------
2026-05-11 18:21:09.926451 CST | [antmaze-large-diverse-v2] ---------------  ---------
2026-05-11 18:21:09.926541 CST | [antmaze-large-diverse-v2] Training Epochs  78
2026-05-11 18:21:09.926596 CST | [antmaze-large-diverse-v2] AverageReturn     0.1
2026-05-11 18:21:09.926622 CST | [antmaze-large-diverse-v2] NormReturn        0.1
2026-05-11 18:21:09.926647 CST | [antmaze-large-diverse-v2] L_Act            21.2828
2026-05-11 18:21:09.926672 CST | [antmaze-large-diverse-v2] L_Crit            0.554235
2026-05-11 18:21:09.926698 CST | [antmaze-large-diverse-v2] Weight            0.551563
2026-05-11 18:21:09.926723 CST | [antmaze-large-diverse-v2] kl                1
2026-05-11 18:21:09.926747 CST | [antmaze-large-diverse-v2] ---------------  ---------
2026-05-11 18:23:04.883211 CST | [antmaze-large-diverse-v2] ---------------  ---------
2026-05-11 18:23:04.883309 CST | [antmaze-large-diverse-v2] Training Epochs  79
2026-05-11 18:23:04.883340 CST | [antmaze-large-diverse-v2] AverageReturn     0.4
2026-05-11 18:23:04.883370 CST | [antmaze-large-diverse-v2] NormReturn        0.4
2026-05-11 18:23:04.883395 CST | [antmaze-large-diverse-v2] L_Act            21.2923
2026-05-11 18:23:04.883420 CST | [antmaze-large-diverse-v2] L_Crit            0.548738
2026-05-11 18:23:04.883447 CST | [antmaze-large-diverse-v2] Weight            0.549372
2026-05-11 18:23:04.883472 CST | [antmaze-large-diverse-v2] kl                1
2026-05-11 18:23:04.883497 CST | [antmaze-large-diverse-v2] ---------------  ---------
2026-05-11 18:24:56.995987 CST | [antmaze-large-diverse-v2] ---------------  ---------
2026-05-11 18:24:56.996086 CST | [antmaze-large-diverse-v2] Training Epochs  80
2026-05-11 18:24:56.996136 CST | [antmaze-large-diverse-v2] AverageReturn     0.7
2026-05-11 18:24:56.996162 CST | [antmaze-large-diverse-v2] NormReturn        0.7
2026-05-11 18:24:56.996187 CST | [antmaze-large-diverse-v2] L_Act            21.2787
2026-05-11 18:24:56.996216 CST | [antmaze-large-diverse-v2] L_Crit            0.552235
2026-05-11 18:24:56.996241 CST | [antmaze-large-diverse-v2] Weight            0.550962
2026-05-11 18:24:56.996266 CST | [antmaze-large-diverse-v2] kl                1
2026-05-11 18:24:56.996290 CST | [antmaze-large-diverse-v2] ---------------  ---------
2026-05-11 18:26:51.302065 CST | [antmaze-large-diverse-v2] ---------------  ---------
2026-05-11 18:26:51.302165 CST | [antmaze-large-diverse-v2] Training Epochs  81
2026-05-11 18:26:51.302197 CST | [antmaze-large-diverse-v2] AverageReturn     0.5
2026-05-11 18:26:51.302223 CST | [antmaze-large-diverse-v2] NormReturn        0.5
2026-05-11 18:26:51.302248 CST | [antmaze-large-diverse-v2] L_Act            21.234
2026-05-11 18:26:51.302276 CST | [antmaze-large-diverse-v2] L_Crit            0.549035
2026-05-11 18:26:51.302301 CST | [antmaze-large-diverse-v2] Weight            0.550431
2026-05-11 18:26:51.302328 CST | [antmaze-large-diverse-v2] kl                1
2026-05-11 18:26:51.302353 CST | [antmaze-large-diverse-v2] ---------------  ---------
2026-05-11 18:28:44.702540 CST | [antmaze-large-diverse-v2] ---------------  ---------
2026-05-11 18:28:44.702645 CST | [antmaze-large-diverse-v2] Training Epochs  82
2026-05-11 18:28:44.702677 CST | [antmaze-large-diverse-v2] AverageReturn     0.6
2026-05-11 18:28:44.702704 CST | [antmaze-large-diverse-v2] NormReturn        0.6
2026-05-11 18:28:44.702729 CST | [antmaze-large-diverse-v2] L_Act            21.2814
2026-05-11 18:28:44.702754 CST | [antmaze-large-diverse-v2] L_Crit            0.553284
2026-05-11 18:28:44.702778 CST | [antmaze-large-diverse-v2] Weight            0.547378
2026-05-11 18:28:44.702803 CST | [antmaze-large-diverse-v2] kl                1
2026-05-11 18:28:44.702827 CST | [antmaze-large-diverse-v2] ---------------  ---------
2026-05-11 18:30:40.610580 CST | [antmaze-large-diverse-v2] ---------------  ---------
2026-05-11 18:30:40.610685 CST | [antmaze-large-diverse-v2] Training Epochs  83
2026-05-11 18:30:40.610739 CST | [antmaze-large-diverse-v2] AverageReturn     0.3
2026-05-11 18:30:40.610767 CST | [antmaze-large-diverse-v2] NormReturn        0.3
2026-05-11 18:30:40.610793 CST | [antmaze-large-diverse-v2] L_Act            21.364
2026-05-11 18:30:40.610818 CST | [antmaze-large-diverse-v2] L_Crit            0.550218
2026-05-11 18:30:40.610843 CST | [antmaze-large-diverse-v2] Weight            0.548802
2026-05-11 18:30:40.610868 CST | [antmaze-large-diverse-v2] kl                1
2026-05-11 18:30:40.610893 CST | [antmaze-large-diverse-v2] ---------------  ---------
2026-05-11 18:32:34.868567 CST | [antmaze-large-diverse-v2] ---------------  ---------
2026-05-11 18:32:34.868681 CST | [antmaze-large-diverse-v2] Training Epochs  84
2026-05-11 18:32:34.868730 CST | [antmaze-large-diverse-v2] AverageReturn     0.5
2026-05-11 18:32:34.868758 CST | [antmaze-large-diverse-v2] NormReturn        0.5
2026-05-11 18:32:34.868783 CST | [antmaze-large-diverse-v2] L_Act            21.4035
2026-05-11 18:32:34.868808 CST | [antmaze-large-diverse-v2] L_Crit            0.543016
2026-05-11 18:32:34.868833 CST | [antmaze-large-diverse-v2] Weight            0.545848
2026-05-11 18:32:34.868858 CST | [antmaze-large-diverse-v2] kl                1
2026-05-11 18:32:34.868882 CST | [antmaze-large-diverse-v2] ---------------  ---------
2026-05-11 18:34:30.191919 CST | [antmaze-large-diverse-v2] ---------------  --------
2026-05-11 18:34:30.192029 CST | [antmaze-large-diverse-v2] Training Epochs  85
2026-05-11 18:34:30.192060 CST | [antmaze-large-diverse-v2] AverageReturn     0.4
2026-05-11 18:34:30.192087 CST | [antmaze-large-diverse-v2] NormReturn        0.4
2026-05-11 18:34:30.192113 CST | [antmaze-large-diverse-v2] L_Act            21.429
2026-05-11 18:34:30.192136 CST | [antmaze-large-diverse-v2] L_Crit            0.53804
2026-05-11 18:34:30.192160 CST | [antmaze-large-diverse-v2] Weight            0.54617
2026-05-11 18:34:30.192184 CST | [antmaze-large-diverse-v2] kl                1
2026-05-11 18:34:30.192210 CST | [antmaze-large-diverse-v2] ---------------  --------
2026-05-11 18:36:23.342813 CST | [antmaze-large-diverse-v2] ---------------  ---------
2026-05-11 18:36:23.342944 CST | [antmaze-large-diverse-v2] Training Epochs  86
2026-05-11 18:36:23.342974 CST | [antmaze-large-diverse-v2] AverageReturn     0.6
2026-05-11 18:36:23.343000 CST | [antmaze-large-diverse-v2] NormReturn        0.6
2026-05-11 18:36:23.343025 CST | [antmaze-large-diverse-v2] L_Act            21.4186
2026-05-11 18:36:23.343050 CST | [antmaze-large-diverse-v2] L_Crit            0.5411
2026-05-11 18:36:23.343075 CST | [antmaze-large-diverse-v2] Weight            0.547607
2026-05-11 18:36:23.343110 CST | [antmaze-large-diverse-v2] kl                1
2026-05-11 18:36:23.343136 CST | [antmaze-large-diverse-v2] ---------------  ---------
2026-05-11 18:38:17.854379 CST | [antmaze-large-diverse-v2] ---------------  ---------
2026-05-11 18:38:17.854504 CST | [antmaze-large-diverse-v2] Training Epochs  87
2026-05-11 18:38:17.854535 CST | [antmaze-large-diverse-v2] AverageReturn     0.4
2026-05-11 18:38:17.854566 CST | [antmaze-large-diverse-v2] NormReturn        0.4
2026-05-11 18:38:17.854591 CST | [antmaze-large-diverse-v2] L_Act            21.3882
2026-05-11 18:38:17.854616 CST | [antmaze-large-diverse-v2] L_Crit            0.539016
2026-05-11 18:38:17.854641 CST | [antmaze-large-diverse-v2] Weight            0.548273
2026-05-11 18:38:17.854667 CST | [antmaze-large-diverse-v2] kl                1
2026-05-11 18:38:17.854692 CST | [antmaze-large-diverse-v2] ---------------  ---------
2026-05-11 18:40:11.251197 CST | [antmaze-large-diverse-v2] ---------------  ---------
2026-05-11 18:40:11.251307 CST | [antmaze-large-diverse-v2] Training Epochs  88
2026-05-11 18:40:11.251343 CST | [antmaze-large-diverse-v2] AverageReturn     0.6
2026-05-11 18:40:11.251369 CST | [antmaze-large-diverse-v2] NormReturn        0.6
2026-05-11 18:40:11.251394 CST | [antmaze-large-diverse-v2] L_Act            21.3476
2026-05-11 18:40:11.251419 CST | [antmaze-large-diverse-v2] L_Crit            0.542175
2026-05-11 18:40:11.251444 CST | [antmaze-large-diverse-v2] Weight            0.54977
2026-05-11 18:40:11.251468 CST | [antmaze-large-diverse-v2] kl                1
2026-05-11 18:40:11.251493 CST | [antmaze-large-diverse-v2] ---------------  ---------
2026-05-11 18:42:04.506982 CST | [antmaze-large-diverse-v2] ---------------  ---------
2026-05-11 18:42:04.507068 CST | [antmaze-large-diverse-v2] Training Epochs  89
2026-05-11 18:42:04.507099 CST | [antmaze-large-diverse-v2] AverageReturn     0.6
2026-05-11 18:42:04.507125 CST | [antmaze-large-diverse-v2] NormReturn        0.6
2026-05-11 18:42:04.507150 CST | [antmaze-large-diverse-v2] L_Act            21.2673
2026-05-11 18:42:04.507175 CST | [antmaze-large-diverse-v2] L_Crit            0.533453
2026-05-11 18:42:04.507200 CST | [antmaze-large-diverse-v2] Weight            0.550207
2026-05-11 18:42:04.507224 CST | [antmaze-large-diverse-v2] kl                1
2026-05-11 18:42:04.507249 CST | [antmaze-large-diverse-v2] ---------------  ---------
2026-05-11 18:44:00.280496 CST | [antmaze-large-diverse-v2] ---------------  ---------
2026-05-11 18:44:00.280596 CST | [antmaze-large-diverse-v2] Training Epochs  90
2026-05-11 18:44:00.280629 CST | [antmaze-large-diverse-v2] AverageReturn     0.4
2026-05-11 18:44:00.280654 CST | [antmaze-large-diverse-v2] NormReturn        0.4
2026-05-11 18:44:00.280678 CST | [antmaze-large-diverse-v2] L_Act            21.2569
2026-05-11 18:44:00.280702 CST | [antmaze-large-diverse-v2] L_Crit            0.534185
2026-05-11 18:44:00.280726 CST | [antmaze-large-diverse-v2] Weight            0.549464
2026-05-11 18:44:00.280749 CST | [antmaze-large-diverse-v2] kl                1
2026-05-11 18:44:00.280773 CST | [antmaze-large-diverse-v2] ---------------  ---------
2026-05-11 18:45:58.495628 CST | [antmaze-large-diverse-v2] ---------------  ---------
2026-05-11 18:45:58.495732 CST | [antmaze-large-diverse-v2] Training Epochs  91
2026-05-11 18:45:58.495762 CST | [antmaze-large-diverse-v2] AverageReturn     0.2
2026-05-11 18:45:58.495788 CST | [antmaze-large-diverse-v2] NormReturn        0.2
2026-05-11 18:45:58.495813 CST | [antmaze-large-diverse-v2] L_Act            21.3103
2026-05-11 18:45:58.495838 CST | [antmaze-large-diverse-v2] L_Crit            0.531864
2026-05-11 18:45:58.495863 CST | [antmaze-large-diverse-v2] Weight            0.544739
2026-05-11 18:45:58.495888 CST | [antmaze-large-diverse-v2] kl                1
2026-05-11 18:45:58.495918 CST | [antmaze-large-diverse-v2] ---------------  ---------
2026-05-11 18:47:52.061236 CST | [antmaze-large-diverse-v2] ---------------  ---------
2026-05-11 18:47:52.061344 CST | [antmaze-large-diverse-v2] Training Epochs  92
2026-05-11 18:47:52.061374 CST | [antmaze-large-diverse-v2] AverageReturn     0.7
2026-05-11 18:47:52.061400 CST | [antmaze-large-diverse-v2] NormReturn        0.7
2026-05-11 18:47:52.061427 CST | [antmaze-large-diverse-v2] L_Act            21.3566
2026-05-11 18:47:52.061452 CST | [antmaze-large-diverse-v2] L_Crit            0.530406
2026-05-11 18:47:52.061477 CST | [antmaze-large-diverse-v2] Weight            0.546051
2026-05-11 18:47:52.061501 CST | [antmaze-large-diverse-v2] kl                1
2026-05-11 18:47:52.061526 CST | [antmaze-large-diverse-v2] ---------------  ---------
2026-05-11 18:49:46.512090 CST | [antmaze-large-diverse-v2] ---------------  ---------
2026-05-11 18:49:46.512211 CST | [antmaze-large-diverse-v2] Training Epochs  93
2026-05-11 18:49:46.512267 CST | [antmaze-large-diverse-v2] AverageReturn     0.5
2026-05-11 18:49:46.512293 CST | [antmaze-large-diverse-v2] NormReturn        0.5
2026-05-11 18:49:46.512319 CST | [antmaze-large-diverse-v2] L_Act            21.3406
2026-05-11 18:49:46.512343 CST | [antmaze-large-diverse-v2] L_Crit            0.528925
2026-05-11 18:49:46.512368 CST | [antmaze-large-diverse-v2] Weight            0.546619
2026-05-11 18:49:46.512394 CST | [antmaze-large-diverse-v2] kl                1
2026-05-11 18:49:46.512418 CST | [antmaze-large-diverse-v2] ---------------  ---------
2026-05-11 18:51:41.378886 CST | [antmaze-large-diverse-v2] ---------------  ---------
2026-05-11 18:51:41.379021 CST | [antmaze-large-diverse-v2] Training Epochs  94
2026-05-11 18:51:41.379055 CST | [antmaze-large-diverse-v2] AverageReturn     0.5
2026-05-11 18:51:41.379083 CST | [antmaze-large-diverse-v2] NormReturn        0.5
2026-05-11 18:51:41.379109 CST | [antmaze-large-diverse-v2] L_Act            21.3606
2026-05-11 18:51:41.379135 CST | [antmaze-large-diverse-v2] L_Crit            0.524927
2026-05-11 18:51:41.379162 CST | [antmaze-large-diverse-v2] Weight            0.54683
2026-05-11 18:51:41.379187 CST | [antmaze-large-diverse-v2] kl                1
2026-05-11 18:51:41.379212 CST | [antmaze-large-diverse-v2] ---------------  ---------
2026-05-11 18:53:37.626171 CST | [antmaze-large-diverse-v2] ---------------  ---------
2026-05-11 18:53:37.626275 CST | [antmaze-large-diverse-v2] Training Epochs  95
2026-05-11 18:53:37.626306 CST | [antmaze-large-diverse-v2] AverageReturn     0.3
2026-05-11 18:53:37.626333 CST | [antmaze-large-diverse-v2] NormReturn        0.3
2026-05-11 18:53:37.626359 CST | [antmaze-large-diverse-v2] L_Act            21.3555
2026-05-11 18:53:37.626384 CST | [antmaze-large-diverse-v2] L_Crit            0.523667
2026-05-11 18:53:37.626409 CST | [antmaze-large-diverse-v2] Weight            0.544649
2026-05-11 18:53:37.626435 CST | [antmaze-large-diverse-v2] kl                1
2026-05-11 18:53:37.626460 CST | [antmaze-large-diverse-v2] ---------------  ---------
2026-05-11 18:55:34.887233 CST | [antmaze-large-diverse-v2] ---------------  ---------
2026-05-11 18:55:34.887338 CST | [antmaze-large-diverse-v2] Training Epochs  96
2026-05-11 18:55:34.887368 CST | [antmaze-large-diverse-v2] AverageReturn     0.3
2026-05-11 18:55:34.887395 CST | [antmaze-large-diverse-v2] NormReturn        0.3
2026-05-11 18:55:34.887420 CST | [antmaze-large-diverse-v2] L_Act            21.3904
2026-05-11 18:55:34.887445 CST | [antmaze-large-diverse-v2] L_Crit            0.528533
2026-05-11 18:55:34.887470 CST | [antmaze-large-diverse-v2] Weight            0.543521
2026-05-11 18:55:34.887495 CST | [antmaze-large-diverse-v2] kl                1
2026-05-11 18:55:34.887519 CST | [antmaze-large-diverse-v2] ---------------  ---------
2026-05-11 18:57:31.626905 CST | [antmaze-large-diverse-v2] ---------------  ---------
2026-05-11 18:57:31.626992 CST | [antmaze-large-diverse-v2] Training Epochs  97
2026-05-11 18:57:31.627045 CST | [antmaze-large-diverse-v2] AverageReturn     0.2
2026-05-11 18:57:31.627072 CST | [antmaze-large-diverse-v2] NormReturn        0.2
2026-05-11 18:57:31.627097 CST | [antmaze-large-diverse-v2] L_Act            21.3883
2026-05-11 18:57:31.627122 CST | [antmaze-large-diverse-v2] L_Crit            0.524272
2026-05-11 18:57:31.627146 CST | [antmaze-large-diverse-v2] Weight            0.545518
2026-05-11 18:57:31.627173 CST | [antmaze-large-diverse-v2] kl                1
2026-05-11 18:57:31.627198 CST | [antmaze-large-diverse-v2] ---------------  ---------
2026-05-11 18:59:24.417149 CST | [antmaze-large-diverse-v2] ---------------  ---------
2026-05-11 18:59:24.417248 CST | [antmaze-large-diverse-v2] Training Epochs  98
2026-05-11 18:59:24.417294 CST | [antmaze-large-diverse-v2] AverageReturn     0.6
2026-05-11 18:59:24.417326 CST | [antmaze-large-diverse-v2] NormReturn        0.6
2026-05-11 18:59:24.417351 CST | [antmaze-large-diverse-v2] L_Act            21.3573
2026-05-11 18:59:24.417377 CST | [antmaze-large-diverse-v2] L_Crit            0.520932
2026-05-11 18:59:24.417402 CST | [antmaze-large-diverse-v2] Weight            0.544174
2026-05-11 18:59:24.417427 CST | [antmaze-large-diverse-v2] kl                1
2026-05-11 18:59:24.417452 CST | [antmaze-large-diverse-v2] ---------------  ---------
2026-05-11 19:01:21.598367 CST | [antmaze-large-diverse-v2] ---------------  ---------
2026-05-11 19:01:21.598469 CST | [antmaze-large-diverse-v2] Training Epochs  99
2026-05-11 19:01:21.598518 CST | [antmaze-large-diverse-v2] AverageReturn     0.1
2026-05-11 19:01:21.598544 CST | [antmaze-large-diverse-v2] NormReturn        0.1
2026-05-11 19:01:21.598569 CST | [antmaze-large-diverse-v2] L_Act            21.4312
2026-05-11 19:01:21.598595 CST | [antmaze-large-diverse-v2] L_Crit            0.523476
2026-05-11 19:01:21.598620 CST | [antmaze-large-diverse-v2] Weight            0.543374
2026-05-11 19:01:21.598647 CST | [antmaze-large-diverse-v2] kl                1
2026-05-11 19:01:21.598671 CST | [antmaze-large-diverse-v2] ---------------  ---------
2026-05-11 19:03:15.337583 CST | [antmaze-large-diverse-v2] ---------------  ----------
2026-05-11 19:03:15.337691 CST | [antmaze-large-diverse-v2] Training Epochs  100
2026-05-11 19:03:15.337739 CST | [antmaze-large-diverse-v2] AverageReturn      0.5
2026-05-11 19:03:15.337765 CST | [antmaze-large-diverse-v2] NormReturn         0.5
2026-05-11 19:03:15.337796 CST | [antmaze-large-diverse-v2] L_Act             21.4051
2026-05-11 19:03:15.337821 CST | [antmaze-large-diverse-v2] L_Crit             0.514125
2026-05-11 19:03:15.337846 CST | [antmaze-large-diverse-v2] Weight             0.542447
2026-05-11 19:03:15.337871 CST | [antmaze-large-diverse-v2] kl                 1
2026-05-11 19:03:15.337897 CST | [antmaze-large-diverse-v2] ---------------  ----------
2026-05-11 19:05:09.071834 CST | [antmaze-large-diverse-v2] ---------------  ----------
2026-05-11 19:05:09.071939 CST | [antmaze-large-diverse-v2] Training Epochs  101
2026-05-11 19:05:09.071970 CST | [antmaze-large-diverse-v2] AverageReturn      0.6
2026-05-11 19:05:09.071996 CST | [antmaze-large-diverse-v2] NormReturn         0.6
2026-05-11 19:05:09.072021 CST | [antmaze-large-diverse-v2] L_Act             21.3885
2026-05-11 19:05:09.072050 CST | [antmaze-large-diverse-v2] L_Crit             0.512625
2026-05-11 19:05:09.072076 CST | [antmaze-large-diverse-v2] Weight             0.544488
2026-05-11 19:05:09.072100 CST | [antmaze-large-diverse-v2] kl                 1
2026-05-11 19:05:09.072125 CST | [antmaze-large-diverse-v2] ---------------  ----------
2026-05-11 19:07:04.076581 CST | [antmaze-large-diverse-v2] ---------------  ----------
2026-05-11 19:07:04.076681 CST | [antmaze-large-diverse-v2] Training Epochs  102
2026-05-11 19:07:04.076712 CST | [antmaze-large-diverse-v2] AverageReturn      0.4
2026-05-11 19:07:04.076739 CST | [antmaze-large-diverse-v2] NormReturn         0.4
2026-05-11 19:07:04.076764 CST | [antmaze-large-diverse-v2] L_Act             21.338
2026-05-11 19:07:04.076789 CST | [antmaze-large-diverse-v2] L_Crit             0.522324
2026-05-11 19:07:04.076813 CST | [antmaze-large-diverse-v2] Weight             0.544794
2026-05-11 19:07:04.076838 CST | [antmaze-large-diverse-v2] kl                 1
2026-05-11 19:07:04.076866 CST | [antmaze-large-diverse-v2] ---------------  ----------
2026-05-11 19:08:58.724999 CST | [antmaze-large-diverse-v2] ---------------  ----------
2026-05-11 19:08:58.725101 CST | [antmaze-large-diverse-v2] Training Epochs  103
2026-05-11 19:08:58.725133 CST | [antmaze-large-diverse-v2] AverageReturn      0.5
2026-05-11 19:08:58.725160 CST | [antmaze-large-diverse-v2] NormReturn         0.5
2026-05-11 19:08:58.725185 CST | [antmaze-large-diverse-v2] L_Act             21.3685
2026-05-11 19:08:58.725210 CST | [antmaze-large-diverse-v2] L_Crit             0.520443
2026-05-11 19:08:58.725234 CST | [antmaze-large-diverse-v2] Weight             0.543187
2026-05-11 19:08:58.725259 CST | [antmaze-large-diverse-v2] kl                 1
2026-05-11 19:08:58.725286 CST | [antmaze-large-diverse-v2] ---------------  ----------
2026-05-11 19:10:53.920325 CST | [antmaze-large-diverse-v2] ---------------  ----------
2026-05-11 19:10:53.920411 CST | [antmaze-large-diverse-v2] Training Epochs  104
2026-05-11 19:10:53.920442 CST | [antmaze-large-diverse-v2] AverageReturn      0.5
2026-05-11 19:10:53.920468 CST | [antmaze-large-diverse-v2] NormReturn         0.5
2026-05-11 19:10:53.920493 CST | [antmaze-large-diverse-v2] L_Act             21.447
2026-05-11 19:10:53.920519 CST | [antmaze-large-diverse-v2] L_Crit             0.51097
2026-05-11 19:10:53.920544 CST | [antmaze-large-diverse-v2] Weight             0.541935
2026-05-11 19:10:53.920569 CST | [antmaze-large-diverse-v2] kl                 1
2026-05-11 19:10:53.920593 CST | [antmaze-large-diverse-v2] ---------------  ----------
2026-05-11 19:12:54.529531 CST | [antmaze-large-diverse-v2] ---------------  ----------
2026-05-11 19:12:54.529648 CST | [antmaze-large-diverse-v2] Training Epochs  105
2026-05-11 19:12:54.529680 CST | [antmaze-large-diverse-v2] AverageReturn      0.4
2026-05-11 19:12:54.529706 CST | [antmaze-large-diverse-v2] NormReturn         0.4
2026-05-11 19:12:54.529732 CST | [antmaze-large-diverse-v2] L_Act             21.5361
2026-05-11 19:12:54.529758 CST | [antmaze-large-diverse-v2] L_Crit             0.511369
2026-05-11 19:12:54.529783 CST | [antmaze-large-diverse-v2] Weight             0.539932
2026-05-11 19:12:54.529808 CST | [antmaze-large-diverse-v2] kl                 1
2026-05-11 19:12:54.529833 CST | [antmaze-large-diverse-v2] ---------------  ----------
2026-05-11 19:14:53.263862 CST | [antmaze-large-diverse-v2] ---------------  ----------
2026-05-11 19:14:53.263974 CST | [antmaze-large-diverse-v2] Training Epochs  106
2026-05-11 19:14:53.264021 CST | [antmaze-large-diverse-v2] AverageReturn      0.7
2026-05-11 19:14:53.264048 CST | [antmaze-large-diverse-v2] NormReturn         0.7
2026-05-11 19:14:53.264075 CST | [antmaze-large-diverse-v2] L_Act             21.5632
2026-05-11 19:14:53.264100 CST | [antmaze-large-diverse-v2] L_Crit             0.508312
2026-05-11 19:14:53.264125 CST | [antmaze-large-diverse-v2] Weight             0.5396
2026-05-11 19:14:53.264150 CST | [antmaze-large-diverse-v2] kl                 1
2026-05-11 19:14:53.264175 CST | [antmaze-large-diverse-v2] ---------------  ----------
2026-05-11 19:16:49.393080 CST | [antmaze-large-diverse-v2] ---------------  ----------
2026-05-11 19:16:49.393189 CST | [antmaze-large-diverse-v2] Training Epochs  107
2026-05-11 19:16:49.393234 CST | [antmaze-large-diverse-v2] AverageReturn      0.8
2026-05-11 19:16:49.393261 CST | [antmaze-large-diverse-v2] NormReturn         0.8
2026-05-11 19:16:49.393289 CST | [antmaze-large-diverse-v2] L_Act             21.4738
2026-05-11 19:16:49.393314 CST | [antmaze-large-diverse-v2] L_Crit             0.505718
2026-05-11 19:16:49.393338 CST | [antmaze-large-diverse-v2] Weight             0.541303
2026-05-11 19:16:49.393363 CST | [antmaze-large-diverse-v2] kl                 1
2026-05-11 19:16:49.393387 CST | [antmaze-large-diverse-v2] ---------------  ----------
2026-05-11 19:18:47.674567 CST | [antmaze-large-diverse-v2] ---------------  ----------
2026-05-11 19:18:47.674672 CST | [antmaze-large-diverse-v2] Training Epochs  108
2026-05-11 19:18:47.674702 CST | [antmaze-large-diverse-v2] AverageReturn      0.5
2026-05-11 19:18:47.674728 CST | [antmaze-large-diverse-v2] NormReturn         0.5
2026-05-11 19:18:47.674755 CST | [antmaze-large-diverse-v2] L_Act             21.4612
2026-05-11 19:18:47.674782 CST | [antmaze-large-diverse-v2] L_Crit             0.506102
2026-05-11 19:18:47.674807 CST | [antmaze-large-diverse-v2] Weight             0.540997
2026-05-11 19:18:47.674832 CST | [antmaze-large-diverse-v2] kl                 1
2026-05-11 19:18:47.674858 CST | [antmaze-large-diverse-v2] ---------------  ----------
2026-05-11 19:20:44.847891 CST | [antmaze-large-diverse-v2] ---------------  ----------
2026-05-11 19:20:44.848014 CST | [antmaze-large-diverse-v2] Training Epochs  109
2026-05-11 19:20:44.848045 CST | [antmaze-large-diverse-v2] AverageReturn      0.6
2026-05-11 19:20:44.848071 CST | [antmaze-large-diverse-v2] NormReturn         0.6
2026-05-11 19:20:44.848096 CST | [antmaze-large-diverse-v2] L_Act             21.4344
2026-05-11 19:20:44.848120 CST | [antmaze-large-diverse-v2] L_Crit             0.505514
2026-05-11 19:20:44.848145 CST | [antmaze-large-diverse-v2] Weight             0.542306
2026-05-11 19:20:44.848170 CST | [antmaze-large-diverse-v2] kl                 1
2026-05-11 19:20:44.848194 CST | [antmaze-large-diverse-v2] ---------------  ----------
2026-05-11 19:22:47.235433 CST | [antmaze-large-diverse-v2] ---------------  ----------
2026-05-11 19:22:47.235571 CST | [antmaze-large-diverse-v2] Training Epochs  110
2026-05-11 19:22:47.235604 CST | [antmaze-large-diverse-v2] AverageReturn      0
2026-05-11 19:22:47.235631 CST | [antmaze-large-diverse-v2] NormReturn         0
2026-05-11 19:22:47.235657 CST | [antmaze-large-diverse-v2] L_Act             21.4038
2026-05-11 19:22:47.235682 CST | [antmaze-large-diverse-v2] L_Crit             0.505073
2026-05-11 19:22:47.235707 CST | [antmaze-large-diverse-v2] Weight             0.544302
2026-05-11 19:22:47.235732 CST | [antmaze-large-diverse-v2] kl                 1
2026-05-11 19:22:47.235756 CST | [antmaze-large-diverse-v2] ---------------  ----------
2026-05-11 19:24:48.164580 CST | [antmaze-large-diverse-v2] ---------------  ----------
2026-05-11 19:24:48.164675 CST | [antmaze-large-diverse-v2] Training Epochs  111
2026-05-11 19:24:48.164705 CST | [antmaze-large-diverse-v2] AverageReturn      0.3
2026-05-11 19:24:48.164731 CST | [antmaze-large-diverse-v2] NormReturn         0.3
2026-05-11 19:24:48.164755 CST | [antmaze-large-diverse-v2] L_Act             21.4263
2026-05-11 19:24:48.164779 CST | [antmaze-large-diverse-v2] L_Crit             0.514363
2026-05-11 19:24:48.164802 CST | [antmaze-large-diverse-v2] Weight             0.541961
2026-05-11 19:24:48.164826 CST | [antmaze-large-diverse-v2] kl                 1
2026-05-11 19:24:48.164850 CST | [antmaze-large-diverse-v2] ---------------  ----------
2026-05-11 19:26:49.547040 CST | [antmaze-large-diverse-v2] ---------------  ----------
2026-05-11 19:26:49.547158 CST | [antmaze-large-diverse-v2] Training Epochs  112
2026-05-11 19:26:49.547190 CST | [antmaze-large-diverse-v2] AverageReturn      0.3
2026-05-11 19:26:49.547216 CST | [antmaze-large-diverse-v2] NormReturn         0.3
2026-05-11 19:26:49.547242 CST | [antmaze-large-diverse-v2] L_Act             21.3848
2026-05-11 19:26:49.547267 CST | [antmaze-large-diverse-v2] L_Crit             0.507811
2026-05-11 19:26:49.547292 CST | [antmaze-large-diverse-v2] Weight             0.542648
2026-05-11 19:26:49.547318 CST | [antmaze-large-diverse-v2] kl                 1
2026-05-11 19:26:49.547343 CST | [antmaze-large-diverse-v2] ---------------  ----------
2026-05-11 19:28:49.728614 CST | [antmaze-large-diverse-v2] ---------------  ----------
2026-05-11 19:28:49.728722 CST | [antmaze-large-diverse-v2] Training Epochs  113
2026-05-11 19:28:49.728751 CST | [antmaze-large-diverse-v2] AverageReturn      0.4
2026-05-11 19:28:49.728777 CST | [antmaze-large-diverse-v2] NormReturn         0.4
2026-05-11 19:28:49.728803 CST | [antmaze-large-diverse-v2] L_Act             21.4115
2026-05-11 19:28:49.728829 CST | [antmaze-large-diverse-v2] L_Crit             0.507919
2026-05-11 19:28:49.728853 CST | [antmaze-large-diverse-v2] Weight             0.542064
2026-05-11 19:28:49.728877 CST | [antmaze-large-diverse-v2] kl                 1
2026-05-11 19:28:49.728902 CST | [antmaze-large-diverse-v2] ---------------  ----------
2026-05-11 19:30:48.290269 CST | [antmaze-large-diverse-v2] ---------------  ----------
2026-05-11 19:30:48.290372 CST | [antmaze-large-diverse-v2] Training Epochs  114
2026-05-11 19:30:48.290425 CST | [antmaze-large-diverse-v2] AverageReturn      0.3
2026-05-11 19:30:48.290451 CST | [antmaze-large-diverse-v2] NormReturn         0.3
2026-05-11 19:30:48.290476 CST | [antmaze-large-diverse-v2] L_Act             21.4262
2026-05-11 19:30:48.290501 CST | [antmaze-large-diverse-v2] L_Crit             0.506217
2026-05-11 19:30:48.290526 CST | [antmaze-large-diverse-v2] Weight             0.54164
2026-05-11 19:30:48.290550 CST | [antmaze-large-diverse-v2] kl                 1
2026-05-11 19:30:48.290576 CST | [antmaze-large-diverse-v2] ---------------  ----------
2026-05-11 19:32:43.949127 CST | [antmaze-large-diverse-v2] ---------------  ----------
2026-05-11 19:32:43.949228 CST | [antmaze-large-diverse-v2] Training Epochs  115
2026-05-11 19:32:43.949263 CST | [antmaze-large-diverse-v2] AverageReturn      0.3
2026-05-11 19:32:43.949290 CST | [antmaze-large-diverse-v2] NormReturn         0.3
2026-05-11 19:32:43.949317 CST | [antmaze-large-diverse-v2] L_Act             21.4508
2026-05-11 19:32:43.949342 CST | [antmaze-large-diverse-v2] L_Crit             0.504277
2026-05-11 19:32:43.949368 CST | [antmaze-large-diverse-v2] Weight             0.541635
2026-05-11 19:32:43.949393 CST | [antmaze-large-diverse-v2] kl                 1
2026-05-11 19:32:43.949419 CST | [antmaze-large-diverse-v2] ---------------  ----------
2026-05-11 19:34:39.429283 CST | [antmaze-large-diverse-v2] ---------------  ----------
2026-05-11 19:34:39.429406 CST | [antmaze-large-diverse-v2] Training Epochs  116
2026-05-11 19:34:39.429436 CST | [antmaze-large-diverse-v2] AverageReturn      0.4
2026-05-11 19:34:39.429462 CST | [antmaze-large-diverse-v2] NormReturn         0.4
2026-05-11 19:34:39.429487 CST | [antmaze-large-diverse-v2] L_Act             21.4863
2026-05-11 19:34:39.429512 CST | [antmaze-large-diverse-v2] L_Crit             0.505518
2026-05-11 19:34:39.429536 CST | [antmaze-large-diverse-v2] Weight             0.542862
2026-05-11 19:34:39.429560 CST | [antmaze-large-diverse-v2] kl                 1
2026-05-11 19:34:39.429585 CST | [antmaze-large-diverse-v2] ---------------  ----------
2026-05-11 19:36:34.483538 CST | [antmaze-large-diverse-v2] ---------------  ----------
2026-05-11 19:36:34.483642 CST | [antmaze-large-diverse-v2] Training Epochs  117
2026-05-11 19:36:34.483683 CST | [antmaze-large-diverse-v2] AverageReturn      0.4
2026-05-11 19:36:34.483709 CST | [antmaze-large-diverse-v2] NormReturn         0.4
2026-05-11 19:36:34.483734 CST | [antmaze-large-diverse-v2] L_Act             21.4631
2026-05-11 19:36:34.483759 CST | [antmaze-large-diverse-v2] L_Crit             0.504553
2026-05-11 19:36:34.483784 CST | [antmaze-large-diverse-v2] Weight             0.54377
2026-05-11 19:36:34.483809 CST | [antmaze-large-diverse-v2] kl                 1
2026-05-11 19:36:34.483833 CST | [antmaze-large-diverse-v2] ---------------  ----------
2026-05-11 19:38:29.048483 CST | [antmaze-large-diverse-v2] ---------------  ----------
2026-05-11 19:38:29.048620 CST | [antmaze-large-diverse-v2] Training Epochs  118
2026-05-11 19:38:29.048668 CST | [antmaze-large-diverse-v2] AverageReturn      0.4
2026-05-11 19:38:29.048694 CST | [antmaze-large-diverse-v2] NormReturn         0.4
2026-05-11 19:38:29.048719 CST | [antmaze-large-diverse-v2] L_Act             21.445
2026-05-11 19:38:29.048745 CST | [antmaze-large-diverse-v2] L_Crit             0.505992
2026-05-11 19:38:29.048769 CST | [antmaze-large-diverse-v2] Weight             0.542919
2026-05-11 19:38:29.048794 CST | [antmaze-large-diverse-v2] kl                 1
2026-05-11 19:38:29.048818 CST | [antmaze-large-diverse-v2] ---------------  ----------
2026-05-11 19:40:23.044958 CST | [antmaze-large-diverse-v2] ---------------  ----------
2026-05-11 19:40:23.045055 CST | [antmaze-large-diverse-v2] Training Epochs  119
2026-05-11 19:40:23.045089 CST | [antmaze-large-diverse-v2] AverageReturn      0.5
2026-05-11 19:40:23.045115 CST | [antmaze-large-diverse-v2] NormReturn         0.5
2026-05-11 19:40:23.045141 CST | [antmaze-large-diverse-v2] L_Act             21.4669
2026-05-11 19:40:23.045166 CST | [antmaze-large-diverse-v2] L_Crit             0.497998
2026-05-11 19:40:23.045190 CST | [antmaze-large-diverse-v2] Weight             0.54108
2026-05-11 19:40:23.045215 CST | [antmaze-large-diverse-v2] kl                 1
2026-05-11 19:40:23.045239 CST | [antmaze-large-diverse-v2] ---------------  ----------
2026-05-11 19:42:17.560368 CST | [antmaze-large-diverse-v2] ---------------  ----------
2026-05-11 19:42:17.560479 CST | [antmaze-large-diverse-v2] Training Epochs  120
2026-05-11 19:42:17.560511 CST | [antmaze-large-diverse-v2] AverageReturn      0.5
2026-05-11 19:42:17.560537 CST | [antmaze-large-diverse-v2] NormReturn         0.5
2026-05-11 19:42:17.560562 CST | [antmaze-large-diverse-v2] L_Act             21.4347
2026-05-11 19:42:17.560587 CST | [antmaze-large-diverse-v2] L_Crit             0.495693
2026-05-11 19:42:17.560611 CST | [antmaze-large-diverse-v2] Weight             0.543273
2026-05-11 19:42:17.560636 CST | [antmaze-large-diverse-v2] kl                 1
2026-05-11 19:42:17.560660 CST | [antmaze-large-diverse-v2] ---------------  ----------
2026-05-11 19:44:14.055192 CST | [antmaze-large-diverse-v2] ---------------  ----------
2026-05-11 19:44:14.055296 CST | [antmaze-large-diverse-v2] Training Epochs  121
2026-05-11 19:44:14.055347 CST | [antmaze-large-diverse-v2] AverageReturn      0.3
2026-05-11 19:44:14.055376 CST | [antmaze-large-diverse-v2] NormReturn         0.3
2026-05-11 19:44:14.055401 CST | [antmaze-large-diverse-v2] L_Act             21.3939
2026-05-11 19:44:14.055426 CST | [antmaze-large-diverse-v2] L_Crit             0.498568
2026-05-11 19:44:14.055450 CST | [antmaze-large-diverse-v2] Weight             0.54603
2026-05-11 19:44:14.055475 CST | [antmaze-large-diverse-v2] kl                 1
2026-05-11 19:44:14.055499 CST | [antmaze-large-diverse-v2] ---------------  ----------
2026-05-11 19:46:08.345331 CST | [antmaze-large-diverse-v2] ---------------  ----------
2026-05-11 19:46:08.345427 CST | [antmaze-large-diverse-v2] Training Epochs  122
2026-05-11 19:46:08.345457 CST | [antmaze-large-diverse-v2] AverageReturn      0.7
2026-05-11 19:46:08.345483 CST | [antmaze-large-diverse-v2] NormReturn         0.7
2026-05-11 19:46:08.345509 CST | [antmaze-large-diverse-v2] L_Act             21.3548
2026-05-11 19:46:08.345537 CST | [antmaze-large-diverse-v2] L_Crit             0.502216
2026-05-11 19:46:08.345562 CST | [antmaze-large-diverse-v2] Weight             0.548311
2026-05-11 19:46:08.345587 CST | [antmaze-large-diverse-v2] kl                 1
2026-05-11 19:46:08.345612 CST | [antmaze-large-diverse-v2] ---------------  ----------
2026-05-11 19:48:04.006019 CST | [antmaze-large-diverse-v2] ---------------  ----------
2026-05-11 19:48:04.006143 CST | [antmaze-large-diverse-v2] Training Epochs  123
2026-05-11 19:48:04.006173 CST | [antmaze-large-diverse-v2] AverageReturn      0.4
2026-05-11 19:48:04.006215 CST | [antmaze-large-diverse-v2] NormReturn         0.4
2026-05-11 19:48:04.006240 CST | [antmaze-large-diverse-v2] L_Act             21.3001
2026-05-11 19:48:04.006266 CST | [antmaze-large-diverse-v2] L_Crit             0.498678
2026-05-11 19:48:04.006291 CST | [antmaze-large-diverse-v2] Weight             0.547023
2026-05-11 19:48:04.006319 CST | [antmaze-large-diverse-v2] kl                 1
2026-05-11 19:48:04.006344 CST | [antmaze-large-diverse-v2] ---------------  ----------
2026-05-11 19:49:58.427581 CST | [antmaze-large-diverse-v2] ---------------  ----------
2026-05-11 19:49:58.427682 CST | [antmaze-large-diverse-v2] Training Epochs  124
2026-05-11 19:49:58.427712 CST | [antmaze-large-diverse-v2] AverageReturn      0.7
2026-05-11 19:49:58.427736 CST | [antmaze-large-diverse-v2] NormReturn         0.7
2026-05-11 19:49:58.427760 CST | [antmaze-large-diverse-v2] L_Act             21.2366
2026-05-11 19:49:58.427784 CST | [antmaze-large-diverse-v2] L_Crit             0.497956
2026-05-11 19:49:58.427810 CST | [antmaze-large-diverse-v2] Weight             0.546544
2026-05-11 19:49:58.427833 CST | [antmaze-large-diverse-v2] kl                 1
2026-05-11 19:49:58.427857 CST | [antmaze-large-diverse-v2] ---------------  ----------
2026-05-11 19:51:58.499472 CST | [antmaze-large-diverse-v2] ---------------  ----------
2026-05-11 19:51:58.499571 CST | [antmaze-large-diverse-v2] Training Epochs  125
2026-05-11 19:51:58.499601 CST | [antmaze-large-diverse-v2] AverageReturn      0.4
2026-05-11 19:51:58.499627 CST | [antmaze-large-diverse-v2] NormReturn         0.4
2026-05-11 19:51:58.499652 CST | [antmaze-large-diverse-v2] L_Act             21.2695
2026-05-11 19:51:58.499677 CST | [antmaze-large-diverse-v2] L_Crit             0.501443
2026-05-11 19:51:58.499702 CST | [antmaze-large-diverse-v2] Weight             0.546306
2026-05-11 19:51:58.499726 CST | [antmaze-large-diverse-v2] kl                 1
2026-05-11 19:51:58.499751 CST | [antmaze-large-diverse-v2] ---------------  ----------
2026-05-11 19:53:55.266730 CST | [antmaze-large-diverse-v2] ---------------  ----------
2026-05-11 19:53:55.266826 CST | [antmaze-large-diverse-v2] Training Epochs  126
2026-05-11 19:53:55.266857 CST | [antmaze-large-diverse-v2] AverageReturn      0.3
2026-05-11 19:53:55.266891 CST | [antmaze-large-diverse-v2] NormReturn         0.3
2026-05-11 19:53:55.266916 CST | [antmaze-large-diverse-v2] L_Act             21.3027
2026-05-11 19:53:55.266940 CST | [antmaze-large-diverse-v2] L_Crit             0.496226
2026-05-11 19:53:55.266966 CST | [antmaze-large-diverse-v2] Weight             0.546463
2026-05-11 19:53:55.266991 CST | [antmaze-large-diverse-v2] kl                 1
2026-05-11 19:53:55.267015 CST | [antmaze-large-diverse-v2] ---------------  ----------
2026-05-11 19:55:48.763724 CST | [antmaze-large-diverse-v2] ---------------  ----------
2026-05-11 19:55:48.763824 CST | [antmaze-large-diverse-v2] Training Epochs  127
2026-05-11 19:55:48.763855 CST | [antmaze-large-diverse-v2] AverageReturn      0.8
2026-05-11 19:55:48.763881 CST | [antmaze-large-diverse-v2] NormReturn         0.8
2026-05-11 19:55:48.763910 CST | [antmaze-large-diverse-v2] L_Act             21.3024
2026-05-11 19:55:48.763935 CST | [antmaze-large-diverse-v2] L_Crit             0.492868
2026-05-11 19:55:48.763968 CST | [antmaze-large-diverse-v2] Weight             0.547479
2026-05-11 19:55:48.763992 CST | [antmaze-large-diverse-v2] kl                 1
2026-05-11 19:55:48.764017 CST | [antmaze-large-diverse-v2] ---------------  ----------
2026-05-11 19:57:45.269347 CST | [antmaze-large-diverse-v2] ---------------  ----------
2026-05-11 19:57:45.269452 CST | [antmaze-large-diverse-v2] Training Epochs  128
2026-05-11 19:57:45.269484 CST | [antmaze-large-diverse-v2] AverageReturn      0.2
2026-05-11 19:57:45.269512 CST | [antmaze-large-diverse-v2] NormReturn         0.2
2026-05-11 19:57:45.269538 CST | [antmaze-large-diverse-v2] L_Act             21.297
2026-05-11 19:57:45.269563 CST | [antmaze-large-diverse-v2] L_Crit             0.497134
2026-05-11 19:57:45.269588 CST | [antmaze-large-diverse-v2] Weight             0.546137
2026-05-11 19:57:45.269612 CST | [antmaze-large-diverse-v2] kl                 1
2026-05-11 19:57:45.269636 CST | [antmaze-large-diverse-v2] ---------------  ----------
2026-05-11 19:59:39.145389 CST | [antmaze-large-diverse-v2] ---------------  ----------
2026-05-11 19:59:39.145498 CST | [antmaze-large-diverse-v2] Training Epochs  129
2026-05-11 19:59:39.145550 CST | [antmaze-large-diverse-v2] AverageReturn      0.5
2026-05-11 19:59:39.145575 CST | [antmaze-large-diverse-v2] NormReturn         0.5
2026-05-11 19:59:39.145600 CST | [antmaze-large-diverse-v2] L_Act             21.3891
2026-05-11 19:59:39.145625 CST | [antmaze-large-diverse-v2] L_Crit             0.507361
2026-05-11 19:59:39.145651 CST | [antmaze-large-diverse-v2] Weight             0.546682
2026-05-11 19:59:39.145678 CST | [antmaze-large-diverse-v2] kl                 1
2026-05-11 19:59:39.145702 CST | [antmaze-large-diverse-v2] ---------------  ----------
2026-05-11 20:01:33.334926 CST | [antmaze-large-diverse-v2] ---------------  ----------
2026-05-11 20:01:33.335032 CST | [antmaze-large-diverse-v2] Training Epochs  130
2026-05-11 20:01:33.335063 CST | [antmaze-large-diverse-v2] AverageReturn      0.5
2026-05-11 20:01:33.335089 CST | [antmaze-large-diverse-v2] NormReturn         0.5
2026-05-11 20:01:33.335114 CST | [antmaze-large-diverse-v2] L_Act             21.4015
2026-05-11 20:01:33.335138 CST | [antmaze-large-diverse-v2] L_Crit             0.505294
2026-05-11 20:01:33.335163 CST | [antmaze-large-diverse-v2] Weight             0.546335
2026-05-11 20:01:33.335187 CST | [antmaze-large-diverse-v2] kl                 1
2026-05-11 20:01:33.335212 CST | [antmaze-large-diverse-v2] ---------------  ----------
2026-05-11 20:03:25.150754 CST | [antmaze-large-diverse-v2] ---------------  ----------
2026-05-11 20:03:25.150855 CST | [antmaze-large-diverse-v2] Training Epochs  131
2026-05-11 20:03:25.150885 CST | [antmaze-large-diverse-v2] AverageReturn      0.8
2026-05-11 20:03:25.150911 CST | [antmaze-large-diverse-v2] NormReturn         0.8
2026-05-11 20:03:25.150936 CST | [antmaze-large-diverse-v2] L_Act             21.4307
2026-05-11 20:03:25.150960 CST | [antmaze-large-diverse-v2] L_Crit             0.498577
2026-05-11 20:03:25.150986 CST | [antmaze-large-diverse-v2] Weight             0.544145
2026-05-11 20:03:25.151010 CST | [antmaze-large-diverse-v2] kl                 1
2026-05-11 20:03:25.151035 CST | [antmaze-large-diverse-v2] ---------------  ----------
2026-05-11 20:05:24.434082 CST | [antmaze-large-diverse-v2] ---------------  ----------
2026-05-11 20:05:24.434185 CST | [antmaze-large-diverse-v2] Training Epochs  132
2026-05-11 20:05:24.434216 CST | [antmaze-large-diverse-v2] AverageReturn      0.4
2026-05-11 20:05:24.434242 CST | [antmaze-large-diverse-v2] NormReturn         0.4
2026-05-11 20:05:24.434272 CST | [antmaze-large-diverse-v2] L_Act             21.4651
2026-05-11 20:05:24.434297 CST | [antmaze-large-diverse-v2] L_Crit             0.492345
2026-05-11 20:05:24.434321 CST | [antmaze-large-diverse-v2] Weight             0.542073
2026-05-11 20:05:24.434345 CST | [antmaze-large-diverse-v2] kl                 1
2026-05-11 20:05:24.434370 CST | [antmaze-large-diverse-v2] ---------------  ----------
2026-05-11 20:07:24.476390 CST | [antmaze-large-diverse-v2] ---------------  ----------
2026-05-11 20:07:24.476493 CST | [antmaze-large-diverse-v2] Training Epochs  133
2026-05-11 20:07:24.476525 CST | [antmaze-large-diverse-v2] AverageReturn      0.5
2026-05-11 20:07:24.476551 CST | [antmaze-large-diverse-v2] NormReturn         0.5
2026-05-11 20:07:24.476576 CST | [antmaze-large-diverse-v2] L_Act             21.4159
2026-05-11 20:07:24.476600 CST | [antmaze-large-diverse-v2] L_Crit             0.486175
2026-05-11 20:07:24.476625 CST | [antmaze-large-diverse-v2] Weight             0.545711
2026-05-11 20:07:24.476649 CST | [antmaze-large-diverse-v2] kl                 1
2026-05-11 20:07:24.476673 CST | [antmaze-large-diverse-v2] ---------------  ----------
2026-05-11 20:09:25.750428 CST | [antmaze-large-diverse-v2] ---------------  ----------
2026-05-11 20:09:25.750528 CST | [antmaze-large-diverse-v2] Training Epochs  134
2026-05-11 20:09:25.750560 CST | [antmaze-large-diverse-v2] AverageReturn      0.5
2026-05-11 20:09:25.750587 CST | [antmaze-large-diverse-v2] NormReturn         0.5
2026-05-11 20:09:25.750612 CST | [antmaze-large-diverse-v2] L_Act             21.3762
2026-05-11 20:09:25.750637 CST | [antmaze-large-diverse-v2] L_Crit             0.487468
2026-05-11 20:09:25.750662 CST | [antmaze-large-diverse-v2] Weight             0.544845
2026-05-11 20:09:25.750686 CST | [antmaze-large-diverse-v2] kl                 1
2026-05-11 20:09:25.750711 CST | [antmaze-large-diverse-v2] ---------------  ----------
2026-05-11 20:11:22.169859 CST | [antmaze-large-diverse-v2] ---------------  ----------
2026-05-11 20:11:22.169963 CST | [antmaze-large-diverse-v2] Training Epochs  135
2026-05-11 20:11:22.170014 CST | [antmaze-large-diverse-v2] AverageReturn      0.3
2026-05-11 20:11:22.170042 CST | [antmaze-large-diverse-v2] NormReturn         0.3
2026-05-11 20:11:22.170067 CST | [antmaze-large-diverse-v2] L_Act             21.3884
2026-05-11 20:11:22.170092 CST | [antmaze-large-diverse-v2] L_Crit             0.486912
2026-05-11 20:11:22.170116 CST | [antmaze-large-diverse-v2] Weight             0.543211
2026-05-11 20:11:22.170141 CST | [antmaze-large-diverse-v2] kl                 1
2026-05-11 20:11:22.170165 CST | [antmaze-large-diverse-v2] ---------------  ----------
2026-05-11 20:13:17.261033 CST | [antmaze-large-diverse-v2] ---------------  ----------
2026-05-11 20:13:17.261135 CST | [antmaze-large-diverse-v2] Training Epochs  136
2026-05-11 20:13:17.261189 CST | [antmaze-large-diverse-v2] AverageReturn      0.6
2026-05-11 20:13:17.261215 CST | [antmaze-large-diverse-v2] NormReturn         0.6
2026-05-11 20:13:17.261240 CST | [antmaze-large-diverse-v2] L_Act             21.4066
2026-05-11 20:13:17.261264 CST | [antmaze-large-diverse-v2] L_Crit             0.487684
2026-05-11 20:13:17.261289 CST | [antmaze-large-diverse-v2] Weight             0.542897
2026-05-11 20:13:17.261313 CST | [antmaze-large-diverse-v2] kl                 1
2026-05-11 20:13:17.261340 CST | [antmaze-large-diverse-v2] ---------------  ----------
2026-05-11 20:15:09.281653 CST | [antmaze-large-diverse-v2] ---------------  ----------
2026-05-11 20:15:09.281759 CST | [antmaze-large-diverse-v2] Training Epochs  137
2026-05-11 20:15:09.281802 CST | [antmaze-large-diverse-v2] AverageReturn      0.6
2026-05-11 20:15:09.281828 CST | [antmaze-large-diverse-v2] NormReturn         0.6
2026-05-11 20:15:09.281853 CST | [antmaze-large-diverse-v2] L_Act             21.3973
2026-05-11 20:15:09.281878 CST | [antmaze-large-diverse-v2] L_Crit             0.483003
2026-05-11 20:15:09.281903 CST | [antmaze-large-diverse-v2] Weight             0.542428
2026-05-11 20:15:09.281927 CST | [antmaze-large-diverse-v2] kl                 1
2026-05-11 20:15:09.281952 CST | [antmaze-large-diverse-v2] ---------------  ----------
2026-05-11 20:17:04.402863 CST | [antmaze-large-diverse-v2] ---------------  ----------
2026-05-11 20:17:04.402975 CST | [antmaze-large-diverse-v2] Training Epochs  138
2026-05-11 20:17:04.403007 CST | [antmaze-large-diverse-v2] AverageReturn      0.4
2026-05-11 20:17:04.403033 CST | [antmaze-large-diverse-v2] NormReturn         0.4
2026-05-11 20:17:04.403058 CST | [antmaze-large-diverse-v2] L_Act             21.3576
2026-05-11 20:17:04.403083 CST | [antmaze-large-diverse-v2] L_Crit             0.481912
2026-05-11 20:17:04.403107 CST | [antmaze-large-diverse-v2] Weight             0.544512
2026-05-11 20:17:04.403132 CST | [antmaze-large-diverse-v2] kl                 1
2026-05-11 20:17:04.403156 CST | [antmaze-large-diverse-v2] ---------------  ----------
2026-05-11 20:18:59.226352 CST | [antmaze-large-diverse-v2] ---------------  ----------
2026-05-11 20:18:59.226451 CST | [antmaze-large-diverse-v2] Training Epochs  139
2026-05-11 20:18:59.226498 CST | [antmaze-large-diverse-v2] AverageReturn      0.4
2026-05-11 20:18:59.226524 CST | [antmaze-large-diverse-v2] NormReturn         0.4
2026-05-11 20:18:59.226549 CST | [antmaze-large-diverse-v2] L_Act             21.3716
2026-05-11 20:18:59.226574 CST | [antmaze-large-diverse-v2] L_Crit             0.483879
2026-05-11 20:18:59.226599 CST | [antmaze-large-diverse-v2] Weight             0.541544
2026-05-11 20:18:59.226624 CST | [antmaze-large-diverse-v2] kl                 1
2026-05-11 20:18:59.226648 CST | [antmaze-large-diverse-v2] ---------------  ----------
2026-05-11 20:20:53.404366 CST | [antmaze-large-diverse-v2] ---------------  ----------
2026-05-11 20:20:53.404493 CST | [antmaze-large-diverse-v2] Training Epochs  140
2026-05-11 20:20:53.404528 CST | [antmaze-large-diverse-v2] AverageReturn      0.5
2026-05-11 20:20:53.404555 CST | [antmaze-large-diverse-v2] NormReturn         0.5
2026-05-11 20:20:53.404580 CST | [antmaze-large-diverse-v2] L_Act             21.43
2026-05-11 20:20:53.404605 CST | [antmaze-large-diverse-v2] L_Crit             0.48277
2026-05-11 20:20:53.404632 CST | [antmaze-large-diverse-v2] Weight             0.544282
2026-05-11 20:20:53.404656 CST | [antmaze-large-diverse-v2] kl                 1
2026-05-11 20:20:53.404680 CST | [antmaze-large-diverse-v2] ---------------  ----------
2026-05-11 20:22:51.853571 CST | [antmaze-large-diverse-v2] ---------------  ----------
2026-05-11 20:22:51.853666 CST | [antmaze-large-diverse-v2] Training Epochs  141
2026-05-11 20:22:51.853698 CST | [antmaze-large-diverse-v2] AverageReturn      0.1
2026-05-11 20:22:51.853724 CST | [antmaze-large-diverse-v2] NormReturn         0.1
2026-05-11 20:22:51.853749 CST | [antmaze-large-diverse-v2] L_Act             21.4212
2026-05-11 20:22:51.853774 CST | [antmaze-large-diverse-v2] L_Crit             0.488896
2026-05-11 20:22:51.853798 CST | [antmaze-large-diverse-v2] Weight             0.544457
2026-05-11 20:22:51.853823 CST | [antmaze-large-diverse-v2] kl                 1
2026-05-11 20:22:51.853847 CST | [antmaze-large-diverse-v2] ---------------  ----------
2026-05-11 20:24:45.476738 CST | [antmaze-large-diverse-v2] ---------------  ----------
2026-05-11 20:24:45.476840 CST | [antmaze-large-diverse-v2] Training Epochs  142
2026-05-11 20:24:45.476871 CST | [antmaze-large-diverse-v2] AverageReturn      0.5
2026-05-11 20:24:45.476897 CST | [antmaze-large-diverse-v2] NormReturn         0.5
2026-05-11 20:24:45.476922 CST | [antmaze-large-diverse-v2] L_Act             21.4347
2026-05-11 20:24:45.476946 CST | [antmaze-large-diverse-v2] L_Crit             0.48124
2026-05-11 20:24:45.476970 CST | [antmaze-large-diverse-v2] Weight             0.543651
2026-05-11 20:24:45.476995 CST | [antmaze-large-diverse-v2] kl                 1
2026-05-11 20:24:45.477019 CST | [antmaze-large-diverse-v2] ---------------  ----------
2026-05-11 20:26:42.399517 CST | [antmaze-large-diverse-v2] ---------------  ----------
2026-05-11 20:26:42.399627 CST | [antmaze-large-diverse-v2] Training Epochs  143
2026-05-11 20:26:42.399657 CST | [antmaze-large-diverse-v2] AverageReturn      0.2
2026-05-11 20:26:42.399687 CST | [antmaze-large-diverse-v2] NormReturn         0.2
2026-05-11 20:26:42.399712 CST | [antmaze-large-diverse-v2] L_Act             21.4192
2026-05-11 20:26:42.399736 CST | [antmaze-large-diverse-v2] L_Crit             0.47619
2026-05-11 20:26:42.399761 CST | [antmaze-large-diverse-v2] Weight             0.542107
2026-05-11 20:26:42.399787 CST | [antmaze-large-diverse-v2] kl                 1
2026-05-11 20:26:42.399811 CST | [antmaze-large-diverse-v2] ---------------  ----------
2026-05-11 20:28:37.929756 CST | [antmaze-large-diverse-v2] ---------------  ----------
2026-05-11 20:28:37.929859 CST | [antmaze-large-diverse-v2] Training Epochs  144
2026-05-11 20:28:37.929890 CST | [antmaze-large-diverse-v2] AverageReturn      0.3
2026-05-11 20:28:37.929916 CST | [antmaze-large-diverse-v2] NormReturn         0.3
2026-05-11 20:28:37.929942 CST | [antmaze-large-diverse-v2] L_Act             21.4052
2026-05-11 20:28:37.929967 CST | [antmaze-large-diverse-v2] L_Crit             0.474764
2026-05-11 20:28:37.929995 CST | [antmaze-large-diverse-v2] Weight             0.542903
2026-05-11 20:28:37.930019 CST | [antmaze-large-diverse-v2] kl                 1
2026-05-11 20:28:37.930043 CST | [antmaze-large-diverse-v2] ---------------  ----------
2026-05-11 20:30:31.938837 CST | [antmaze-large-diverse-v2] ---------------  ----------
2026-05-11 20:30:31.938956 CST | [antmaze-large-diverse-v2] Training Epochs  145
2026-05-11 20:30:31.938985 CST | [antmaze-large-diverse-v2] AverageReturn      0.5
2026-05-11 20:30:31.939014 CST | [antmaze-large-diverse-v2] NormReturn         0.5
2026-05-11 20:30:31.939038 CST | [antmaze-large-diverse-v2] L_Act             21.4078
2026-05-11 20:30:31.939061 CST | [antmaze-large-diverse-v2] L_Crit             0.474405
2026-05-11 20:30:31.939085 CST | [antmaze-large-diverse-v2] Weight             0.540923
2026-05-11 20:30:31.939109 CST | [antmaze-large-diverse-v2] kl                 1
2026-05-11 20:30:31.939137 CST | [antmaze-large-diverse-v2] ---------------  ----------
2026-05-11 20:32:24.583355 CST | [antmaze-large-diverse-v2] ---------------  ----------
2026-05-11 20:32:24.583455 CST | [antmaze-large-diverse-v2] Training Epochs  146
2026-05-11 20:32:24.583491 CST | [antmaze-large-diverse-v2] AverageReturn      0.6
2026-05-11 20:32:24.583518 CST | [antmaze-large-diverse-v2] NormReturn         0.6
2026-05-11 20:32:24.583543 CST | [antmaze-large-diverse-v2] L_Act             21.4029
2026-05-11 20:32:24.583568 CST | [antmaze-large-diverse-v2] L_Crit             0.478009
2026-05-11 20:32:24.583592 CST | [antmaze-large-diverse-v2] Weight             0.542734
2026-05-11 20:32:24.583617 CST | [antmaze-large-diverse-v2] kl                 1
2026-05-11 20:32:24.583642 CST | [antmaze-large-diverse-v2] ---------------  ----------
2026-05-11 20:34:19.925838 CST | [antmaze-large-diverse-v2] ---------------  ----------
2026-05-11 20:34:19.925947 CST | [antmaze-large-diverse-v2] Training Epochs  147
2026-05-11 20:34:19.925986 CST | [antmaze-large-diverse-v2] AverageReturn      0.4
2026-05-11 20:34:19.926012 CST | [antmaze-large-diverse-v2] NormReturn         0.4
2026-05-11 20:34:19.926037 CST | [antmaze-large-diverse-v2] L_Act             21.4324
2026-05-11 20:34:19.926063 CST | [antmaze-large-diverse-v2] L_Crit             0.474618
2026-05-11 20:34:19.926089 CST | [antmaze-large-diverse-v2] Weight             0.54159
2026-05-11 20:34:19.926113 CST | [antmaze-large-diverse-v2] kl                 1
2026-05-11 20:34:19.926138 CST | [antmaze-large-diverse-v2] ---------------  ----------
2026-05-11 20:36:14.428375 CST | [antmaze-large-diverse-v2] ---------------  ----------
2026-05-11 20:36:14.428475 CST | [antmaze-large-diverse-v2] Training Epochs  148
2026-05-11 20:36:14.428517 CST | [antmaze-large-diverse-v2] AverageReturn      0.5
2026-05-11 20:36:14.428544 CST | [antmaze-large-diverse-v2] NormReturn         0.5
2026-05-11 20:36:14.428571 CST | [antmaze-large-diverse-v2] L_Act             21.4907
2026-05-11 20:36:14.428596 CST | [antmaze-large-diverse-v2] L_Crit             0.478037
2026-05-11 20:36:14.428621 CST | [antmaze-large-diverse-v2] Weight             0.540276
2026-05-11 20:36:14.428646 CST | [antmaze-large-diverse-v2] kl                 1
2026-05-11 20:36:14.428670 CST | [antmaze-large-diverse-v2] ---------------  ----------
2026-05-11 20:38:11.388496 CST | [antmaze-large-diverse-v2] ---------------  ----------
2026-05-11 20:38:11.388603 CST | [antmaze-large-diverse-v2] Training Epochs  149
2026-05-11 20:38:11.388641 CST | [antmaze-large-diverse-v2] AverageReturn      0.2
2026-05-11 20:38:11.388667 CST | [antmaze-large-diverse-v2] NormReturn         0.2
2026-05-11 20:38:11.388693 CST | [antmaze-large-diverse-v2] L_Act             21.4978
2026-05-11 20:38:11.388717 CST | [antmaze-large-diverse-v2] L_Crit             0.47859
2026-05-11 20:38:11.388746 CST | [antmaze-large-diverse-v2] Weight             0.541283
2026-05-11 20:38:11.388771 CST | [antmaze-large-diverse-v2] kl                 1
2026-05-11 20:38:11.388795 CST | [antmaze-large-diverse-v2] ---------------  ----------
2026-05-11 20:40:05.194336 CST | [antmaze-large-diverse-v2] ---------------  ----------
2026-05-11 20:40:05.194449 CST | [antmaze-large-diverse-v2] Training Epochs  150
2026-05-11 20:40:05.194480 CST | [antmaze-large-diverse-v2] AverageReturn      0.5
2026-05-11 20:40:05.194511 CST | [antmaze-large-diverse-v2] NormReturn         0.5
2026-05-11 20:40:05.194536 CST | [antmaze-large-diverse-v2] L_Act             21.533
2026-05-11 20:40:05.194561 CST | [antmaze-large-diverse-v2] L_Crit             0.478472
2026-05-11 20:40:05.194586 CST | [antmaze-large-diverse-v2] Weight             0.539786
2026-05-11 20:40:05.194610 CST | [antmaze-large-diverse-v2] kl                 1
2026-05-11 20:40:05.194635 CST | [antmaze-large-diverse-v2] ---------------  ----------
2026-05-11 20:41:56.783931 CST | [antmaze-large-diverse-v2] ---------------  ----------
2026-05-11 20:41:56.784039 CST | [antmaze-large-diverse-v2] Training Epochs  151
2026-05-11 20:41:56.784069 CST | [antmaze-large-diverse-v2] AverageReturn      0.8
2026-05-11 20:41:56.784098 CST | [antmaze-large-diverse-v2] NormReturn         0.8
2026-05-11 20:41:56.784122 CST | [antmaze-large-diverse-v2] L_Act             21.5681
2026-05-11 20:41:56.784147 CST | [antmaze-large-diverse-v2] L_Crit             0.475456
2026-05-11 20:41:56.784171 CST | [antmaze-large-diverse-v2] Weight             0.539313
2026-05-11 20:41:56.784195 CST | [antmaze-large-diverse-v2] kl                 1
2026-05-11 20:41:56.784219 CST | [antmaze-large-diverse-v2] ---------------  ----------
2026-05-11 20:43:52.063774 CST | [antmaze-large-diverse-v2] ---------------  ----------
2026-05-11 20:43:52.063876 CST | [antmaze-large-diverse-v2] Training Epochs  152
2026-05-11 20:43:52.063911 CST | [antmaze-large-diverse-v2] AverageReturn      0.4
2026-05-11 20:43:52.063936 CST | [antmaze-large-diverse-v2] NormReturn         0.4
2026-05-11 20:43:52.063961 CST | [antmaze-large-diverse-v2] L_Act             21.5641
2026-05-11 20:43:52.063987 CST | [antmaze-large-diverse-v2] L_Crit             0.477998
2026-05-11 20:43:52.064012 CST | [antmaze-large-diverse-v2] Weight             0.539636
2026-05-11 20:43:52.064036 CST | [antmaze-large-diverse-v2] kl                 1
2026-05-11 20:43:52.064061 CST | [antmaze-large-diverse-v2] ---------------  ----------
2026-05-11 20:45:47.168892 CST | [antmaze-large-diverse-v2] ---------------  ----------
2026-05-11 20:45:47.169000 CST | [antmaze-large-diverse-v2] Training Epochs  153
2026-05-11 20:45:47.169055 CST | [antmaze-large-diverse-v2] AverageReturn      0.5
2026-05-11 20:45:47.169082 CST | [antmaze-large-diverse-v2] NormReturn         0.5
2026-05-11 20:45:47.169107 CST | [antmaze-large-diverse-v2] L_Act             21.612
2026-05-11 20:45:47.169132 CST | [antmaze-large-diverse-v2] L_Crit             0.482335
2026-05-11 20:45:47.169156 CST | [antmaze-large-diverse-v2] Weight             0.538034
2026-05-11 20:45:47.169181 CST | [antmaze-large-diverse-v2] kl                 1
2026-05-11 20:45:47.169206 CST | [antmaze-large-diverse-v2] ---------------  ----------
2026-05-11 20:47:43.222735 CST | [antmaze-large-diverse-v2] ---------------  ----------
2026-05-11 20:47:43.222843 CST | [antmaze-large-diverse-v2] Training Epochs  154
2026-05-11 20:47:43.222881 CST | [antmaze-large-diverse-v2] AverageReturn      0.3
2026-05-11 20:47:43.222906 CST | [antmaze-large-diverse-v2] NormReturn         0.3
2026-05-11 20:47:43.222931 CST | [antmaze-large-diverse-v2] L_Act             21.6336
2026-05-11 20:47:43.222961 CST | [antmaze-large-diverse-v2] L_Crit             0.475324
2026-05-11 20:47:43.222985 CST | [antmaze-large-diverse-v2] Weight             0.538869
2026-05-11 20:47:43.223010 CST | [antmaze-large-diverse-v2] kl                 1
2026-05-11 20:47:43.223034 CST | [antmaze-large-diverse-v2] ---------------  ----------
2026-05-11 20:49:38.891779 CST | [antmaze-large-diverse-v2] ---------------  ----------
2026-05-11 20:49:38.891870 CST | [antmaze-large-diverse-v2] Training Epochs  155
2026-05-11 20:49:38.891919 CST | [antmaze-large-diverse-v2] AverageReturn      0.3
2026-05-11 20:49:38.891964 CST | [antmaze-large-diverse-v2] NormReturn         0.3
2026-05-11 20:49:38.891990 CST | [antmaze-large-diverse-v2] L_Act             21.6572
2026-05-11 20:49:38.892015 CST | [antmaze-large-diverse-v2] L_Crit             0.470983
2026-05-11 20:49:38.892040 CST | [antmaze-large-diverse-v2] Weight             0.538101
2026-05-11 20:49:38.892065 CST | [antmaze-large-diverse-v2] kl                 1
2026-05-11 20:49:38.892089 CST | [antmaze-large-diverse-v2] ---------------  ----------
2026-05-11 20:51:32.224170 CST | [antmaze-large-diverse-v2] ---------------  ----------
2026-05-11 20:51:32.224276 CST | [antmaze-large-diverse-v2] Training Epochs  156
2026-05-11 20:51:32.224311 CST | [antmaze-large-diverse-v2] AverageReturn      0.5
2026-05-11 20:51:32.224337 CST | [antmaze-large-diverse-v2] NormReturn         0.5
2026-05-11 20:51:32.224362 CST | [antmaze-large-diverse-v2] L_Act             21.6359
2026-05-11 20:51:32.224387 CST | [antmaze-large-diverse-v2] L_Crit             0.469889
2026-05-11 20:51:32.224414 CST | [antmaze-large-diverse-v2] Weight             0.537809
2026-05-11 20:51:32.224438 CST | [antmaze-large-diverse-v2] kl                 1
2026-05-11 20:51:32.224462 CST | [antmaze-large-diverse-v2] ---------------  ----------
2026-05-11 20:53:26.301849 CST | [antmaze-large-diverse-v2] ---------------  ----------
2026-05-11 20:53:26.301960 CST | [antmaze-large-diverse-v2] Training Epochs  157
2026-05-11 20:53:26.301991 CST | [antmaze-large-diverse-v2] AverageReturn      0.5
2026-05-11 20:53:26.302017 CST | [antmaze-large-diverse-v2] NormReturn         0.5
2026-05-11 20:53:26.302042 CST | [antmaze-large-diverse-v2] L_Act             21.6694
2026-05-11 20:53:26.302067 CST | [antmaze-large-diverse-v2] L_Crit             0.471318
2026-05-11 20:53:26.302092 CST | [antmaze-large-diverse-v2] Weight             0.536606
2026-05-11 20:53:26.302117 CST | [antmaze-large-diverse-v2] kl                 1
2026-05-11 20:53:26.302141 CST | [antmaze-large-diverse-v2] ---------------  ----------
2026-05-11 20:55:21.481441 CST | [antmaze-large-diverse-v2] ---------------  ----------
2026-05-11 20:55:21.481545 CST | [antmaze-large-diverse-v2] Training Epochs  158
2026-05-11 20:55:21.481575 CST | [antmaze-large-diverse-v2] AverageReturn      0.4
2026-05-11 20:55:21.481601 CST | [antmaze-large-diverse-v2] NormReturn         0.4
2026-05-11 20:55:21.481626 CST | [antmaze-large-diverse-v2] L_Act             21.651
2026-05-11 20:55:21.481651 CST | [antmaze-large-diverse-v2] L_Crit             0.465413
2026-05-11 20:55:21.481676 CST | [antmaze-large-diverse-v2] Weight             0.539152
2026-05-11 20:55:21.481701 CST | [antmaze-large-diverse-v2] kl                 1
2026-05-11 20:55:21.481725 CST | [antmaze-large-diverse-v2] ---------------  ----------
2026-05-11 20:57:16.312492 CST | [antmaze-large-diverse-v2] ---------------  ----------
2026-05-11 20:57:16.312598 CST | [antmaze-large-diverse-v2] Training Epochs  159
2026-05-11 20:57:16.312628 CST | [antmaze-large-diverse-v2] AverageReturn      0.4
2026-05-11 20:57:16.312654 CST | [antmaze-large-diverse-v2] NormReturn         0.4
2026-05-11 20:57:16.312679 CST | [antmaze-large-diverse-v2] L_Act             21.6516
2026-05-11 20:57:16.312704 CST | [antmaze-large-diverse-v2] L_Crit             0.466461
2026-05-11 20:57:16.312728 CST | [antmaze-large-diverse-v2] Weight             0.537573
2026-05-11 20:57:16.312753 CST | [antmaze-large-diverse-v2] kl                 1
2026-05-11 20:57:16.312777 CST | [antmaze-large-diverse-v2] ---------------  ----------
2026-05-11 20:59:12.298612 CST | [antmaze-large-diverse-v2] ---------------  ----------
2026-05-11 20:59:12.298713 CST | [antmaze-large-diverse-v2] Training Epochs  160
2026-05-11 20:59:12.298754 CST | [antmaze-large-diverse-v2] AverageReturn      0.3
2026-05-11 20:59:12.298780 CST | [antmaze-large-diverse-v2] NormReturn         0.3
2026-05-11 20:59:12.298805 CST | [antmaze-large-diverse-v2] L_Act             21.6379
2026-05-11 20:59:12.298830 CST | [antmaze-large-diverse-v2] L_Crit             0.464946
2026-05-11 20:59:12.298854 CST | [antmaze-large-diverse-v2] Weight             0.537836
2026-05-11 20:59:12.298879 CST | [antmaze-large-diverse-v2] kl                 1
2026-05-11 20:59:12.298903 CST | [antmaze-large-diverse-v2] ---------------  ----------
2026-05-11 21:01:08.290185 CST | [antmaze-large-diverse-v2] ---------------  ----------
2026-05-11 21:01:08.290292 CST | [antmaze-large-diverse-v2] Training Epochs  161
2026-05-11 21:01:08.290326 CST | [antmaze-large-diverse-v2] AverageReturn      0.3
2026-05-11 21:01:08.290352 CST | [antmaze-large-diverse-v2] NormReturn         0.3
2026-05-11 21:01:08.290377 CST | [antmaze-large-diverse-v2] L_Act             21.6881
2026-05-11 21:01:08.290402 CST | [antmaze-large-diverse-v2] L_Crit             0.459383
2026-05-11 21:01:08.290427 CST | [antmaze-large-diverse-v2] Weight             0.536715
2026-05-11 21:01:08.290451 CST | [antmaze-large-diverse-v2] kl                 1
2026-05-11 21:01:08.290476 CST | [antmaze-large-diverse-v2] ---------------  ----------
2026-05-11 21:03:05.156039 CST | [antmaze-large-diverse-v2] ---------------  ----------
2026-05-11 21:03:05.156148 CST | [antmaze-large-diverse-v2] Training Epochs  162
2026-05-11 21:03:05.156179 CST | [antmaze-large-diverse-v2] AverageReturn      0.2
2026-05-11 21:03:05.156206 CST | [antmaze-large-diverse-v2] NormReturn         0.2
2026-05-11 21:03:05.156232 CST | [antmaze-large-diverse-v2] L_Act             21.7399
2026-05-11 21:03:05.156257 CST | [antmaze-large-diverse-v2] L_Crit             0.47118
2026-05-11 21:03:05.156283 CST | [antmaze-large-diverse-v2] Weight             0.537477
2026-05-11 21:03:05.156308 CST | [antmaze-large-diverse-v2] kl                 1
2026-05-11 21:03:05.156333 CST | [antmaze-large-diverse-v2] ---------------  ----------
2026-05-11 21:04:58.535125 CST | [antmaze-large-diverse-v2] ---------------  ----------
2026-05-11 21:04:58.535213 CST | [antmaze-large-diverse-v2] Training Epochs  163
2026-05-11 21:04:58.535256 CST | [antmaze-large-diverse-v2] AverageReturn      0.6
2026-05-11 21:04:58.535284 CST | [antmaze-large-diverse-v2] NormReturn         0.6
2026-05-11 21:04:58.535311 CST | [antmaze-large-diverse-v2] L_Act             21.7488
2026-05-11 21:04:58.535336 CST | [antmaze-large-diverse-v2] L_Crit             0.467336
2026-05-11 21:04:58.535361 CST | [antmaze-large-diverse-v2] Weight             0.534533
2026-05-11 21:04:58.535385 CST | [antmaze-large-diverse-v2] kl                 1
2026-05-11 21:04:58.535409 CST | [antmaze-large-diverse-v2] ---------------  ----------
2026-05-11 21:06:52.897726 CST | [antmaze-large-diverse-v2] ---------------  ----------
2026-05-11 21:06:52.897855 CST | [antmaze-large-diverse-v2] Training Epochs  164
2026-05-11 21:06:52.897890 CST | [antmaze-large-diverse-v2] AverageReturn      0.5
2026-05-11 21:06:52.897927 CST | [antmaze-large-diverse-v2] NormReturn         0.5
2026-05-11 21:06:52.897952 CST | [antmaze-large-diverse-v2] L_Act             21.8216
2026-05-11 21:06:52.897977 CST | [antmaze-large-diverse-v2] L_Crit             0.470599
2026-05-11 21:06:52.898001 CST | [antmaze-large-diverse-v2] Weight             0.536142
2026-05-11 21:06:52.898026 CST | [antmaze-large-diverse-v2] kl                 1
2026-05-11 21:06:52.898050 CST | [antmaze-large-diverse-v2] ---------------  ----------
2026-05-11 21:08:49.901300 CST | [antmaze-large-diverse-v2] ---------------  ----------
2026-05-11 21:08:49.901400 CST | [antmaze-large-diverse-v2] Training Epochs  165
2026-05-11 21:08:49.901432 CST | [antmaze-large-diverse-v2] AverageReturn      0.2
2026-05-11 21:08:49.901459 CST | [antmaze-large-diverse-v2] NormReturn         0.2
2026-05-11 21:08:49.901485 CST | [antmaze-large-diverse-v2] L_Act             21.7883
2026-05-11 21:08:49.901513 CST | [antmaze-large-diverse-v2] L_Crit             0.473611
2026-05-11 21:08:49.901538 CST | [antmaze-large-diverse-v2] Weight             0.534832
2026-05-11 21:08:49.901563 CST | [antmaze-large-diverse-v2] kl                 1
2026-05-11 21:08:49.901587 CST | [antmaze-large-diverse-v2] ---------------  ----------
2026-05-11 21:10:44.507492 CST | [antmaze-large-diverse-v2] ---------------  ----------
2026-05-11 21:10:44.507607 CST | [antmaze-large-diverse-v2] Training Epochs  166
2026-05-11 21:10:44.507638 CST | [antmaze-large-diverse-v2] AverageReturn      0.6
2026-05-11 21:10:44.507665 CST | [antmaze-large-diverse-v2] NormReturn         0.6
2026-05-11 21:10:44.507690 CST | [antmaze-large-diverse-v2] L_Act             21.7451
2026-05-11 21:10:44.507715 CST | [antmaze-large-diverse-v2] L_Crit             0.467871
2026-05-11 21:10:44.507739 CST | [antmaze-large-diverse-v2] Weight             0.538
2026-05-11 21:10:44.507767 CST | [antmaze-large-diverse-v2] kl                 1
2026-05-11 21:10:44.507793 CST | [antmaze-large-diverse-v2] ---------------  ----------
2026-05-11 21:12:41.434378 CST | [antmaze-large-diverse-v2] ---------------  ----------
2026-05-11 21:12:41.434477 CST | [antmaze-large-diverse-v2] Training Epochs  167
2026-05-11 21:12:41.434507 CST | [antmaze-large-diverse-v2] AverageReturn      0.2
2026-05-11 21:12:41.434533 CST | [antmaze-large-diverse-v2] NormReturn         0.2
2026-05-11 21:12:41.434562 CST | [antmaze-large-diverse-v2] L_Act             21.7009
2026-05-11 21:12:41.434587 CST | [antmaze-large-diverse-v2] L_Crit             0.466948
2026-05-11 21:12:41.434612 CST | [antmaze-large-diverse-v2] Weight             0.53685
2026-05-11 21:12:41.434638 CST | [antmaze-large-diverse-v2] kl                 1
2026-05-11 21:12:41.434662 CST | [antmaze-large-diverse-v2] ---------------  ----------
2026-05-11 21:14:37.652075 CST | [antmaze-large-diverse-v2] ---------------  ----------
2026-05-11 21:14:37.652178 CST | [antmaze-large-diverse-v2] Training Epochs  168
2026-05-11 21:14:37.652208 CST | [antmaze-large-diverse-v2] AverageReturn      0.3
2026-05-11 21:14:37.652235 CST | [antmaze-large-diverse-v2] NormReturn         0.3
2026-05-11 21:14:37.652260 CST | [antmaze-large-diverse-v2] L_Act             21.7354
2026-05-11 21:14:37.652285 CST | [antmaze-large-diverse-v2] L_Crit             0.474663
2026-05-11 21:14:37.652309 CST | [antmaze-large-diverse-v2] Weight             0.53755
2026-05-11 21:14:37.652334 CST | [antmaze-large-diverse-v2] kl                 1
2026-05-11 21:14:37.652358 CST | [antmaze-large-diverse-v2] ---------------  ----------
2026-05-11 21:16:31.364631 CST | [antmaze-large-diverse-v2] ---------------  ----------
2026-05-11 21:16:31.364739 CST | [antmaze-large-diverse-v2] Training Epochs  169
2026-05-11 21:16:31.364769 CST | [antmaze-large-diverse-v2] AverageReturn      0.6
2026-05-11 21:16:31.364794 CST | [antmaze-large-diverse-v2] NormReturn         0.6
2026-05-11 21:16:31.364818 CST | [antmaze-large-diverse-v2] L_Act             21.7281
2026-05-11 21:16:31.364841 CST | [antmaze-large-diverse-v2] L_Crit             0.473162
2026-05-11 21:16:31.364866 CST | [antmaze-large-diverse-v2] Weight             0.536899
2026-05-11 21:16:31.364891 CST | [antmaze-large-diverse-v2] kl                 1
2026-05-11 21:16:31.364914 CST | [antmaze-large-diverse-v2] ---------------  ----------
2026-05-11 21:18:24.343462 CST | [antmaze-large-diverse-v2] ---------------  ----------
2026-05-11 21:18:24.343562 CST | [antmaze-large-diverse-v2] Training Epochs  170
2026-05-11 21:18:24.343614 CST | [antmaze-large-diverse-v2] AverageReturn      0.5
2026-05-11 21:18:24.343641 CST | [antmaze-large-diverse-v2] NormReturn         0.5
2026-05-11 21:18:24.343666 CST | [antmaze-large-diverse-v2] L_Act             21.7796
2026-05-11 21:18:24.343691 CST | [antmaze-large-diverse-v2] L_Crit             0.467148
2026-05-11 21:18:24.343716 CST | [antmaze-large-diverse-v2] Weight             0.534288
2026-05-11 21:18:24.343740 CST | [antmaze-large-diverse-v2] kl                 1
2026-05-11 21:18:24.343765 CST | [antmaze-large-diverse-v2] ---------------  ----------
2026-05-11 21:20:17.785271 CST | [antmaze-large-diverse-v2] ---------------  ----------
2026-05-11 21:20:17.785372 CST | [antmaze-large-diverse-v2] Training Epochs  171
2026-05-11 21:20:17.785423 CST | [antmaze-large-diverse-v2] AverageReturn      0.6
2026-05-11 21:20:17.785449 CST | [antmaze-large-diverse-v2] NormReturn         0.6
2026-05-11 21:20:17.785475 CST | [antmaze-large-diverse-v2] L_Act             21.8105
2026-05-11 21:20:17.785499 CST | [antmaze-large-diverse-v2] L_Crit             0.469274
2026-05-11 21:20:17.785524 CST | [antmaze-large-diverse-v2] Weight             0.534818
2026-05-11 21:20:17.785548 CST | [antmaze-large-diverse-v2] kl                 1
2026-05-11 21:20:17.785572 CST | [antmaze-large-diverse-v2] ---------------  ----------
2026-05-11 21:22:10.751579 CST | [antmaze-large-diverse-v2] ---------------  ----------
2026-05-11 21:22:10.751683 CST | [antmaze-large-diverse-v2] Training Epochs  172
2026-05-11 21:22:10.751714 CST | [antmaze-large-diverse-v2] AverageReturn      0.6
2026-05-11 21:22:10.751740 CST | [antmaze-large-diverse-v2] NormReturn         0.6
2026-05-11 21:22:10.751765 CST | [antmaze-large-diverse-v2] L_Act             21.7533
2026-05-11 21:22:10.751795 CST | [antmaze-large-diverse-v2] L_Crit             0.467028
2026-05-11 21:22:10.751820 CST | [antmaze-large-diverse-v2] Weight             0.535878
2026-05-11 21:22:10.751847 CST | [antmaze-large-diverse-v2] kl                 1
2026-05-11 21:22:10.751871 CST | [antmaze-large-diverse-v2] ---------------  ----------
2026-05-11 21:24:04.747601 CST | [antmaze-large-diverse-v2] ---------------  ----------
2026-05-11 21:24:04.747734 CST | [antmaze-large-diverse-v2] Training Epochs  173
2026-05-11 21:24:04.747785 CST | [antmaze-large-diverse-v2] AverageReturn      0.6
2026-05-11 21:24:04.747812 CST | [antmaze-large-diverse-v2] NormReturn         0.6
2026-05-11 21:24:04.747837 CST | [antmaze-large-diverse-v2] L_Act             21.6978
2026-05-11 21:24:04.747863 CST | [antmaze-large-diverse-v2] L_Crit             0.465546
2026-05-11 21:24:04.747888 CST | [antmaze-large-diverse-v2] Weight             0.536588
2026-05-11 21:24:04.747917 CST | [antmaze-large-diverse-v2] kl                 1
2026-05-11 21:24:04.747946 CST | [antmaze-large-diverse-v2] ---------------  ----------
2026-05-11 21:25:59.811535 CST | [antmaze-large-diverse-v2] ---------------  ----------
2026-05-11 21:25:59.811643 CST | [antmaze-large-diverse-v2] Training Epochs  174
2026-05-11 21:25:59.811685 CST | [antmaze-large-diverse-v2] AverageReturn      0.5
2026-05-11 21:25:59.811711 CST | [antmaze-large-diverse-v2] NormReturn         0.5
2026-05-11 21:25:59.811736 CST | [antmaze-large-diverse-v2] L_Act             21.735
2026-05-11 21:25:59.811761 CST | [antmaze-large-diverse-v2] L_Crit             0.468812
2026-05-11 21:25:59.811785 CST | [antmaze-large-diverse-v2] Weight             0.536277
2026-05-11 21:25:59.811810 CST | [antmaze-large-diverse-v2] kl                 1
2026-05-11 21:25:59.811836 CST | [antmaze-large-diverse-v2] ---------------  ----------
2026-05-11 21:27:56.221714 CST | [antmaze-large-diverse-v2] ---------------  ----------
2026-05-11 21:27:56.221817 CST | [antmaze-large-diverse-v2] Training Epochs  175
2026-05-11 21:27:56.221848 CST | [antmaze-large-diverse-v2] AverageReturn      0.3
2026-05-11 21:27:56.221874 CST | [antmaze-large-diverse-v2] NormReturn         0.3
2026-05-11 21:27:56.221900 CST | [antmaze-large-diverse-v2] L_Act             21.7528
2026-05-11 21:27:56.221924 CST | [antmaze-large-diverse-v2] L_Crit             0.469463
2026-05-11 21:27:56.221949 CST | [antmaze-large-diverse-v2] Weight             0.535404
2026-05-11 21:27:56.221973 CST | [antmaze-large-diverse-v2] kl                 1
2026-05-11 21:27:56.221997 CST | [antmaze-large-diverse-v2] ---------------  ----------
2026-05-11 21:29:50.416694 CST | [antmaze-large-diverse-v2] ---------------  ----------
2026-05-11 21:29:50.416796 CST | [antmaze-large-diverse-v2] Training Epochs  176
2026-05-11 21:29:50.416836 CST | [antmaze-large-diverse-v2] AverageReturn      0.4
2026-05-11 21:29:50.416863 CST | [antmaze-large-diverse-v2] NormReturn         0.4
2026-05-11 21:29:50.416888 CST | [antmaze-large-diverse-v2] L_Act             21.8064
2026-05-11 21:29:50.416912 CST | [antmaze-large-diverse-v2] L_Crit             0.464189
2026-05-11 21:29:50.416941 CST | [antmaze-large-diverse-v2] Weight             0.535098
2026-05-11 21:29:50.416965 CST | [antmaze-large-diverse-v2] kl                 1
2026-05-11 21:29:50.416990 CST | [antmaze-large-diverse-v2] ---------------  ----------
2026-05-11 21:31:44.621638 CST | [antmaze-large-diverse-v2] ---------------  ----------
2026-05-11 21:31:44.621747 CST | [antmaze-large-diverse-v2] Training Epochs  177
2026-05-11 21:31:44.621778 CST | [antmaze-large-diverse-v2] AverageReturn      0.6
2026-05-11 21:31:44.621803 CST | [antmaze-large-diverse-v2] NormReturn         0.6
2026-05-11 21:31:44.621833 CST | [antmaze-large-diverse-v2] L_Act             21.8275
2026-05-11 21:31:44.621859 CST | [antmaze-large-diverse-v2] L_Crit             0.462024
2026-05-11 21:31:44.621885 CST | [antmaze-large-diverse-v2] Weight             0.535051
2026-05-11 21:31:44.621909 CST | [antmaze-large-diverse-v2] kl                 1
2026-05-11 21:31:44.621933 CST | [antmaze-large-diverse-v2] ---------------  ----------
2026-05-11 21:33:42.477583 CST | [antmaze-large-diverse-v2] ---------------  ----------
2026-05-11 21:33:42.477691 CST | [antmaze-large-diverse-v2] Training Epochs  178
2026-05-11 21:33:42.477747 CST | [antmaze-large-diverse-v2] AverageReturn      0.1
2026-05-11 21:33:42.477773 CST | [antmaze-large-diverse-v2] NormReturn         0.1
2026-05-11 21:33:42.477798 CST | [antmaze-large-diverse-v2] L_Act             21.8047
2026-05-11 21:33:42.477822 CST | [antmaze-large-diverse-v2] L_Crit             0.461915
2026-05-11 21:33:42.477846 CST | [antmaze-large-diverse-v2] Weight             0.534844
2026-05-11 21:33:42.477871 CST | [antmaze-large-diverse-v2] kl                 1
2026-05-11 21:33:42.477895 CST | [antmaze-large-diverse-v2] ---------------  ----------
2026-05-11 21:35:37.243190 CST | [antmaze-large-diverse-v2] ---------------  ----------
2026-05-11 21:35:37.243316 CST | [antmaze-large-diverse-v2] Training Epochs  179
2026-05-11 21:35:37.243346 CST | [antmaze-large-diverse-v2] AverageReturn      0.4
2026-05-11 21:35:37.243372 CST | [antmaze-large-diverse-v2] NormReturn         0.4
2026-05-11 21:35:37.243397 CST | [antmaze-large-diverse-v2] L_Act             21.7841
2026-05-11 21:35:37.243422 CST | [antmaze-large-diverse-v2] L_Crit             0.468081
2026-05-11 21:35:37.243446 CST | [antmaze-large-diverse-v2] Weight             0.532561
2026-05-11 21:35:37.243471 CST | [antmaze-large-diverse-v2] kl                 1
2026-05-11 21:35:37.243495 CST | [antmaze-large-diverse-v2] ---------------  ----------
2026-05-11 21:37:33.356595 CST | [antmaze-large-diverse-v2] ---------------  ----------
2026-05-11 21:37:33.356694 CST | [antmaze-large-diverse-v2] Training Epochs  180
2026-05-11 21:37:33.356744 CST | [antmaze-large-diverse-v2] AverageReturn      0.3
2026-05-11 21:37:33.356770 CST | [antmaze-large-diverse-v2] NormReturn         0.3
2026-05-11 21:37:33.356795 CST | [antmaze-large-diverse-v2] L_Act             21.8134
2026-05-11 21:37:33.356820 CST | [antmaze-large-diverse-v2] L_Crit             0.465562
2026-05-11 21:37:33.356844 CST | [antmaze-large-diverse-v2] Weight             0.535231
2026-05-11 21:37:33.356869 CST | [antmaze-large-diverse-v2] kl                 1
2026-05-11 21:37:33.356894 CST | [antmaze-large-diverse-v2] ---------------  ----------
2026-05-11 21:39:25.525807 CST | [antmaze-large-diverse-v2] ---------------  ----------
2026-05-11 21:39:25.525914 CST | [antmaze-large-diverse-v2] Training Epochs  181
2026-05-11 21:39:25.525946 CST | [antmaze-large-diverse-v2] AverageReturn      0.7
2026-05-11 21:39:25.525972 CST | [antmaze-large-diverse-v2] NormReturn         0.7
2026-05-11 21:39:25.525997 CST | [antmaze-large-diverse-v2] L_Act             21.7692
2026-05-11 21:39:25.526022 CST | [antmaze-large-diverse-v2] L_Crit             0.46482
2026-05-11 21:39:25.526047 CST | [antmaze-large-diverse-v2] Weight             0.536365
2026-05-11 21:39:25.526071 CST | [antmaze-large-diverse-v2] kl                 1
2026-05-11 21:39:25.526095 CST | [antmaze-large-diverse-v2] ---------------  ----------
2026-05-11 21:41:18.496479 CST | [antmaze-large-diverse-v2] ---------------  ----------
2026-05-11 21:41:18.496588 CST | [antmaze-large-diverse-v2] Training Epochs  182
2026-05-11 21:41:18.496633 CST | [antmaze-large-diverse-v2] AverageReturn      0.6
2026-05-11 21:41:18.496661 CST | [antmaze-large-diverse-v2] NormReturn         0.6
2026-05-11 21:41:18.496686 CST | [antmaze-large-diverse-v2] L_Act             21.755
2026-05-11 21:41:18.496710 CST | [antmaze-large-diverse-v2] L_Crit             0.464727
2026-05-11 21:41:18.496737 CST | [antmaze-large-diverse-v2] Weight             0.534892
2026-05-11 21:41:18.496761 CST | [antmaze-large-diverse-v2] kl                 1
2026-05-11 21:41:18.496786 CST | [antmaze-large-diverse-v2] ---------------  ----------
2026-05-11 21:43:13.491367 CST | [antmaze-large-diverse-v2] ---------------  ----------
2026-05-11 21:43:13.491470 CST | [antmaze-large-diverse-v2] Training Epochs  183
2026-05-11 21:43:13.491500 CST | [antmaze-large-diverse-v2] AverageReturn      0.4
2026-05-11 21:43:13.491526 CST | [antmaze-large-diverse-v2] NormReturn         0.4
2026-05-11 21:43:13.491553 CST | [antmaze-large-diverse-v2] L_Act             21.8242
2026-05-11 21:43:13.491578 CST | [antmaze-large-diverse-v2] L_Crit             0.466137
2026-05-11 21:43:13.491603 CST | [antmaze-large-diverse-v2] Weight             0.534408
2026-05-11 21:43:13.491627 CST | [antmaze-large-diverse-v2] kl                 1
2026-05-11 21:43:13.491651 CST | [antmaze-large-diverse-v2] ---------------  ----------
2026-05-11 21:45:08.094055 CST | [antmaze-large-diverse-v2] ---------------  ----------
2026-05-11 21:45:08.094159 CST | [antmaze-large-diverse-v2] Training Epochs  184
2026-05-11 21:45:08.094189 CST | [antmaze-large-diverse-v2] AverageReturn      0.4
2026-05-11 21:45:08.094215 CST | [antmaze-large-diverse-v2] NormReturn         0.4
2026-05-11 21:45:08.094240 CST | [antmaze-large-diverse-v2] L_Act             21.8609
2026-05-11 21:45:08.094265 CST | [antmaze-large-diverse-v2] L_Crit             0.464267
2026-05-11 21:45:08.094289 CST | [antmaze-large-diverse-v2] Weight             0.534265
2026-05-11 21:45:08.094314 CST | [antmaze-large-diverse-v2] kl                 1
2026-05-11 21:45:08.094338 CST | [antmaze-large-diverse-v2] ---------------  ----------
2026-05-11 21:47:05.021288 CST | [antmaze-large-diverse-v2] ---------------  ----------
2026-05-11 21:47:05.021376 CST | [antmaze-large-diverse-v2] Training Epochs  185
2026-05-11 21:47:05.021408 CST | [antmaze-large-diverse-v2] AverageReturn      0.2
2026-05-11 21:47:05.021435 CST | [antmaze-large-diverse-v2] NormReturn         0.2
2026-05-11 21:47:05.021461 CST | [antmaze-large-diverse-v2] L_Act             21.9024
2026-05-11 21:47:05.021486 CST | [antmaze-large-diverse-v2] L_Crit             0.465608
2026-05-11 21:47:05.021511 CST | [antmaze-large-diverse-v2] Weight             0.532011
2026-05-11 21:47:05.021536 CST | [antmaze-large-diverse-v2] kl                 1
2026-05-11 21:47:05.021560 CST | [antmaze-large-diverse-v2] ---------------  ----------
2026-05-11 21:48:59.761328 CST | [antmaze-large-diverse-v2] ---------------  ----------
2026-05-11 21:48:59.761428 CST | [antmaze-large-diverse-v2] Training Epochs  186
2026-05-11 21:48:59.761461 CST | [antmaze-large-diverse-v2] AverageReturn      0.4
2026-05-11 21:48:59.761488 CST | [antmaze-large-diverse-v2] NormReturn         0.4
2026-05-11 21:48:59.761517 CST | [antmaze-large-diverse-v2] L_Act             21.9323
2026-05-11 21:48:59.761542 CST | [antmaze-large-diverse-v2] L_Crit             0.461749
2026-05-11 21:48:59.761567 CST | [antmaze-large-diverse-v2] Weight             0.531556
2026-05-11 21:48:59.761592 CST | [antmaze-large-diverse-v2] kl                 1
2026-05-11 21:48:59.761618 CST | [antmaze-large-diverse-v2] ---------------  ----------
2026-05-11 21:50:53.314793 CST | [antmaze-large-diverse-v2] ---------------  ----------
2026-05-11 21:50:53.314898 CST | [antmaze-large-diverse-v2] Training Epochs  187
2026-05-11 21:50:53.314943 CST | [antmaze-large-diverse-v2] AverageReturn      0.5
2026-05-11 21:50:53.314968 CST | [antmaze-large-diverse-v2] NormReturn         0.5
2026-05-11 21:50:53.314993 CST | [antmaze-large-diverse-v2] L_Act             21.9461
2026-05-11 21:50:53.315018 CST | [antmaze-large-diverse-v2] L_Crit             0.463441
2026-05-11 21:50:53.315046 CST | [antmaze-large-diverse-v2] Weight             0.533116
2026-05-11 21:50:53.315075 CST | [antmaze-large-diverse-v2] kl                 1
2026-05-11 21:50:53.315099 CST | [antmaze-large-diverse-v2] ---------------  ----------
2026-05-11 21:52:49.101295 CST | [antmaze-large-diverse-v2] ---------------  ----------
2026-05-11 21:52:49.101392 CST | [antmaze-large-diverse-v2] Training Epochs  188
2026-05-11 21:52:49.101437 CST | [antmaze-large-diverse-v2] AverageReturn      0.3
2026-05-11 21:52:49.101463 CST | [antmaze-large-diverse-v2] NormReturn         0.3
2026-05-11 21:52:49.101488 CST | [antmaze-large-diverse-v2] L_Act             21.9337
2026-05-11 21:52:49.101513 CST | [antmaze-large-diverse-v2] L_Crit             0.458158
2026-05-11 21:52:49.101538 CST | [antmaze-large-diverse-v2] Weight             0.532839
2026-05-11 21:52:49.101566 CST | [antmaze-large-diverse-v2] kl                 1
2026-05-11 21:52:49.101590 CST | [antmaze-large-diverse-v2] ---------------  ----------
2026-05-11 21:54:42.470145 CST | [antmaze-large-diverse-v2] ---------------  ----------
2026-05-11 21:54:42.470242 CST | [antmaze-large-diverse-v2] Training Epochs  189
2026-05-11 21:54:42.470273 CST | [antmaze-large-diverse-v2] AverageReturn      0.6
2026-05-11 21:54:42.470301 CST | [antmaze-large-diverse-v2] NormReturn         0.6
2026-05-11 21:54:42.470326 CST | [antmaze-large-diverse-v2] L_Act             21.8561
2026-05-11 21:54:42.470351 CST | [antmaze-large-diverse-v2] L_Crit             0.451812
2026-05-11 21:54:42.470376 CST | [antmaze-large-diverse-v2] Weight             0.533772
2026-05-11 21:54:42.470401 CST | [antmaze-large-diverse-v2] kl                 1
2026-05-11 21:54:42.470425 CST | [antmaze-large-diverse-v2] ---------------  ----------
2026-05-11 21:56:35.544359 CST | [antmaze-large-diverse-v2] ---------------  ---------
2026-05-11 21:56:35.544485 CST | [antmaze-large-diverse-v2] Training Epochs  190
2026-05-11 21:56:35.544517 CST | [antmaze-large-diverse-v2] AverageReturn      0.6
2026-05-11 21:56:35.544544 CST | [antmaze-large-diverse-v2] NormReturn         0.6
2026-05-11 21:56:35.544569 CST | [antmaze-large-diverse-v2] L_Act             21.7963
2026-05-11 21:56:35.544594 CST | [antmaze-large-diverse-v2] L_Crit             0.46154
2026-05-11 21:56:35.544618 CST | [antmaze-large-diverse-v2] Weight             0.53465
2026-05-11 21:56:35.544643 CST | [antmaze-large-diverse-v2] kl                 1
2026-05-11 21:56:35.544667 CST | [antmaze-large-diverse-v2] ---------------  ---------
2026-05-11 21:58:29.293101 CST | [antmaze-large-diverse-v2] ---------------  ----------
2026-05-11 21:58:29.293202 CST | [antmaze-large-diverse-v2] Training Epochs  191
2026-05-11 21:58:29.293232 CST | [antmaze-large-diverse-v2] AverageReturn      0.5
2026-05-11 21:58:29.293258 CST | [antmaze-large-diverse-v2] NormReturn         0.5
2026-05-11 21:58:29.293283 CST | [antmaze-large-diverse-v2] L_Act             21.8669
2026-05-11 21:58:29.293308 CST | [antmaze-large-diverse-v2] L_Crit             0.465566
2026-05-11 21:58:29.293332 CST | [antmaze-large-diverse-v2] Weight             0.531849
2026-05-11 21:58:29.293357 CST | [antmaze-large-diverse-v2] kl                 1
2026-05-11 21:58:29.293382 CST | [antmaze-large-diverse-v2] ---------------  ----------
2026-05-11 22:00:24.205846 CST | [antmaze-large-diverse-v2] ---------------  ----------
2026-05-11 22:00:24.205940 CST | [antmaze-large-diverse-v2] Training Epochs  192
2026-05-11 22:00:24.205972 CST | [antmaze-large-diverse-v2] AverageReturn      0.4
2026-05-11 22:00:24.205998 CST | [antmaze-large-diverse-v2] NormReturn         0.4
2026-05-11 22:00:24.206023 CST | [antmaze-large-diverse-v2] L_Act             21.8324
2026-05-11 22:00:24.206048 CST | [antmaze-large-diverse-v2] L_Crit             0.462926
2026-05-11 22:00:24.206073 CST | [antmaze-large-diverse-v2] Weight             0.535051
2026-05-11 22:00:24.206101 CST | [antmaze-large-diverse-v2] kl                 1
2026-05-11 22:00:24.206126 CST | [antmaze-large-diverse-v2] ---------------  ----------
2026-05-11 22:02:19.304220 CST | [antmaze-large-diverse-v2] ---------------  ----------
2026-05-11 22:02:19.304324 CST | [antmaze-large-diverse-v2] Training Epochs  193
2026-05-11 22:02:19.304355 CST | [antmaze-large-diverse-v2] AverageReturn      0.5
2026-05-11 22:02:19.304381 CST | [antmaze-large-diverse-v2] NormReturn         0.5
2026-05-11 22:02:19.304406 CST | [antmaze-large-diverse-v2] L_Act             21.8162
2026-05-11 22:02:19.304432 CST | [antmaze-large-diverse-v2] L_Crit             0.454994
2026-05-11 22:02:19.304456 CST | [antmaze-large-diverse-v2] Weight             0.533199
2026-05-11 22:02:19.304480 CST | [antmaze-large-diverse-v2] kl                 1
2026-05-11 22:02:19.304505 CST | [antmaze-large-diverse-v2] ---------------  ----------
2026-05-11 22:04:15.553738 CST | [antmaze-large-diverse-v2] ---------------  ----------
2026-05-11 22:04:15.553838 CST | [antmaze-large-diverse-v2] Training Epochs  194
2026-05-11 22:04:15.553883 CST | [antmaze-large-diverse-v2] AverageReturn      0.3
2026-05-11 22:04:15.553910 CST | [antmaze-large-diverse-v2] NormReturn         0.3
2026-05-11 22:04:15.553937 CST | [antmaze-large-diverse-v2] L_Act             21.8073
2026-05-11 22:04:15.553961 CST | [antmaze-large-diverse-v2] L_Crit             0.462225
2026-05-11 22:04:15.553986 CST | [antmaze-large-diverse-v2] Weight             0.535007
2026-05-11 22:04:15.554012 CST | [antmaze-large-diverse-v2] kl                 1
2026-05-11 22:04:15.554036 CST | [antmaze-large-diverse-v2] ---------------  ----------
2026-05-11 22:06:11.108148 CST | [antmaze-large-diverse-v2] ---------------  ----------
2026-05-11 22:06:11.108271 CST | [antmaze-large-diverse-v2] Training Epochs  195
2026-05-11 22:06:11.108303 CST | [antmaze-large-diverse-v2] AverageReturn      0.3
2026-05-11 22:06:11.108330 CST | [antmaze-large-diverse-v2] NormReturn         0.3
2026-05-11 22:06:11.108356 CST | [antmaze-large-diverse-v2] L_Act             21.8432
2026-05-11 22:06:11.108381 CST | [antmaze-large-diverse-v2] L_Crit             0.467724
2026-05-11 22:06:11.108406 CST | [antmaze-large-diverse-v2] Weight             0.532909
2026-05-11 22:06:11.108430 CST | [antmaze-large-diverse-v2] kl                 1
2026-05-11 22:06:11.108455 CST | [antmaze-large-diverse-v2] ---------------  ----------
2026-05-11 22:08:04.149023 CST | [antmaze-large-diverse-v2] ---------------  ----------
2026-05-11 22:08:04.149133 CST | [antmaze-large-diverse-v2] Training Epochs  196
2026-05-11 22:08:04.149164 CST | [antmaze-large-diverse-v2] AverageReturn      0.6
2026-05-11 22:08:04.149190 CST | [antmaze-large-diverse-v2] NormReturn         0.6
2026-05-11 22:08:04.149215 CST | [antmaze-large-diverse-v2] L_Act             21.862
2026-05-11 22:08:04.149240 CST | [antmaze-large-diverse-v2] L_Crit             0.457739
2026-05-11 22:08:04.149266 CST | [antmaze-large-diverse-v2] Weight             0.534494
2026-05-11 22:08:04.149292 CST | [antmaze-large-diverse-v2] kl                 1
2026-05-11 22:08:04.149317 CST | [antmaze-large-diverse-v2] ---------------  ----------
2026-05-11 22:09:59.986742 CST | [antmaze-large-diverse-v2] ---------------  ----------
2026-05-11 22:09:59.986846 CST | [antmaze-large-diverse-v2] Training Epochs  197
2026-05-11 22:09:59.986877 CST | [antmaze-large-diverse-v2] AverageReturn      0.3
2026-05-11 22:09:59.986903 CST | [antmaze-large-diverse-v2] NormReturn         0.3
2026-05-11 22:09:59.986928 CST | [antmaze-large-diverse-v2] L_Act             21.7844
2026-05-11 22:09:59.986953 CST | [antmaze-large-diverse-v2] L_Crit             0.457905
2026-05-11 22:09:59.986978 CST | [antmaze-large-diverse-v2] Weight             0.536731
2026-05-11 22:09:59.987002 CST | [antmaze-large-diverse-v2] kl                 1
2026-05-11 22:09:59.987027 CST | [antmaze-large-diverse-v2] ---------------  ----------
2026-05-11 22:11:54.970329 CST | [antmaze-large-diverse-v2] ---------------  ----------
2026-05-11 22:11:54.970433 CST | [antmaze-large-diverse-v2] Training Epochs  198
2026-05-11 22:11:54.970464 CST | [antmaze-large-diverse-v2] AverageReturn      0.4
2026-05-11 22:11:54.970491 CST | [antmaze-large-diverse-v2] NormReturn         0.4
2026-05-11 22:11:54.970517 CST | [antmaze-large-diverse-v2] L_Act             21.7398
2026-05-11 22:11:54.970542 CST | [antmaze-large-diverse-v2] L_Crit             0.459038
2026-05-11 22:11:54.970567 CST | [antmaze-large-diverse-v2] Weight             0.536561
2026-05-11 22:11:54.970592 CST | [antmaze-large-diverse-v2] kl                 1
2026-05-11 22:11:54.970617 CST | [antmaze-large-diverse-v2] ---------------  ----------
2026-05-11 22:13:48.115656 CST | [antmaze-large-diverse-v2] ---------------  ----------
2026-05-11 22:13:48.115775 CST | [antmaze-large-diverse-v2] Training Epochs  199
2026-05-11 22:13:48.115805 CST | [antmaze-large-diverse-v2] AverageReturn      0.6
2026-05-11 22:13:48.115836 CST | [antmaze-large-diverse-v2] NormReturn         0.6
2026-05-11 22:13:48.115861 CST | [antmaze-large-diverse-v2] L_Act             21.7872
2026-05-11 22:13:48.115888 CST | [antmaze-large-diverse-v2] L_Crit             0.465091
2026-05-11 22:13:48.115919 CST | [antmaze-large-diverse-v2] Weight             0.534554
2026-05-11 22:13:48.115944 CST | [antmaze-large-diverse-v2] kl                 1
2026-05-11 22:13:48.115968 CST | [antmaze-large-diverse-v2] ---------------  ----------
