HDF5 file: /home/guannan/first/dataset/generated_dataset/maze2d/expert/teset522_success1.hdf5

num_points: 1658
point_count_key: observations

[Dataset] actions
  shape: (1658, 2)
  dtype: float32
  min: -0.9027354121208191
  max: 0.9675820469856262
  mean: 0.04259614273905754
  content:
[[ 5.162975e-01  4.107105e-01]
 [ 5.161664e-01  3.979670e-01]
 [ 5.134543e-01  3.885987e-01]
 [ 4.916082e-01  3.842341e-01]
 [ 4.703130e-01  3.772868e-01]
 [ 4.518389e-01  3.735022e-01]
 [ 4.347278e-01  3.662588e-01]
 [ 4.111742e-01  3.486486e-01]
 [ 3.757468e-01  3.310699e-01]
 [ 3.316892e-01  3.181834e-01]
 [ 2.883023e-01  2.988311e-01]
 [ 2.514204e-01  2.719555e-01]
 [ 2.143591e-01  2.442854e-01]
 [ 1.709009e-01  2.186876e-01]
 [ 1.301172e-01  1.964461e-01]
 [ 7.858811e-02  1.713932e-01]
 [ 8.821965e-04  1.458318e-01]
 [-8.086515e-02  1.234788e-01]
 [-1.648630e-01  1.079470e-01]
 [-2.551563e-01  9.388296e-02]
 [-3.411229e-01  9.702233e-02]
 [-3.889849e-01  1.073624e-01]
 [-3.846748e-01  1.291308e-01]
 [-3.712724e-01  1.554443e-01]
 [-3.546050e-01  1.839105e-01]
 [-3.374999e-01  2.071354e-01]
 [-3.339248e-01  2.223014e-01]
 [-3.302292e-01  2.415105e-01]
 [-3.275240e-01  2.532778e-01]
 [ 2.424061e-02  2.389524e-01]
 [ 2.335684e-02  2.177276e-01]
 [ 2.344906e-02  1.994597e-01]
 [ 2.176420e-02  1.845991e-01]
 [ 2.040010e-02  1.774118e-01]
 [ 2.179708e-02  1.713132e-01]
 [ 2.092268e-02  1.670192e-01]
 [ 2.095498e-02  1.630877e-01]
 [ 2.101912e-02  1.590116e-01]
 [ 2.080891e-02  1.566127e-01]
 [ 2.076670e-02  1.539171e-01]
 [ 2.034479e-02  1.515487e-01]
 [ 2.011414e-02  1.487108e-01]
 [ 1.971837e-02  1.462755e-01]
 [ 1.956901e-02  1.444650e-01]
 [ 1.957912e-02  1.413149e-01]
 [ 1.921728e-02  1.394045e-01]
 [ 1.930784e-02  1.376557e-01]
 [ 1.916555e-02  1.351962e-01]
 [ 1.941440e-02  1.333781e-01]
 [ 1.970103e-02  1.304290e-01]
 [ 1.929588e-02  1.286496e-01]
 [ 1.944379e-02  1.269735e-01]
 [ 1.946662e-02  1.243859e-01]
 [ 1.953329e-02  1.225801e-01]
 [ 2.089605e-02  1.198200e-01]
 [ 2.507290e-02  1.180683e-01]
 [ 3.058837e-02  1.155945e-01]
 [ 3.597888e-02  1.130363e-01]
 [ 4.253069e-02  1.109442e-01]
 [ 6.289504e-02  1.068122e-01]
 [ 8.434509e-02  1.026034e-01]
 [ 1.038169e-01  9.886935e-02]
 [ 1.223721e-01  9.476224e-02]
 [ 1.403015e-01  9.050719e-02]
 [ 1.580248e-01  8.646537e-02]
 [ 1.828798e-01  8.130083e-02]
 [ 1.980520e-01  7.775300e-02]
 [ 2.167875e-01  7.312306e-02]
 [ 2.383168e-01  6.378073e-02]
 [ 2.474157e-01  5.332752e-02]
 [ 2.607767e-01  4.162758e-02]
 [ 2.719465e-01  2.911216e-02]
 [ 2.866175e-01  1.394992e-02]
 [ 3.000992e-01  3.004027e-03]
 [ 3.160503e-01 -8.364446e-03]
 [ 3.298064e-01 -1.755974e-02]
 [ 3.568996e-01 -2.844594e-02]
 [ 3.678295e-01 -3.565709e-02]
 [ 3.797012e-01 -4.144472e-02]
 [ 3.958018e-01 -4.452605e-02]
 [ 4.122050e-01 -5.047017e-02]
 [ 4.764208e-01 -6.015993e-02]
 [ 5.265741e-01 -6.791367e-02]
 [ 5.502273e-01 -7.784244e-02]
 [ 5.214667e-01 -8.880351e-02]
 [ 4.975716e-01 -9.835492e-02]
 [ 4.790860e-01 -1.087980e-01]
 [ 4.609133e-01 -1.105198e-01]
 [ 4.492043e-01 -1.042061e-01]
 [ 4.410178e-01 -9.635254e-02]
 [ 4.438116e-01 -8.458693e-02]
 [ 4.508642e-01 -6.720773e-02]
 [ 4.610536e-01 -4.774917e-02]
 [ 4.741577e-01 -2.793202e-02]
 [ 4.829156e-01 -6.689916e-03]
 [ 4.951570e-01  1.580359e-02]
 [ 5.037181e-01  2.791339e-02]
 [ 5.028077e-01  1.527289e-02]
 [ 4.726048e-01 -5.103994e-03]
 [ 4.346702e-01 -2.027288e-02]
 [ 3.208103e-01 -2.899144e-02]
 [ 1.403606e-01 -3.946654e-02]
 [-6.373473e-02 -4.244073e-02]
 [-2.919637e-01 -3.582672e-02]
 [-4.964382e-01 -2.556885e-02]
 [-6.834926e-01 -1.553768e-02]
 [-8.345566e-01 -4.466207e-03]
 [-8.737300e-01  1.631992e-02]
 [-8.447471e-01  3.103857e-02]
 [-8.089260e-01  5.467160e-02]
 [-7.827914e-01  8.480711e-02]
 [-7.654063e-01  1.517209e-01]
 [-7.172468e-01  2.001203e-01]
 [-6.374639e-01  2.527853e-01]
 [-5.684618e-01  3.195807e-01]
 [-5.193020e-01  3.841199e-01]
 [-4.945010e-01  4.182482e-01]
 [-4.824715e-01  4.518888e-01]
 [-4.848405e-01  4.937049e-01]
 [-5.199322e-01  5.347214e-01]
 [-5.670866e-01  5.672896e-01]
 [-5.818728e-01  5.996205e-01]
 [-6.106067e-01  6.282316e-01]
 [-6.146287e-01  6.548285e-01]
 [-6.034594e-01  6.641532e-01]
 [-5.766088e-01  6.761330e-01]
 [-5.164713e-01  6.918619e-01]
 [-4.599232e-01  7.005531e-01]
 [-3.585075e-01  7.155682e-01]
 [-2.602623e-01  7.377833e-01]
 [-1.994371e-01  7.574610e-01]
 [-1.391573e-01  7.669550e-01]
 [-1.032588e-01  7.538570e-01]
 [-9.829525e-02  7.272031e-01]
 [-1.020785e-01  6.919762e-01]
 [-1.082507e-01  6.345888e-01]
 [-1.092851e-01  5.228555e-01]
 [-1.039922e-01  3.850622e-01]
 [-9.528299e-02  2.177570e-01]
 [-8.183028e-02  5.127904e-02]
 [-6.849102e-02 -1.220436e-01]
 [-5.747300e-02 -2.906376e-01]
 [-4.056878e-02 -4.471342e-01]
 [-1.761817e-02 -4.004920e-01]
 [ 6.644447e-04 -3.479328e-01]
 [ 1.791577e-02 -2.909280e-01]
 [ 2.976935e-02 -2.055348e-01]
 [ 3.369664e-02  2.743686e-02]
 [ 2.502600e-02  2.119291e-01]
 [ 1.246748e-02  3.641527e-01]
 [ 1.866449e-03  5.018421e-01]
 [-1.231859e-02  5.921172e-01]
 [-2.812662e-02  7.120367e-01]
 [-4.375709e-02  7.412099e-01]
 [-4.479121e-02  7.428967e-01]
 [-4.616931e-02  7.598631e-01]
 [-5.236009e-02  7.828689e-01]
 [-5.271098e-02  7.751581e-01]
 [-4.883711e-02  7.659552e-01]
 [-2.961348e-02  7.395684e-01]
 [-3.745858e-03  7.101950e-01]
 [ 2.266231e-02  6.837063e-01]
 [ 5.992026e-02  5.657370e-01]
 [ 7.981949e-02  4.567835e-01]
 [ 9.586389e-02  2.981342e-01]
 [ 1.114773e-01  1.143839e-01]
 [ 1.205258e-01 -1.133722e-01]
 [ 1.243366e-01 -2.268797e-01]
 [ 1.236548e-01 -3.401323e-01]
 [ 1.193021e-01 -4.394218e-01]
 [ 1.124365e-01 -4.229326e-01]
 [ 1.055167e-01 -4.030261e-01]
 [ 1.005457e-01 -3.623245e-01]
 [ 8.558567e-02 -1.710395e-01]
 [ 6.873334e-02  5.913270e-02]
 [ 6.083449e-02  2.738561e-01]
 [ 5.129480e-02  4.624008e-01]
 [ 4.472002e-02  6.314247e-01]
 [ 4.737285e-02  7.289546e-01]
 [ 5.799944e-02  7.335354e-01]
 [ 7.297084e-02  7.323086e-01]
 [ 8.922877e-02  7.011319e-01]
 [ 9.198730e-02  6.844921e-01]
 [ 9.168842e-02  6.541328e-01]
 [ 9.712666e-02  5.267397e-01]
 [ 1.035342e-01  3.795286e-01]
 [ 1.122271e-01  2.229262e-01]
 [ 1.197797e-01  6.733105e-02]
 [ 1.146366e-01 -8.990727e-02]
 [ 1.091029e-01 -2.043680e-01]
 [ 9.692776e-02 -2.405366e-01]
 [ 8.322010e-02 -2.716288e-01]
 [ 6.631795e-02 -2.621644e-01]
 [ 3.570737e-02 -6.884805e-02]
 [ 2.191523e-02  1.521899e-01]
 [ 9.487113e-03  3.399466e-01]
 [-9.508349e-03  5.104699e-01]
 [-3.787127e-02  6.601713e-01]
 [-5.322678e-02  7.043306e-01]
 [-6.612209e-02  7.435021e-01]
 [-8.038061e-02  7.785136e-01]
 [-8.343796e-02  7.777097e-01]
 [-8.475129e-02  7.802637e-01]
 [-7.955764e-02  7.488920e-01]
 [-5.895605e-02  5.284796e-01]
 [-4.725671e-02  3.068725e-01]
 [-3.648487e-02  1.086700e-01]
 [-2.646202e-02 -8.938468e-02]
 [-1.655434e-02 -2.853965e-01]
 [-7.058526e-03 -4.779155e-01]
 [-4.384658e-03 -5.898526e-01]
 [-1.807200e-03 -6.452550e-01]
 [ 7.764426e-04 -6.349776e-01]
 [ 2.802419e-03 -6.020142e-01]
 [ 1.128933e-02 -5.151448e-01]
 [ 2.744213e-02 -1.301256e-01]
 [ 4.349846e-02  2.419109e-01]
 [ 6.151891e-02  5.932079e-01]
 [ 5.665719e-02  6.800761e-01]
 [ 3.137473e-02  6.784624e-01]
 [-1.856515e-03  6.749833e-01]
 [-2.396906e-02  6.610096e-01]
 [-4.500064e-02  6.548325e-01]
 [-5.564635e-02  6.422893e-01]
 [-5.764239e-02  5.384586e-01]
 [-4.068178e-02  3.409002e-01]
 [-1.792847e-02  5.256545e-02]
 [ 1.462603e-02 -2.479286e-01]
 [ 4.561840e-02 -5.244859e-01]
 [ 5.586973e-02 -6.856285e-01]
 [ 6.537425e-02 -8.146867e-01]
 [ 7.419018e-02 -8.317509e-01]
 [ 9.753918e-02 -8.296880e-01]
 [ 1.314994e-01 -8.241069e-01]
 [ 1.557146e-01 -8.113552e-01]
 [ 2.187514e-01 -7.838591e-01]
 [ 3.794030e-01 -7.578145e-01]
 [ 5.494164e-01 -7.342386e-01]
 [ 7.158330e-01 -7.263729e-01]
 [ 8.237556e-01 -7.235172e-01]
 [ 8.668165e-01 -7.386398e-01]
 [ 9.149821e-01 -7.333146e-01]
 [ 9.581105e-01 -7.434009e-01]
 [ 9.663517e-01 -7.442069e-01]
 [ 9.646738e-01 -7.246412e-01]
 [ 9.539061e-01 -7.032901e-01]
 [ 9.434777e-01 -6.811396e-01]
 [ 9.244573e-01 -6.438460e-01]
 [ 9.322153e-01 -6.081091e-01]
 [ 9.357280e-01 -5.845305e-01]
 [ 9.385654e-01 -5.751353e-01]
 [ 9.344021e-01 -5.540332e-01]
 [ 8.937660e-01 -4.986875e-01]
 [ 8.457226e-01 -4.380883e-01]
 [ 7.699059e-01 -3.743517e-01]
 [ 6.139761e-01 -3.159306e-01]
 [ 4.066391e-01 -2.730039e-01]
 [ 1.660367e-01 -2.282813e-01]
 [-7.260948e-02 -1.862475e-01]
 [-2.750103e-01 -1.518607e-01]
 [-4.592256e-01 -1.142864e-01]
 [-5.579319e-01 -7.935370e-02]
 [-5.982118e-01 -4.471345e-02]
 [-5.880300e-01  1.335575e-03]
 [-4.553385e-01  2.381457e-02]
 [-2.354634e-01  2.353867e-02]
 [ 9.996183e-03  2.403821e-02]
 [ 2.587422e-01  2.715526e-02]
 [ 4.364265e-01  2.575481e-02]
 [ 5.891230e-01  1.685277e-02]
 [ 6.930578e-01  9.084037e-03]
 [ 7.187078e-01  1.175817e-03]
 [ 7.229631e-01 -8.655077e-03]
 [ 7.114443e-01 -6.075603e-03]
 [ 6.495686e-01 -7.402403e-03]
 [ 5.073172e-01 -9.126240e-03]
 [ 3.741492e-01 -1.804542e-02]
 [ 2.338314e-01 -2.174701e-02]
 [ 6.686771e-03 -1.693434e-02]
 [-2.011958e-01 -9.769131e-05]
 [-3.930995e-01  2.805953e-02]
 [-5.626433e-01  6.737144e-02]
 [-7.294571e-01  1.033301e-01]
 [-8.380451e-01  1.334947e-01]
 [-8.596057e-01  1.467683e-01]
 [-8.762926e-01  1.591011e-01]
 [-8.705385e-01  1.944859e-01]
 [-8.364447e-01  2.397565e-01]
 [-7.935522e-01  3.108968e-01]
 [-7.855647e-01  4.615070e-01]
 [-8.071495e-01  6.311897e-01]
 [-8.235967e-01  7.518433e-01]
 [-8.575720e-01  8.520785e-01]
 [-8.624793e-01  9.073809e-01]
 [-8.655590e-01  9.163026e-01]
 [-8.680300e-01  9.201553e-01]
 [-8.729805e-01  8.942799e-01]
 [-8.686588e-01  8.735498e-01]
 [-8.630309e-01  8.703924e-01]
 [-8.591022e-01  8.756804e-01]
 [-8.613425e-01  8.843646e-01]
 [-8.427243e-01  8.989978e-01]
 [-8.252706e-01  9.065542e-01]
 [-7.599264e-01  9.055722e-01]
 [-6.275643e-01  8.581396e-01]
 [-4.956627e-01  7.981772e-01]
 [-3.662993e-01  5.856172e-01]
 [-2.502258e-01  3.377065e-01]
 [-1.595179e-01  8.940613e-02]
 [-1.020241e-01 -1.403904e-01]
 [-6.609362e-02 -3.184698e-01]
 [-5.963446e-02 -4.638591e-01]
 [-7.168983e-02 -4.944374e-01]
 [-9.033440e-02 -4.005911e-01]
 [-1.010574e-01 -1.771450e-01]
 [-9.953170e-02  6.249446e-02]
 [-9.143391e-02  2.613444e-01]
 [-8.236681e-02  4.251767e-01]
 [-7.506233e-02  5.637665e-01]
 [-6.292243e-02  6.923429e-01]
 [-2.773052e-02  7.370428e-01]
 [ 2.853016e-02  7.564585e-01]
 [ 7.905334e-02  7.754055e-01]
 [ 1.254070e-01  7.575798e-01]
 [ 1.610713e-01  7.080090e-01]
 [ 1.932805e-01  6.147212e-01]
 [ 2.227301e-01  4.565282e-01]
 [ 2.472491e-01  2.053459e-01]
 [ 2.619844e-01 -9.598912e-02]
 [ 2.784376e-01 -3.905799e-01]
 [ 3.011769e-01 -6.321615e-01]
 [ 3.366593e-01 -8.074863e-01]
 [ 3.595972e-01 -8.748996e-01]
 [ 3.646935e-01 -8.645902e-01]
 [ 3.838848e-01 -8.497190e-01]
 [ 3.956683e-01 -8.403125e-01]
 [ 4.363190e-01 -7.914062e-01]
 [ 5.603696e-01 -7.635006e-01]
 [ 7.117065e-01 -7.777677e-01]
 [ 8.185167e-01 -8.126104e-01]
 [ 8.654776e-01 -7.997482e-01]
 [ 9.038470e-01 -7.246627e-01]
 [ 9.340420e-01 -7.146786e-01]
 [ 9.564035e-01 -6.650862e-01]
 [ 9.613159e-01 -6.382896e-01]
 [ 9.491120e-01 -6.946247e-01]
 [ 9.402482e-01 -6.889207e-01]
 [ 9.317835e-01 -6.684330e-01]
 [ 9.261573e-01 -6.091272e-01]
 [ 9.185587e-01 -5.426728e-01]
 [ 9.119307e-01 -4.765923e-01]
 [ 9.211254e-01 -4.380710e-01]
 [ 9.312809e-01 -3.954352e-01]
 [ 9.210523e-01 -3.291125e-01]
 [ 9.073135e-01 -2.585751e-01]
 [ 8.847272e-01 -1.605985e-01]
 [ 8.468779e-01 -7.117728e-02]
 [ 7.089322e-01 -2.016636e-02]
 [ 5.215928e-01  2.627071e-02]
 [ 2.698310e-01  7.281952e-02]
 [ 3.619512e-02  9.429435e-02]
 [-2.057610e-01  1.138157e-01]
 [-4.256291e-01  1.392827e-01]
 [-5.772715e-01  1.253156e-01]
 [-6.011852e-01  1.329084e-01]
 [-6.041279e-01  1.331059e-01]
 [-2.724017e-01  1.457624e-01]
 [ 3.602232e-02  1.586818e-01]
 [ 3.063071e-01  1.671377e-01]
 [ 4.906028e-01  1.762959e-01]
 [ 4.926432e-01  1.878681e-01]
 [ 5.446823e-01  2.012966e-01]
 [ 5.467010e-01  1.911596e-01]
 [ 5.386494e-01  1.835623e-01]
 [ 4.568001e-01  4.661081e-01]
 [ 4.444034e-01  4.391825e-01]
 [ 3.749134e-01  4.353187e-01]
 [ 2.460457e-01  4.115949e-01]
 [ 7.568974e-02  3.888861e-01]
 [-1.327280e-01  3.710074e-01]
 [-3.256631e-01  3.521413e-01]
 [-4.822903e-01  3.149700e-01]
 [-6.216272e-01  2.935286e-01]
 [-7.005451e-01  2.882660e-01]
 [-7.682925e-01  2.915049e-01]
 [-8.142000e-01  2.844080e-01]
 [-8.533416e-01  2.862240e-01]
 [-8.760179e-01  3.226574e-01]
 [-8.904924e-01  4.180515e-01]
 [-8.948453e-01  5.107106e-01]
 [-8.975944e-01  5.955983e-01]
 [-8.845463e-01  6.822695e-01]
 [-8.531846e-01  7.346393e-01]
 [-8.243600e-01  7.661610e-01]
 [-8.035302e-01  7.899479e-01]
 [-7.771416e-01  7.909468e-01]
 [-7.622302e-01  7.721498e-01]
 [-7.385353e-01  7.456056e-01]
 [-6.905242e-01  7.180436e-01]
 [-6.311936e-01  6.841486e-01]
 [-5.593712e-01  6.543698e-01]
 [-4.982209e-01  6.287115e-01]
 [-4.362234e-01  5.960711e-01]
 [-3.764580e-01  5.591964e-01]
 [-3.244315e-01  4.789742e-01]
 [-2.483359e-01  3.244745e-01]
 [-1.884906e-01  1.620871e-01]
 [-1.406087e-01  5.759278e-03]
 [-1.113664e-01 -1.335798e-01]
 [-9.171092e-02 -2.380356e-01]
 [-7.947829e-02 -3.142414e-01]
 [-7.769763e-02 -3.201325e-01]
 [-7.599106e-02 -3.137321e-01]
 [-7.064668e-02 -3.069366e-01]
 [-6.453098e-02 -2.224637e-01]
 [-6.607786e-02 -1.868412e-01]
 [ 2.146608e-01 -2.101009e-01]
 [ 1.780219e-01 -2.208117e-01]
 [ 1.504255e-01 -2.511184e-01]
 [ 1.215995e-01 -3.592515e-01]
 [ 9.449960e-02 -4.492369e-01]
 [ 6.377388e-02 -5.124557e-01]
 [ 4.117410e-02 -5.245950e-01]
 [ 2.174229e-02 -4.890445e-01]
 [ 9.183036e-03 -4.680880e-01]
 [-1.106012e-04 -4.470469e-01]
 [-9.987026e-03 -4.338510e-01]
 [-1.840812e-02 -4.419615e-01]
 [-2.512972e-02 -4.443428e-01]
 [-2.609932e-02 -4.508231e-01]
 [-2.724160e-02 -4.599495e-01]
 [-2.464086e-02 -4.646096e-01]
 [-2.242797e-02 -4.648370e-01]
 [-1.974985e-02 -4.701167e-01]
 [-2.129791e-02 -4.706697e-01]
 [-2.421607e-02 -4.717464e-01]
 [-2.237003e-02 -4.744101e-01]
 [-2.095315e-02 -4.703551e-01]
 [-1.928359e-02 -4.676508e-01]
 [-1.880200e-02 -4.651856e-01]
 [-1.860869e-02 -4.636185e-01]
 [-1.629956e-02 -4.673542e-01]
 [-1.526928e-02 -4.649984e-01]
 [-1.219797e-02 -4.654624e-01]
 [-1.139157e-02 -4.634090e-01]
 [-8.743312e-03 -4.583402e-01]
 [-7.579582e-03 -4.483143e-01]
 [-3.288641e-03 -4.387861e-01]
 [-1.920835e-03 -4.283741e-01]
 [ 1.725862e-03 -4.154989e-01]
 [ 4.109151e-03 -4.019520e-01]
 [ 4.648059e-03 -3.897099e-01]
 [ 2.852473e-03 -3.747979e-01]
 [ 3.800450e-03 -3.586212e-01]
 [ 5.181403e-03 -3.439640e-01]
 [ 6.828136e-03 -3.263138e-01]
 [ 1.273034e-02 -3.072758e-01]
 [ 1.736539e-02 -2.874376e-01]
 [ 2.271165e-02 -2.686465e-01]
 [ 2.579009e-02 -2.495546e-01]
 [ 2.962815e-02 -2.297072e-01]
 [ 3.374609e-02 -2.111567e-01]
 [ 3.631581e-02 -1.921962e-01]
 [ 3.804536e-02 -1.762104e-01]
 [ 4.010781e-02 -1.683031e-01]
 [ 4.129183e-02 -1.799602e-01]
 [ 3.381149e-02 -1.877963e-01]
 [ 3.239291e-02 -1.997888e-01]
 [ 3.203795e-02 -2.066183e-01]
 [ 2.991946e-02 -2.030213e-01]
 [ 2.565558e-02 -1.919915e-01]
 [ 2.385903e-02 -1.728434e-01]
 [-5.540557e-02 -3.628593e-02]
 [ 2.614022e-02  6.172210e-02]
 [ 4.844793e-03 -4.939610e-02]
 [ 3.361639e-03 -2.962959e-02]
 [-4.658856e-02  5.276814e-02]
 [ 4.025863e-02  6.678423e-02]
 [-2.125639e-02 -1.592679e-02]
 [-4.321852e-02 -8.766330e-02]
 [ 1.319334e-02 -5.239642e-02]
 [ 6.333564e-02 -8.550335e-02]
 [ 2.505914e-02  2.074875e-02]
 [ 4.436670e-02  5.153823e-05]
 [ 5.924963e-02 -1.131008e-03]
 [-2.581715e-02  2.907271e-02]
 [-1.662444e-02 -1.394774e-02]
 [ 3.084782e-02  3.448110e-02]
 [ 3.386277e-02 -3.739334e-02]
 [ 3.099755e-02  2.055567e-02]
 [ 1.036256e-01 -3.170925e-02]
 [ 4.249523e-02 -5.961398e-01]
 [ 2.265964e-02 -6.110376e-01]
 [ 7.097720e-03 -6.199172e-01]
 [-2.712247e-03 -6.254010e-01]
 [-9.346757e-03 -6.340095e-01]
 [-1.437348e-02 -6.467021e-01]
 [-1.987526e-02 -6.737297e-01]
 [-3.220907e-02 -7.050390e-01]
 [-5.030386e-02 -7.186209e-01]
 [-7.555638e-02 -7.326435e-01]
 [-1.063361e-01 -7.404655e-01]
 [-1.254220e-01 -7.268014e-01]
 [-1.360845e-01 -7.201225e-01]
 [-1.462110e-01 -6.921076e-01]
 [-1.567049e-01 -7.142760e-01]
 [-1.730691e-01 -8.038856e-01]
 [-1.830926e-01 -7.839793e-01]
 [-1.861723e-01 -7.355253e-01]
 [-1.628101e-01 -6.628499e-01]
 [-1.434547e-01 -6.116987e-01]
 [-1.222656e-01 -5.770975e-01]
 [-9.938799e-02 -5.445356e-01]
 [-8.015464e-02 -4.983658e-01]
 [-6.537483e-02 -4.508183e-01]
 [-5.333724e-02 -3.924157e-01]
 [-3.874593e-02 -2.964185e-01]
 [-2.544072e-02 -1.670797e-01]
 [-1.574347e-02 -5.422563e-02]
 [-3.069954e-03  5.103650e-02]
 [ 8.197260e-03  1.385996e-01]
 [ 1.503906e-02  2.185809e-01]
 [ 2.500224e-02  2.520030e-01]
 [ 3.323528e-02  2.568322e-01]
 [ 4.151523e-02  2.598235e-01]
 [ 4.777180e-02  2.343115e-01]
 [ 6.835432e-02  4.681120e-02]
 [ 8.696012e-02 -1.287653e-01]
 [ 1.048872e-01 -2.857491e-01]
 [ 1.188534e-01 -4.057780e-01]
 [ 1.338334e-01 -5.197787e-01]
 [ 1.480351e-01 -5.367388e-01]
 [ 1.587986e-01 -5.578070e-01]
 [ 1.727771e-01 -5.747338e-01]
 [ 1.836769e-01 -5.940053e-01]
 [ 1.878099e-01 -6.139059e-01]
 [ 1.894058e-01 -6.211868e-01]
 [ 1.873903e-01 -6.134101e-01]
 [ 1.687266e-01 -5.322670e-01]
 [ 1.469354e-01 -2.862731e-01]
 [ 1.341403e-01 -1.891924e-02]
 [ 1.238921e-01  2.626798e-01]
 [ 1.104670e-01  5.085049e-01]
 [ 1.019814e-01  7.209871e-01]
 [ 1.036299e-01  8.246105e-01]
 [ 1.278970e-01  8.627756e-01]
 [ 1.602639e-01  8.889648e-01]
 [ 1.963833e-01  8.996897e-01]
 [ 2.528646e-01  8.953956e-01]
 [ 3.720212e-01  8.859996e-01]
 [ 5.314193e-01  8.972830e-01]
 [ 6.377479e-01  8.998207e-01]
 [ 7.109914e-01  8.914053e-01]
 [ 7.659286e-01  8.858569e-01]
 [ 8.002683e-01  9.031179e-01]
 [ 8.283898e-01  9.119216e-01]
 [ 8.623336e-01  9.078964e-01]
 [ 8.818623e-01  8.987069e-01]
 [ 8.975652e-01  8.845197e-01]
 [ 9.086915e-01  8.662680e-01]
 [ 9.038549e-01  8.259963e-01]
 [ 9.006075e-01  8.036605e-01]
 [ 8.955652e-01  7.651148e-01]
 [ 8.913261e-01  7.087931e-01]
 [ 8.942754e-01  6.159012e-01]
 [ 8.808981e-01  5.281250e-01]
 [ 8.660658e-01  4.493989e-01]
 [ 8.583330e-01  3.573206e-01]
 [ 8.466141e-01  2.862846e-01]
 [ 8.332091e-01  2.304032e-01]
 [ 8.074787e-01  1.640733e-01]
 [ 7.750621e-01  1.099644e-01]
 [ 7.249988e-01  5.666784e-02]
 [ 5.668866e-01  2.737743e-02]
 [ 3.176207e-01  5.656718e-03]
 [ 5.911575e-02 -1.617001e-02]
 [-1.884513e-01 -3.181938e-02]
 [-4.009836e-01 -4.541877e-02]
 [-5.919151e-01 -6.999815e-02]
 [-5.965254e-01 -7.023148e-02]
 [-6.051633e-01 -7.051623e-02]
 [-5.868141e-01 -6.637639e-02]
 [-4.086553e-01 -7.184806e-02]
 [-6.268531e-02 -7.325390e-02]
 [ 3.454156e-01 -5.411117e-02]
 [ 6.856743e-01 -4.237235e-02]
 [ 7.030028e-01 -5.381117e-02]
 [ 7.124194e-01 -7.136121e-02]
 [ 7.338842e-01 -8.390068e-02]
 [ 7.548532e-01 -9.653117e-02]
 [ 7.521673e-01 -9.622100e-02]
 [ 7.248768e-01 -8.410694e-02]
 [ 5.943998e-01 -6.796100e-02]
 [ 4.509293e-01 -4.344123e-02]
 [ 2.234605e-01 -1.540360e-02]
 [ 5.416494e-04  2.265034e-02]
 [-2.177569e-01  4.068031e-02]
 [-3.400248e-01  5.516510e-02]
 [-5.129892e-01  6.839138e-02]
 [-5.315112e-01  7.770424e-02]
 [-5.396438e-01  8.564855e-02]
 [-4.892329e-01  8.934344e-02]
 [-3.426451e-01  1.066723e-01]
 [-1.507012e-01  1.162541e-01]
 [ 1.164634e-01  1.312503e-01]
 [ 3.812529e-01  1.468589e-01]
 [ 5.800124e-01  1.470017e-01]
 [ 7.136611e-01  1.432677e-01]
 [ 7.656991e-01  1.299895e-01]
 [ 7.917602e-01  1.185916e-01]
 [ 7.962459e-01  1.184116e-01]
 [ 7.233741e-01  1.164842e-01]
 [ 6.119499e-01  9.509794e-02]
 [ 5.312833e-01  8.268134e-02]
 [ 4.278749e-01  6.668020e-02]
 [ 2.633165e-01  4.140853e-02]
 [ 8.027204e-02  1.970154e-02]
 [-1.140262e-01  1.234210e-02]
 [-3.276028e-01  1.472456e-02]
 [-5.155818e-01  1.528994e-02]
 [-6.014835e-01  1.651414e-02]
 [-6.172105e-01  2.753470e-02]
 [-6.140459e-01  5.245032e-02]
 [-5.922283e-01  6.749204e-02]
 [-4.103594e-01  6.970692e-02]
 [-1.201484e-01  8.891441e-02]
 [ 2.286362e-01  9.994457e-02]
 [ 5.159985e-01  9.683707e-02]
 [ 6.458453e-01  9.614253e-02]
 [ 7.073672e-01  9.065548e-02]
 [ 7.203088e-01  6.957443e-02]
 [ 6.999334e-01  2.556933e-02]
 [ 6.735777e-01 -1.837462e-02]
 [ 6.267914e-01 -6.244721e-02]
 [ 5.543931e-01 -1.065039e-01]
 [ 4.150090e-01 -1.338381e-01]
 [ 1.563513e-01 -1.349855e-01]
 [-1.317480e-01 -1.170479e-01]
 [-4.250234e-01 -1.001774e-01]
 [-6.689379e-01 -7.473804e-02]
 [-8.195252e-01 -2.961302e-02]
 [-8.898268e-01  9.664217e-03]
 [-8.870085e-01  4.086687e-02]
 [-8.866642e-01  8.062117e-02]
 [-8.796535e-01  1.370798e-01]
 [-8.609418e-01  2.157694e-01]
 [-8.232145e-01  3.179784e-01]
 [-8.325676e-01  5.002016e-01]
 [-8.489261e-01  6.581064e-01]
 [-8.705136e-01  7.587946e-01]
 [-8.762752e-01  8.178908e-01]
 [-8.650180e-01  8.550606e-01]
 [-8.632293e-01  8.736651e-01]
 [-8.326952e-01  8.907163e-01]
 [-8.432413e-01  8.860772e-01]
 [-8.526149e-01  8.806569e-01]
 [-8.487933e-01  8.854889e-01]
 [-8.423243e-01  8.952655e-01]
 [-8.307599e-01  9.116337e-01]
 [-8.006569e-01  9.254410e-01]
 [-7.542285e-01  9.350010e-01]
 [-6.767842e-01  9.305431e-01]
 [-5.557545e-01  9.071073e-01]
 [-4.480957e-01  8.655684e-01]
 [-3.552403e-01  8.030815e-01]
 [-2.419310e-01  5.572719e-01]
 [-1.482497e-01  3.129637e-01]
 [-8.780745e-02  6.489049e-02]
 [-5.718568e-02 -1.808950e-01]
 [-4.154097e-02 -3.513618e-01]
 [-3.817635e-02 -4.825714e-01]
 [-4.685587e-02 -4.929656e-01]
 [-5.143798e-02 -4.686786e-01]
 [-6.713714e-02 -2.424679e-01]
 [-8.329574e-02  1.408750e-02]
 [-9.008931e-02  2.383031e-01]
 [-7.560100e-02  4.404792e-01]
 [-4.613538e-02  6.107546e-01]
 [-8.190047e-03  7.065428e-01]
 [ 3.469697e-02  7.259262e-01]
 [ 6.935138e-02  7.470474e-01]
 [ 9.831391e-02  7.295126e-01]
 [ 1.276377e-01  6.757875e-01]
 [ 1.577512e-01  5.873436e-01]
 [ 1.790925e-01  4.205930e-01]
 [ 1.877363e-01  1.302069e-01]
 [ 1.973819e-01 -1.692082e-01]
 [ 2.092604e-01 -4.521309e-01]
 [ 2.378575e-01 -6.997115e-01]
 [ 2.805747e-01 -8.717835e-01]
 [ 3.116276e-01 -8.925279e-01]
 [ 3.270497e-01 -8.744894e-01]
 [ 3.522082e-01 -8.607709e-01]
 [ 3.717531e-01 -8.551806e-01]
 [ 4.351819e-01 -7.941555e-01]
 [ 5.650647e-01 -7.869608e-01]
 [ 7.145492e-01 -8.044400e-01]
 [ 8.137228e-01 -8.281728e-01]
 [ 8.544675e-01 -8.134177e-01]
 [ 8.961878e-01 -7.305382e-01]
 [ 9.313350e-01 -7.164778e-01]
 [ 9.504352e-01 -6.489149e-01]
 [ 9.560758e-01 -7.024975e-01]
 [ 9.410675e-01 -7.068645e-01]
 [ 9.336398e-01 -6.972609e-01]
 [ 9.259785e-01 -6.682889e-01]
 [ 9.194804e-01 -6.078777e-01]
 [ 9.119918e-01 -5.433279e-01]
 [ 9.090900e-01 -4.778480e-01]
 [ 9.215254e-01 -4.421066e-01]
 [ 9.270845e-01 -3.905415e-01]
 [ 9.158967e-01 -3.252601e-01]
 [ 9.002749e-01 -2.337180e-01]
 [ 8.722467e-01 -1.429464e-01]
 [ 8.021280e-01 -6.151082e-02]
 [ 6.375546e-01 -1.068364e-02]
 [ 4.317046e-01  3.279950e-02]
 [ 1.831258e-01  8.133702e-02]
 [-5.759596e-02  1.011044e-01]
 [-2.962235e-01  1.214142e-01]
 [-4.996521e-01  1.246501e-01]
 [-5.767839e-01  1.219126e-01]
 [-5.940289e-01  1.251394e-01]
 [-4.625775e-01  1.336838e-01]
 [-1.266181e-01  1.458791e-01]
 [ 1.643980e-01  1.619208e-01]
 [ 3.973052e-01  1.673316e-01]
 [ 5.048980e-01  1.787867e-01]
 [ 5.091242e-01  1.947143e-01]
 [ 5.489687e-01  2.004632e-01]
 [ 5.428023e-01  1.871741e-01]
 [ 4.718091e-01  4.633425e-01]
 [ 4.677516e-01  4.438628e-01]
 [ 4.360978e-01  4.288955e-01]
 [ 3.255631e-01  4.285780e-01]
 [ 1.774160e-01  4.061965e-01]
 [-4.471848e-03  3.844577e-01]
 [-2.026995e-01  3.669961e-01]
 [-3.847378e-01  3.402296e-01]
 [-5.405512e-01  3.079463e-01]
 [-6.554211e-01  2.915353e-01]
 [-7.292699e-01  2.910125e-01]
 [-7.853003e-01  2.920966e-01]
 [-8.288442e-01  2.819194e-01]
 [-8.632236e-01  3.004379e-01]
 [-8.837714e-01  3.577227e-01]
 [-8.884355e-01  4.558624e-01]
 [-8.986778e-01  5.452005e-01]
 [-8.948227e-01  6.328476e-01]
 [-8.716667e-01  7.070311e-01]
 [-8.428168e-01  7.469434e-01]
 [-8.213819e-01  7.788621e-01]
 [-7.928271e-01  7.919468e-01]
 [-7.710055e-01  7.856834e-01]
 [-7.545791e-01  7.621548e-01]
 [-7.239127e-01  7.351001e-01]
 [-6.687570e-01  7.068031e-01]
 [-6.036081e-01  6.713949e-01]
 [-5.352890e-01  6.461265e-01]
 [-4.750235e-01  6.180839e-01]
 [-4.110963e-01  5.833369e-01]
 [-3.581739e-01  5.468803e-01]
 [-2.909828e-01  4.215874e-01]
 [-2.266189e-01  2.709557e-01]
 [-1.649828e-01  9.539487e-02]
 [-1.295884e-01 -4.735735e-02]
 [-1.025817e-01 -1.816185e-01]
 [-8.493209e-02 -2.745029e-01]
 [-7.797769e-02 -3.294265e-01]
 [-7.804045e-02 -3.182513e-01]
 [-7.420227e-02 -3.143986e-01]
 [-6.940267e-02 -2.794139e-01]
 [-6.533767e-02 -2.021508e-01]
 [ 4.602613e-02 -8.553131e-02]
 [ 3.120514e-02 -8.716595e-02]
 [ 3.565350e-02 -3.296303e-02]
 [-1.059802e-01  5.692888e-02]
 [-3.815455e-03  9.057567e-02]
 [ 7.465360e-02  1.645942e-02]
 [ 7.375260e-03  7.450151e-02]
 [ 3.275774e-02 -5.181162e-02]
 [ 1.039567e-02  4.226572e-02]
 [-3.467637e-03 -1.463165e-02]
 [ 5.116383e-02  2.778596e-03]
 [-1.979697e-03 -6.729136e-02]
 [ 1.680043e-03  2.390318e-02]
 [ 3.957912e-02 -2.741181e-02]
 [-9.615645e-03 -4.562747e-02]
 [-8.629116e-02  5.737047e-02]
 [ 4.478875e-03  4.198716e-03]
 [ 9.179017e-03  3.361713e-02]
 [-1.456619e-01  3.290717e-02]
 [ 6.686163e-01  3.722102e-01]
 [ 6.958262e-01  3.458422e-01]
 [ 7.142773e-01  3.269914e-01]
 [ 7.210176e-01  2.910180e-01]
 [ 7.190118e-01  2.517832e-01]
 [ 7.150050e-01  2.143860e-01]
 [ 7.002321e-01  1.839002e-01]
 [ 6.934264e-01  1.515335e-01]
 [ 6.789891e-01  1.160780e-01]
 [ 6.892543e-01  1.052993e-01]
 [ 6.954474e-01  1.059641e-01]
 [ 6.919822e-01  1.150722e-01]
 [ 6.785508e-01  1.264397e-01]
 [ 6.802611e-01  1.334262e-01]
 [ 6.923785e-01  1.389723e-01]
 [ 6.958937e-01  1.499881e-01]
 [ 7.036854e-01  1.552441e-01]
 [ 6.935753e-01  1.611388e-01]
 [ 6.732310e-01  1.649976e-01]
 [ 6.351450e-01  1.650345e-01]
 [ 5.889938e-01  1.724024e-01]
 [ 5.191884e-01  1.802272e-01]
 [ 3.418356e-01  1.889082e-01]
 [ 1.531821e-01  1.935870e-01]
 [-5.089273e-02  1.977804e-01]
 [-2.091568e-01  1.906842e-01]
 [-3.071433e-01  1.601030e-01]
 [-3.176328e-01  1.260477e-01]
 [-3.323388e-01  9.485912e-02]
 [-3.228000e-01  7.634575e-02]
 [-2.459285e-01  6.567845e-02]
 [-2.542304e-02  5.852658e-02]
 [-2.904906e-02  3.997861e-01]
 [ 1.990398e-01  3.759630e-01]
 [ 3.557192e-01  3.752605e-01]
 [ 4.731492e-01  3.867405e-01]
 [ 6.064119e-01  3.914213e-01]
 [ 6.468732e-01  3.886066e-01]
 [ 6.647121e-01  3.741153e-01]
 [ 6.699827e-01  3.512461e-01]
 [ 6.746528e-01  3.336060e-01]
 [ 6.678610e-01  3.183394e-01]
 [ 6.667883e-01  3.054073e-01]
 [ 6.500615e-01  3.075499e-01]
 [ 6.173729e-01  3.051461e-01]
 [ 5.470936e-01  3.063751e-01]
 [ 3.370901e-01  2.942024e-01]
 [ 8.825587e-02  2.755896e-01]
 [-1.575089e-01  2.565469e-01]
 [-4.264953e-01  2.335603e-01]
 [-6.141526e-01  2.072226e-01]
 [-7.208006e-01  1.914635e-01]
 [-7.507167e-01  1.868318e-01]
 [-7.766891e-01  1.883878e-01]
 [-7.998109e-01  1.983102e-01]
 [-8.241481e-01  2.078252e-01]
 [-8.311301e-01  2.412761e-01]
 [-8.372968e-01  3.321261e-01]
 [-8.460997e-01  4.434604e-01]
 [-8.574842e-01  5.574961e-01]
 [-8.500499e-01  6.279855e-01]
 [-8.427597e-01  6.713216e-01]
 [-8.443305e-01  7.088697e-01]
 [-8.577269e-01  7.379010e-01]
 [-8.684461e-01  7.487660e-01]
 [-8.743516e-01  7.516747e-01]
 [-8.768283e-01  7.529555e-01]
 [-8.630184e-01  7.452919e-01]
 [-8.404191e-01  7.317098e-01]
 [-7.721591e-01  7.149770e-01]
 [-7.009141e-01  6.762776e-01]
 [-6.113060e-01  5.793596e-01]
 [-5.395001e-01  4.824851e-01]
 [-4.809234e-01  3.818941e-01]
 [-4.428265e-01  2.744482e-01]
 [-4.131849e-01  1.654466e-01]
 [-3.877208e-01  9.108561e-02]
 [-3.752756e-01  5.358436e-02]
 [-3.674033e-01  1.337994e-01]
 [-3.632715e-01  2.918045e-01]
 [-3.546599e-01  4.287918e-01]
 [-3.369119e-01  5.664831e-01]
 [-3.219652e-01  7.063348e-01]
 [-2.941487e-01  8.361920e-01]
 [-2.635135e-01  8.723884e-01]
 [-2.264337e-01  8.872608e-01]
 [-1.784823e-01  8.967983e-01]
 [-1.308887e-01  8.998491e-01]
 [-8.369403e-02  8.895367e-01]
 [-3.552265e-02  8.778742e-01]
 [ 2.242527e-03  8.626573e-01]
 [ 2.846731e-02  8.410711e-01]
 [ 4.764975e-02  7.354537e-01]
 [ 6.597058e-02  5.794967e-01]
 [ 8.133177e-02  4.251373e-01]
 [ 9.680148e-02  2.595165e-01]
 [ 1.103463e-01  8.193754e-02]
 [ 1.263617e-01 -8.969963e-02]
 [ 1.353101e-01 -2.651925e-01]
 [ 1.340224e-01 -4.128182e-01]
 [ 1.216038e-01 -4.818197e-01]
 [ 9.349923e-02 -5.322346e-01]
 [ 5.673260e-02 -5.726356e-01]
 [ 1.439347e-02 -5.898400e-01]
 [-3.392856e-02 -6.127179e-01]
 [-9.420845e-02 -6.321030e-01]
 [-1.675610e-01 -6.449850e-01]
 [-2.580526e-01 -6.626562e-01]
 [-3.646075e-01 -6.773193e-01]
 [-4.750467e-01 -7.023270e-01]
 [-5.735599e-01 -7.221100e-01]
 [-6.678530e-01 -7.338166e-01]
 [-7.464733e-01 -7.379464e-01]
 [-7.861276e-01 -7.262145e-01]
 [-8.007234e-01 -7.093799e-01]
 [-9.027354e-01 -4.019135e-01]
 [-8.895915e-01 -3.859731e-01]
 [-8.813162e-01 -3.983980e-01]
 [-8.731098e-01 -4.136547e-01]
 [-8.627000e-01 -4.151951e-01]
 [-8.550736e-01 -3.870733e-01]
 [-8.554261e-01 -3.559680e-01]
 [-8.583041e-01 -3.197677e-01]
 [-8.508015e-01 -2.802152e-01]
 [-8.301925e-01 -2.190115e-01]
 [-7.967052e-01 -1.391856e-01]
 [-7.681727e-01 -8.943621e-02]
 [-7.058809e-01 -4.670060e-02]
 [-5.502275e-01  2.144939e-02]
 [-2.953775e-01  9.141202e-02]
 [-5.285058e-02  1.465043e-01]
 [ 2.037860e-01  1.881771e-01]
 [ 4.170345e-01  2.174600e-01]
 [ 5.589915e-01  2.510560e-01]
 [ 6.343016e-01  2.854114e-01]
 [ 6.591263e-01  3.163775e-01]
 [ 6.021987e-01  3.402034e-01]
 [ 4.908259e-01  3.475518e-01]
 [ 1.939747e-01  3.648409e-01]
 [-1.401192e-01  3.705859e-01]
 [-4.477948e-01  3.546012e-01]
 [-6.131721e-01  3.358597e-01]
 [-6.532087e-01  3.186131e-01]
 [-6.726798e-01  3.005053e-01]
 [-6.742132e-01  2.812649e-01]
 [-6.638686e-01  2.529189e-01]
 [-6.286091e-01  2.051246e-01]
 [-5.841836e-01  1.423129e-01]
 [-5.532020e-01  8.870948e-02]
 [-3.949569e-01  3.289432e-02]
 [-8.611865e-02 -1.470035e-02]
 [ 2.055579e-01 -4.123852e-02]
 [ 4.795725e-01 -4.847696e-02]
 [ 7.341900e-01 -3.870384e-02]
 [ 8.546728e-01 -6.080739e-03]
 [ 8.925280e-01  4.712823e-02]
 [ 8.916750e-01  1.249257e-01]
 [ 8.917874e-01  1.991915e-01]
 [ 8.782884e-01  2.750605e-01]
 [ 8.300511e-01  3.805949e-01]
 [ 8.072532e-01  4.617122e-01]
 [ 7.977317e-01  5.069510e-01]
 [ 7.765235e-01  6.093378e-01]
 [ 7.413946e-01  7.144341e-01]
 [ 7.328496e-01  7.860953e-01]
 [ 7.331303e-01  8.296449e-01]
 [ 7.414113e-01  8.711098e-01]
 [ 7.434840e-01  8.805424e-01]
 [ 7.263842e-01  8.897642e-01]
 [ 7.119629e-01  8.957465e-01]
 [ 6.853322e-01  8.999046e-01]
 [ 6.973290e-01  8.895525e-01]
 [ 6.987986e-01  8.673914e-01]
 [ 6.521787e-01  8.535630e-01]
 [ 5.795519e-01  8.256859e-01]
 [ 5.096713e-01  7.285191e-01]
 [ 4.591138e-01  6.282348e-01]
 [ 4.079279e-01  5.005441e-01]
 [ 3.591442e-01  3.771291e-01]
 [ 3.063862e-01  2.537088e-01]
 [ 2.582676e-01  1.178853e-01]
 [ 2.252441e-01 -3.875798e-02]
 [ 1.944551e-01 -1.900579e-01]
 [ 1.640954e-01 -2.497214e-01]
 [ 1.401627e-01 -2.712674e-01]
 [ 1.265813e-01 -2.361361e-01]
 [ 1.168296e-01 -1.754325e-02]
 [ 1.091249e-01  1.758432e-01]
 [ 1.004402e-01  3.326552e-01]
 [ 8.814982e-02  4.670459e-01]
 [ 7.092958e-02  5.953994e-01]
 [ 5.061634e-02  7.295241e-01]
 [ 3.472566e-02  7.742853e-01]
 [ 2.091787e-02  7.681473e-01]
 [ 4.886033e-03  7.499803e-01]
 [-8.785876e-03  7.240040e-01]
 [-3.223806e-02  6.704471e-01]
 [-4.382559e-02  5.648350e-01]
 [-2.219199e-02  3.613264e-01]
 [ 1.257070e-02  9.776991e-02]
 [ 4.187001e-02 -1.775893e-01]
 [ 5.970705e-02 -4.257975e-01]
 [ 7.440893e-02 -6.813390e-01]
 [ 9.788077e-02 -7.785248e-01]
 [ 1.384759e-01 -8.242312e-01]
 [ 1.985460e-01 -8.186181e-01]
 [ 2.945254e-01 -8.037710e-01]
 [ 3.914727e-01 -7.619451e-01]
 [ 5.185238e-01 -7.562574e-01]
 [ 6.399245e-01 -7.603679e-01]
 [ 7.419875e-01 -7.723975e-01]
 [ 8.156926e-01 -7.964101e-01]
 [ 8.750455e-01 -7.159525e-01]
 [ 9.091257e-01 -6.571968e-01]
 [ 9.211788e-01 -6.318533e-01]
 [ 9.274415e-01 -5.806577e-01]
 [ 9.306772e-01 -5.517447e-01]
 [ 9.310728e-01 -6.202124e-01]
 [ 9.267444e-01 -6.645574e-01]
 [ 9.193429e-01 -6.045529e-01]
 [ 9.149857e-01 -5.338175e-01]
 [ 9.097482e-01 -4.732140e-01]
 [ 9.164470e-01 -4.417671e-01]
 [ 9.207434e-01 -4.233817e-01]
 [ 9.199146e-01 -3.705716e-01]
 [ 9.019725e-01 -3.242609e-01]
 [ 8.786649e-01 -2.755342e-01]
 [ 8.302864e-01 -1.987516e-01]
 [ 6.925516e-01 -1.564489e-01]
 [ 5.090559e-01 -1.091912e-01]
 [ 2.884214e-01 -4.863346e-02]
 [ 6.094487e-02  2.550778e-03]
 [-1.718028e-01  4.238494e-02]
 [-4.062557e-01  5.846832e-02]
 [-5.846294e-01  5.856354e-02]
 [-6.211466e-01  6.605566e-02]
 [-6.416221e-01  8.777966e-02]
 [-2.963951e-01  9.668763e-02]
 [ 3.044298e-02  1.124380e-01]
 [ 3.147275e-01  1.245697e-01]
 [ 4.688486e-01  1.382687e-01]
 [ 4.919091e-01  1.543739e-01]
 [ 5.289961e-01  1.716133e-01]
 [ 4.329889e-01  5.098167e-01]
 [ 4.533658e-01  4.780427e-01]
 [ 4.463048e-01  4.557455e-01]
 [ 4.387260e-01  4.398874e-01]
 [ 3.436524e-01  4.373070e-01]
 [ 1.997610e-01  4.139868e-01]
 [-3.264032e-03  3.956470e-01]
 [-2.017747e-01  3.770777e-01]
 [-3.838591e-01  3.518296e-01]
 [-5.419549e-01  3.143912e-01]
 [-6.567008e-01  2.969429e-01]
 [-7.330273e-01  2.958703e-01]
 [-7.863231e-01  3.002892e-01]
 [-8.305802e-01  2.901164e-01]
 [-8.629833e-01  3.073992e-01]
 [-8.811949e-01  3.587151e-01]
 [-8.886359e-01  4.557545e-01]
 [-8.954952e-01  5.443213e-01]
 [-8.912546e-01  6.315584e-01]
 [-8.704055e-01  7.098975e-01]
 [-8.404790e-01  7.500716e-01]
 [-8.167562e-01  7.823839e-01]
 [-7.925236e-01  7.953867e-01]
 [-7.688196e-01  7.903472e-01]
 [-7.528943e-01  7.668203e-01]
 [-7.240419e-01  7.397615e-01]
 [-6.686151e-01  7.109234e-01]
 [-6.047289e-01  6.752367e-01]
 [-5.362779e-01  6.479615e-01]
 [-4.762079e-01  6.199329e-01]
 [-4.138568e-01  5.867528e-01]
 [-3.606693e-01  5.510053e-01]
 [-2.975067e-01  4.393870e-01]
 [-2.262379e-01  2.772043e-01]
 [-1.700717e-01  1.184130e-01]
 [-1.285763e-01 -3.443761e-02]
 [-1.017662e-01 -1.717156e-01]
 [-8.576199e-02 -2.611245e-01]
 [-7.480282e-02 -3.323757e-01]
 [-7.544708e-02 -3.190785e-01]
 [-7.474262e-02 -3.127380e-01]
 [-6.886863e-02 -2.915991e-01]
 [-6.375647e-02 -2.070519e-01]
 [-6.485888e-02 -1.854741e-01]
 [ 2.069054e-01 -2.086570e-01]
 [ 1.726507e-01 -2.289218e-01]
 [ 1.415804e-01 -2.784046e-01]
 [ 1.142345e-01 -3.923787e-01]
 [ 8.564107e-02 -4.716092e-01]
 [ 5.812216e-02 -5.145181e-01]
 [ 3.582258e-02 -5.148759e-01]
 [ 1.949060e-02 -4.784244e-01]
 [ 6.816124e-03 -4.634226e-01]
 [-3.261428e-03 -4.420113e-01]
 [-1.216042e-02 -4.361129e-01]
 [-1.869029e-02 -4.400966e-01]
 [-2.450841e-02 -4.443690e-01]
 [-2.701179e-02 -4.516062e-01]
 [-2.632289e-02 -4.608067e-01]
 [-2.373692e-02 -4.645815e-01]
 [-2.258096e-02 -4.645683e-01]
 [-2.058408e-02 -4.699061e-01]
 [-2.232562e-02 -4.716316e-01]
 [-2.415190e-02 -4.718776e-01]
 [-2.139486e-02 -4.712084e-01]
 [-2.028339e-02 -4.678246e-01]
 [-1.903325e-02 -4.657826e-01]
 [-1.820078e-02 -4.644436e-01]
 [-1.893621e-02 -4.627762e-01]
 [-1.576619e-02 -4.669255e-01]
 [-1.549915e-02 -4.641860e-01]
 [-1.215134e-02 -4.646269e-01]
 [-1.172971e-02 -4.607759e-01]
 [-9.161413e-03 -4.566414e-01]
 [-6.470914e-03 -4.463196e-01]
 [-3.068512e-03 -4.359614e-01]
 [-2.215557e-03 -4.243962e-01]
 [ 1.892311e-03 -4.118579e-01]
 [ 5.569958e-03 -4.014224e-01]
 [ 4.157645e-03 -3.880070e-01]
 [ 5.249136e-03 -3.711795e-01]
 [ 4.491418e-03 -3.553996e-01]
 [ 5.430990e-03 -3.401903e-01]
 [ 6.630694e-03 -3.217999e-01]
 [ 1.332643e-02 -3.029702e-01]
 [ 1.758800e-02 -2.833427e-01]
 [ 2.365212e-02 -2.645861e-01]
 [ 2.654452e-02 -2.451400e-01]
 [ 3.020428e-02 -2.258756e-01]
 [ 3.457021e-02 -2.077758e-01]
 [ 3.666027e-02 -1.892642e-01]
 [ 3.792605e-02 -1.731119e-01]
 [ 4.032797e-02 -1.724429e-01]
 [ 3.868987e-02 -1.803234e-01]
 [ 3.430198e-02 -1.905575e-01]
 [ 3.328582e-02 -2.014448e-01]
 [ 3.141273e-02 -2.068554e-01]
 [ 2.935944e-02 -2.022032e-01]
 [ 2.487499e-02 -1.891259e-01]
 [ 2.208759e-02 -1.686733e-01]
 [-5.370236e-02  2.767388e-02]
 [-5.407105e-03  8.568150e-03]
 [ 3.684716e-04  7.815827e-02]
 [-7.063998e-02  5.253511e-02]
 [-5.784923e-02  5.833348e-02]
 [-2.487399e-02  8.950592e-03]
 [-5.792421e-02 -5.262550e-02]
 [ 1.971566e-02  7.525583e-02]
 [ 3.128605e-02 -5.159879e-03]
 [-1.785796e-02  8.827098e-03]
 [-1.573759e-02  2.082410e-02]
 [ 2.039681e-02 -9.163956e-02]
 [-7.807415e-03  2.685617e-02]
 [ 3.889175e-02  9.362464e-02]
 [ 8.713759e-03  6.559350e-02]
 [-2.051157e-02  1.010490e-02]
 [-5.662861e-02 -2.625225e-02]
 [-9.089595e-02  1.029681e-02]
 [-2.041665e-02  5.211011e-02]
 [-2.893226e-01  7.419884e-01]
 [-2.712236e-01  7.298639e-01]
 [-2.545259e-01  7.184271e-01]
 [-2.378292e-01  7.148980e-01]
 [-2.210426e-01  7.131010e-01]
 [-2.024446e-01  7.084098e-01]
 [-1.875488e-01  7.107925e-01]
 [-1.776795e-01  7.162064e-01]
 [-1.628224e-01  7.255474e-01]
 [-1.470598e-01  7.399806e-01]
 [-1.301725e-01  7.526756e-01]
 [-1.161341e-01  7.645408e-01]
 [-1.017933e-01  7.702870e-01]
 [-8.882516e-02  7.744479e-01]
 [-5.486159e-02  7.792162e-01]
 [-4.840449e-03  7.822936e-01]
 [ 3.981900e-02  7.923775e-01]
 [ 4.979077e-02  7.926094e-01]
 [ 5.701086e-02  7.818466e-01]
 [ 7.032268e-02  7.721736e-01]
 [ 8.678766e-02  7.411914e-01]
 [ 1.038868e-01  6.379353e-01]
 [ 1.253671e-01  4.888343e-01]
 [ 1.273191e-01  3.297495e-01]
 [ 1.216794e-01  1.555918e-01]
 [ 1.219591e-01 -3.405237e-02]
 [ 1.169195e-01 -2.449368e-01]
 [ 1.033610e-01 -4.252783e-01]
 [ 7.456612e-02 -5.151166e-01]
 [ 4.153494e-02 -5.504712e-01]
 [-5.438406e-03 -5.863869e-01]
 [-5.564835e-02 -6.201959e-01]
 [-1.125884e-01 -6.550410e-01]
 [-1.890114e-01 -6.772553e-01]
 [-2.846431e-01 -6.801621e-01]
 [-3.732710e-01 -6.807891e-01]
 [-4.694850e-01 -6.739091e-01]
 [-5.583727e-01 -6.690822e-01]
 [-6.294128e-01 -6.632178e-01]
 [-7.001011e-01 -6.627330e-01]
 [-7.714254e-01 -6.693425e-01]
 [-7.996581e-01 -6.701691e-01]
 [-8.035939e-01 -6.681761e-01]
 [-8.083094e-01 -6.633456e-01]
 [-8.049232e-01 -6.462775e-01]
 [-7.988428e-01 -6.172126e-01]
 [-7.950454e-01 -5.839539e-01]
 [-7.903533e-01 -5.447852e-01]
 [-7.877830e-01 -4.993342e-01]
 [-7.865681e-01 -4.550198e-01]
 [-7.777680e-01 -4.248289e-01]
 [-7.664059e-01 -3.991818e-01]
 [-7.560737e-01 -3.741550e-01]
 [-7.204639e-01 -3.391542e-01]
 [-6.412202e-01 -3.026915e-01]
 [-4.528097e-01 -2.708321e-01]
 [-2.457276e-01 -2.355000e-01]
 [-5.368776e-02 -2.072985e-01]
 [ 1.256609e-01 -1.865547e-01]
 [ 2.912529e-01 -1.735707e-01]
 [ 4.416562e-01 -1.665287e-01]
 [ 4.916644e-01 -1.641961e-01]
 [ 4.954571e-01 -1.636944e-01]
 [ 4.816318e-01 -1.581039e-01]
 [ 3.516327e-01 -1.399943e-01]
 [ 9.179002e-02 -1.144623e-01]
 [-1.295744e-01 -7.786959e-02]
 [-3.044033e-01 -5.857402e-02]
 [-4.521674e-01 -4.184945e-02]
 [-5.867874e-01 -2.753747e-02]
 [-6.579053e-01 -1.062844e-02]
 [-6.684621e-01  4.662852e-03]
 [-6.792356e-01  2.029134e-02]
 [-6.961458e-01  3.184642e-02]
 [-7.146662e-01  4.713380e-02]
 [-7.265041e-01  5.775249e-02]
 [-7.325681e-01  4.415660e-02]
 [-7.237230e-01  2.667295e-02]
 [-6.838284e-01  3.631211e-02]
 [-5.262542e-01  4.920458e-02]
 [-2.539028e-01  4.816114e-02]
 [-1.402526e-02  4.299650e-02]
 [ 2.511663e-01  4.210432e-02]
 [ 4.661275e-01  4.619614e-02]
 [ 6.350942e-01  5.425314e-02]
 [ 6.971724e-01  6.253233e-02]
 [ 7.680265e-01  6.245944e-02]
 [ 8.282399e-01  3.898076e-02]
 [ 8.821143e-01 -3.802366e-03]
 [ 9.136724e-01 -6.600030e-02]
 [ 9.222338e-01 -1.576030e-01]
 [ 9.106662e-01 -2.658560e-01]
 [ 8.848572e-01 -3.816321e-01]
 [ 8.661170e-01 -4.933153e-01]
 [ 8.571514e-01 -5.677025e-01]
 [ 8.501490e-01 -6.251869e-01]
 [ 8.386697e-01 -6.809487e-01]
 [ 8.400851e-01 -7.097983e-01]
 [ 8.369424e-01 -7.349310e-01]
 [ 8.332100e-01 -7.562292e-01]
 [ 8.283898e-01 -7.746723e-01]
 [ 8.234112e-01 -7.822270e-01]
 [ 8.053116e-01 -7.878895e-01]
 [ 7.893024e-01 -7.894717e-01]
 [ 7.655128e-01 -7.889006e-01]
 [ 7.424983e-01 -7.897605e-01]
 [ 7.145257e-01 -7.912624e-01]
 [ 6.670521e-01 -8.155710e-01]
 [ 6.227853e-01 -8.187541e-01]
 [ 5.845531e-01 -8.174797e-01]
 [ 5.219890e-01 -8.163169e-01]
 [ 4.496855e-01 -8.117374e-01]
 [ 3.918619e-01 -8.009021e-01]
 [ 3.392987e-01 -7.907507e-01]
 [ 2.773075e-01 -7.670592e-01]
 [ 2.197714e-01 -7.248614e-01]
 [ 1.586774e-01 -6.513184e-01]
 [ 9.176081e-02 -4.278407e-01]
 [ 4.394809e-03 -1.920273e-01]
 [-5.315142e-02  4.437511e-02]
 [-1.121023e-01  2.698309e-01]
 [-1.832683e-01  4.502570e-01]
 [-2.176878e-01  5.803284e-01]
 [-2.396187e-01  6.706984e-01]
 [-2.753393e-01  7.317366e-01]
 [-3.073066e-01  7.704185e-01]
 [-3.323243e-01  7.915790e-01]
 [-3.631776e-01  8.023904e-01]
 [-4.165102e-01  8.077438e-01]
 [-5.064177e-01  8.041803e-01]
 [-6.026841e-01  8.001794e-01]
 [-7.374548e-01  7.999502e-01]
 [-8.023908e-01  7.937911e-01]
 [-8.363889e-01  7.869641e-01]
 [-8.531880e-01  7.842062e-01]
 [-8.603948e-01  7.833508e-01]
 [-8.586680e-01  7.837256e-01]
 [-8.550984e-01  7.822671e-01]
 [-8.507372e-01  7.708616e-01]
 [-8.444332e-01  7.569074e-01]
 [-8.395339e-01  7.471883e-01]
 [-8.296080e-01  7.427490e-01]
 [-8.390167e-01  7.335587e-01]
 [-8.238351e-01  7.237191e-01]
 [-8.100192e-01  7.085339e-01]
 [-8.104553e-01  6.806635e-01]
 [-8.198170e-01  6.379730e-01]
 [-8.085265e-01  6.055285e-01]
 [-8.024775e-01  5.659593e-01]
 [-7.590448e-01  5.231160e-01]
 [-6.696743e-01  4.823202e-01]
 [-5.169909e-01  4.546556e-01]
 [-3.340902e-01  4.317049e-01]
 [-1.210246e-01  3.911011e-01]
 [ 8.644233e-02  3.566716e-01]
 [ 3.072832e-01  3.272275e-01]
 [ 5.281550e-01  3.074300e-01]
 [ 6.900386e-01  2.768189e-01]
 [ 7.336097e-01  2.286605e-01]
 [ 7.587309e-01  1.539164e-01]
 [ 7.409486e-01  1.014565e-01]
 [ 6.990051e-01  6.290180e-02]
 [ 6.264273e-01  2.092158e-02]
 [ 3.589782e-01  1.231006e-02]
 [ 1.236833e-01 -8.667096e-04]
 [-5.907758e-02 -1.487481e-03]
 [-2.151480e-01  4.007045e-04]
 [-3.148140e-01  9.947503e-04]
 [-3.760241e-01  2.783379e-03]
 [-4.543931e-01  9.381622e-03]
 [-5.112829e-01  2.813296e-02]
 [-5.446410e-01  4.846610e-02]
 [-5.720296e-01  6.793648e-02]
 [-5.951646e-01  7.256521e-02]
 [-6.095424e-01  7.892442e-02]
 [-6.179916e-01  6.055577e-02]
 [-6.343830e-01  3.268976e-02]
 [-6.413896e-01  7.474607e-03]
 [-6.270279e-01 -2.433032e-02]
 [-5.384136e-01 -6.365146e-02]
 [-4.024769e-01 -1.073277e-01]
 [-1.040640e-01 -1.416733e-01]
 [ 1.816181e-01 -1.531593e-01]
 [ 4.079299e-01 -1.412018e-01]
 [ 5.967072e-01 -1.126339e-01]
 [ 6.962078e-01 -6.371006e-02]
 [ 7.515808e-01 -7.841635e-04]
 [ 7.855452e-01  5.926158e-02]
 [ 7.892163e-01  1.245289e-01]
 [ 7.831526e-01  1.936477e-01]
 [ 7.772633e-01  2.696386e-01]
 [ 7.637663e-01  3.470858e-01]
 [ 7.494293e-01  4.022314e-01]
 [ 7.368712e-01  4.566246e-01]
 [ 7.307823e-01  5.072731e-01]
 [ 7.395907e-01  5.466740e-01]
 [ 7.420267e-01  5.762186e-01]
 [ 7.367516e-01  6.003601e-01]
 [ 7.256952e-01  6.126944e-01]
 [ 7.049681e-01  6.271551e-01]
 [ 6.815869e-01  6.231126e-01]
 [ 6.379265e-01  5.407561e-01]
 [ 5.909982e-01  4.350842e-01]
 [ 5.517365e-01  3.171518e-01]
 [ 5.003309e-01  1.943966e-01]
 [ 4.529599e-01  7.023668e-02]
 [ 4.040561e-01 -6.773076e-02]
 [ 3.600556e-01 -1.948417e-01]
 [ 3.202434e-01 -3.062256e-01]
 [ 2.987121e-01 -3.185270e-01]
 [ 2.784500e-01 -2.743881e-01]
 [ 2.382541e-01 -1.979507e-01]
 [ 2.036643e-01 -1.214048e-01]
 [ 1.723248e-01 -6.033088e-02]
 [ 1.402119e-01  7.560950e-02]
 [ 1.107789e-01  2.446565e-01]
 [ 8.758886e-02  3.830095e-01]
 [ 6.322117e-02  4.954445e-01]
 [ 3.831971e-02  6.083793e-01]
 [ 2.663388e-02  6.621546e-01]
 [ 1.866319e-03  7.139536e-01]
 [-2.307378e-02  7.237927e-01]
 [-4.061602e-02  7.240148e-01]
 [-6.463511e-02  7.283884e-01]
 [-8.883201e-02  7.499384e-01]
 [-1.092806e-01  7.591018e-01]
 [-1.181247e-01  7.520670e-01]
 [-1.152719e-01  7.430881e-01]
 [-1.044325e-01  7.157475e-01]
 [-8.733880e-02  6.865646e-01]
 [-6.481288e-02  6.029823e-01]
 [-4.115513e-02  4.988312e-01]
 [-2.337120e-02  3.818688e-01]
 [-1.792465e-03  2.026843e-01]
 [ 1.614824e-02  3.496466e-03]
 [ 3.018058e-02 -1.648159e-01]
 [ 3.961741e-02 -2.774040e-01]
 [ 4.497529e-02 -3.845967e-01]
 [ 4.771588e-02 -4.390527e-01]
 [ 4.610023e-02 -4.257668e-01]
 [ 4.427433e-02 -3.952834e-01]
 [ 4.658010e-02 -3.139013e-01]
 [ 3.461524e-02 -8.063604e-02]
 [ 2.863568e-02  1.443508e-01]
 [ 2.626058e-02  3.542736e-01]
 [ 2.235121e-02  5.335396e-01]
 [ 2.014669e-02  7.047348e-01]
 [ 2.724744e-02  7.333689e-01]
 [ 4.181635e-02  7.347151e-01]
 [ 5.559334e-02  7.242895e-01]
 [ 7.410267e-02  6.945209e-01]
 [ 7.340412e-02  6.829155e-01]
 [ 7.641369e-02  6.104233e-01]
 [ 8.548965e-02  4.725069e-01]
 [ 9.391598e-02  3.224598e-01]
 [ 1.037453e-01  1.640257e-01]
 [ 1.017950e-01  8.186443e-03]
 [ 9.789215e-02 -1.348712e-01]
 [ 9.035662e-02 -2.134263e-01]
 [ 7.891966e-02 -2.519308e-01]
 [ 6.633729e-02 -2.762646e-01]
 [ 3.885153e-02 -2.080115e-01]
 [ 1.664745e-02  7.454240e-03]
 [ 4.986812e-03  2.169590e-01]
 [-7.946936e-03  3.926037e-01]
 [-3.051225e-02  5.671850e-01]
 [-4.985337e-02  6.783617e-01]
 [-6.370105e-02  7.166647e-01]
 [-7.418482e-02  7.562706e-01]
 [-8.344061e-02  7.789965e-01]
 [-8.406180e-02  7.808080e-01]
 [-8.415243e-02  7.835721e-01]
 [-7.300189e-02  6.949624e-01]
 [-5.473288e-02  4.735134e-01]
 [-4.294283e-02  2.593265e-01]
 [-2.984530e-02  6.005933e-02]
 [-1.911505e-02 -1.402303e-01]
 [-9.724751e-03 -3.368055e-01]
 [-3.259116e-03 -5.063303e-01]
 [-1.332655e-04 -6.026679e-01]
 [-2.522150e-04 -6.420183e-01]
 [ 1.774318e-03 -6.238255e-01]
 [ 3.862912e-03 -5.876109e-01]
 [ 8.553228e-03 -3.797914e-01]
 [ 2.305088e-02  1.959851e-03]
 [ 3.688804e-02  3.674427e-01]
 [ 5.182725e-02  6.726587e-01]
 [ 3.791402e-02  6.801965e-01]
 [ 6.759517e-03  6.740485e-01]
 [-1.713799e-02  6.671816e-01]
 [-3.996702e-02  6.566328e-01]
 [-5.200988e-02  6.524336e-01]
 [-5.622884e-02  6.099857e-01]
 [-4.565169e-02  4.628072e-01]
 [-2.081530e-02  2.212889e-01]
 [ 5.289485e-03 -7.489256e-02]
 [ 3.970240e-02 -3.679923e-01]
 [ 5.887128e-02 -5.908986e-01]
 [ 6.828866e-02 -7.549549e-01]
 [ 7.450444e-02 -8.288514e-01]
 [ 8.355315e-02 -8.302961e-01]
 [ 1.207776e-01 -8.283725e-01]
 [ 1.439775e-01 -8.204613e-01]
 [ 1.758801e-01 -7.991620e-01]
 [ 2.906004e-01 -7.717820e-01]
 [ 4.502954e-01 -7.472612e-01]
 [ 6.307018e-01 -7.293420e-01]
 [ 7.683762e-01 -7.223375e-01]
 [ 8.434970e-01 -7.306340e-01]
 [ 8.849218e-01 -7.386308e-01]
 [ 9.355512e-01 -7.365129e-01]
 [ 9.646841e-01 -7.444139e-01]
 [ 9.675820e-01 -7.376923e-01]
 [ 9.635828e-01 -7.178505e-01]
 [ 9.496871e-01 -6.942420e-01]
 [ 9.390701e-01 -6.679838e-01]
 [ 9.287153e-01 -6.278469e-01]
 [ 9.350970e-01 -5.986845e-01]
 [ 9.385605e-01 -5.781593e-01]
 [ 9.422919e-01 -5.706005e-01]
 [ 9.230826e-01 -5.304061e-01]
 [ 8.743300e-01 -4.706969e-01]
 [ 8.265422e-01 -4.164430e-01]
 [ 7.204330e-01 -3.508822e-01]
 [ 5.289410e-01 -2.937274e-01]
 [ 3.208457e-01 -2.555908e-01]
 [ 6.088362e-02 -2.053948e-01]
 [-1.555414e-01 -1.731065e-01]
 [-3.523932e-01 -1.331655e-01]
 [-5.233127e-01 -9.572892e-02]
 [-5.736929e-01 -6.237934e-02]
 [-6.103654e-01 -2.146192e-02]
 [-5.420654e-01  1.819662e-02]
 [-3.891332e-01  2.446359e-02]
 [-1.343934e-01  2.581706e-02]
 [ 1.194935e-01  2.690103e-02]
 [ 3.355753e-01  2.894758e-02]
 [ 4.975274e-01  2.454450e-02]
 [ 6.370577e-01  1.270092e-02]
 [ 7.109885e-01  7.145513e-03]
 [ 7.239623e-01 -1.484593e-03]
 [ 7.204234e-01 -8.080715e-03]
 [ 7.035811e-01 -1.735130e-03]
 [ 5.992027e-01 -7.740115e-03]
 [ 4.527928e-01 -1.494305e-02]
 [ 3.258878e-01 -2.030134e-02]
 [ 1.440926e-01 -1.967324e-02]
 [-7.791855e-02 -1.449903e-02]
 [-2.782714e-01  9.350741e-03]
 [-4.619805e-01  4.246183e-02]
 [-6.310477e-01  8.175556e-02]
 [-7.880617e-01  1.154107e-01]
 [-8.489932e-01  1.385910e-01]
 [-8.649454e-01  1.494085e-01]
 [-8.790321e-01  1.719940e-01]
 [-8.598681e-01  2.102633e-01]
 [-8.162737e-01  2.656529e-01]
 [-7.875317e-01  3.676229e-01]
 [-7.936958e-01  5.368941e-01]
 [-8.147159e-01  6.808058e-01]
 [-8.362978e-01  8.026280e-01]
 [-8.629721e-01  8.823273e-01]
 [-8.622776e-01  9.129644e-01]
 [-8.646794e-01  9.193019e-01]
 [-8.721470e-01  9.112892e-01]
 [-8.686783e-01  8.790104e-01]
 [-8.686368e-01  8.709183e-01]
 [-8.571410e-01  8.732172e-01]
 [-8.630522e-01  8.797281e-01]
 [-8.542432e-01  8.920088e-01]
 [-8.303202e-01  9.042190e-01]
 [-8.008832e-01  9.092829e-01]
 [-7.062543e-01  8.914185e-01]
 [-5.718955e-01  8.317900e-01]
 [-4.426305e-01  7.429429e-01]
 [-3.166762e-01  4.826203e-01]
 [-2.061347e-01  2.350183e-01]
 [-1.336102e-01 -9.071555e-03]
 [-8.181234e-02 -2.217707e-01]
 [-6.152953e-02 -3.792985e-01]
 [-6.286582e-02 -4.946980e-01]
 [-7.727309e-02 -4.901961e-01]
 [-9.836655e-02 -3.161030e-01]
 [-1.013688e-01 -7.735238e-02]
 [-9.760474e-02  1.513796e-01]
 [-8.691089e-02  3.366998e-01]
 [-8.093559e-02  4.842044e-01]
 [-7.022729e-02  6.269181e-01]
 [-5.287520e-02  7.164444e-01]
 [-4.692257e-03  7.454037e-01]
 [ 5.047138e-02  7.645606e-01]
 [ 9.677686e-02  7.754219e-01]
 [ 1.429587e-01  7.417729e-01]
 [ 1.729287e-01  6.718264e-01]
 [ 2.030857e-01  5.653000e-01]
 [ 2.326599e-01  3.640112e-01]
 [ 2.563560e-01  7.827662e-02]
 [ 2.648783e-01 -2.157277e-01]
 [ 2.852307e-01 -5.054363e-01]
 [ 3.139012e-01 -7.119670e-01]
 [ 3.497536e-01 -8.550452e-01]
 [ 3.587050e-01 -8.711630e-01]
 [ 3.696875e-01 -8.577145e-01]
 [ 3.867930e-01 -8.472624e-01]
 [ 4.004537e-01 -8.302402e-01]
 [ 4.857761e-01 -7.654389e-01]
 [ 6.254587e-01 -7.697591e-01]
 [ 7.713265e-01 -7.922299e-01]
 [ 8.411058e-01 -8.126520e-01]
 [ 8.796748e-01 -7.688758e-01]
 [ 9.202365e-01 -7.231025e-01]
 [ 9.457601e-01 -6.971439e-01]
 [ 9.583755e-01 -6.218588e-01]
 [ 9.571045e-01 -6.529784e-01]
 [ 9.438478e-01 -6.957948e-01]
 [ 9.370400e-01 -6.827652e-01]
 [ 9.298224e-01 -6.443247e-01]
 [ 9.222862e-01 -5.830684e-01]
 [ 9.143953e-01 -5.175443e-01]
 [ 9.136328e-01 -4.599168e-01]
 [ 9.274634e-01 -4.248440e-01]
 [ 9.275549e-01 -3.691555e-01]
 [ 9.160269e-01 -3.104919e-01]
 [ 8.987551e-01 -2.163275e-01]
 [ 8.725332e-01 -1.267853e-01]
 [ 8.038752e-01 -4.585422e-02]
 [ 6.374407e-01 -5.371735e-03]
 [ 4.207494e-01  4.376930e-02]
 [ 1.777339e-01  8.036042e-02]
 [-6.028573e-02  9.955863e-02]
 [-2.949860e-01  1.215803e-01]
 [-5.120006e-01  1.351040e-01]
 [-5.884181e-01  1.266613e-01]
 [-6.072720e-01  1.317274e-01]
 [-4.780480e-01  1.358341e-01]
 [-1.408113e-01  1.491944e-01]
 [ 1.547582e-01  1.622105e-01]
 [ 3.958631e-01  1.692102e-01]
 [ 4.938654e-01  1.783596e-01]
 [ 5.134550e-01  1.971924e-01]
 [ 5.485592e-01  1.968070e-01]
 [ 5.421759e-01  1.864019e-01]
 [ 5.345238e-01  1.786154e-01]
 [ 4.482040e-01  5.040140e-01]
 [ 4.235433e-01  4.681011e-01]
 [ 3.065582e-01  4.572521e-01]
 [ 1.424355e-01  4.331959e-01]
 [-4.716031e-02  4.124515e-01]
 [-2.379266e-01  3.936403e-01]
 [-4.138273e-01  3.680062e-01]
 [-5.686637e-01  3.290391e-01]
 [-6.739630e-01  3.078535e-01]
 [-7.468280e-01  3.089165e-01]
 [-7.925205e-01  3.124810e-01]
 [-8.357793e-01  3.047931e-01]
 [-8.660458e-01  3.262028e-01]
 [-8.793580e-01  3.781964e-01]
 [-8.811963e-01  4.721369e-01]
 [-8.878010e-01  5.601158e-01]
 [-8.830553e-01  6.478490e-01]
 [-8.560267e-01  7.254214e-01]
 [-8.292705e-01  7.637658e-01]
 [-8.071743e-01  7.922951e-01]
 [-7.814400e-01  8.043187e-01]
 [-7.611842e-01  7.944105e-01]
 [-7.465764e-01  7.707440e-01]
 [-7.180837e-01  7.438145e-01]
 [-6.610520e-01  7.137860e-01]
 [-5.959579e-01  6.767567e-01]
 [-5.293197e-01  6.509419e-01]
 [-4.682861e-01  6.208670e-01]
 [-4.047843e-01  5.873375e-01]
 [-3.553813e-01  5.509483e-01]
 [-2.925463e-01  4.426302e-01]
 [-2.250248e-01  2.840419e-01]
 [-1.656998e-01  1.186769e-01]
 [-1.252539e-01 -3.187399e-02]
 [-9.796712e-02 -1.692135e-01]
 [-8.105123e-02 -2.655668e-01]
 [-7.052039e-02 -3.379159e-01]
 [-7.240590e-02 -3.238672e-01]
 [-7.111332e-02 -3.163085e-01]
 [-6.628852e-02 -3.058698e-01]
 [-6.150774e-02 -2.160423e-01]
 [-6.338848e-02 -1.923522e-01]
 [-4.865292e-02  1.483145e-02]
 [ 3.322076e-02  1.141515e-02]
 [-8.595858e-03 -2.064689e-02]
 [-7.079599e-02 -1.157079e-01]
 [ 2.905401e-04 -3.039504e-02]
 [-9.352940e-02 -7.255360e-03]
 [ 3.073933e-02 -3.886958e-02]
 [ 5.209251e-02  6.013130e-02]
 [ 5.891680e-02 -5.396283e-02]
 [ 4.303538e-02 -3.641557e-02]
 [-7.303565e-03  2.967649e-02]
 [-3.279917e-02 -6.385378e-04]
 [ 2.132870e-02 -1.491109e-02]
 [ 3.204608e-02  6.507292e-02]
 [-1.650702e-02 -9.141909e-02]
 [ 6.866297e-02  3.424301e-02]
 [ 6.420630e-02 -9.825397e-02]
 [-4.762269e-02  2.793114e-02]
 [ 7.969565e-02 -3.120612e-02]]

[Group] infos/

[Dataset] infos/goal
  shape: (1658, 2)
  dtype: float32
  min: 7.0
  max: 9.0
  mean: 8.0
  content:
[[7. 9.]
 [7. 9.]
 [7. 9.]
 [7. 9.]
 [7. 9.]
 [7. 9.]
 [7. 9.]
 [7. 9.]
 [7. 9.]
 [7. 9.]
 [7. 9.]
 [7. 9.]
 [7. 9.]
 [7. 9.]
 [7. 9.]
 [7. 9.]
 [7. 9.]
 [7. 9.]
 [7. 9.]
 [7. 9.]
 [7. 9.]
 [7. 9.]
 [7. 9.]
 [7. 9.]
 [7. 9.]
 [7. 9.]
 [7. 9.]
 [7. 9.]
 [7. 9.]
 [7. 9.]
 [7. 9.]
 [7. 9.]
 [7. 9.]
 [7. 9.]
 [7. 9.]
 [7. 9.]
 [7. 9.]
 [7. 9.]
 [7. 9.]
 [7. 9.]
 [7. 9.]
 [7. 9.]
 [7. 9.]
 [7. 9.]
 [7. 9.]
 [7. 9.]
 [7. 9.]
 [7. 9.]
 [7. 9.]
 [7. 9.]
 [7. 9.]
 [7. 9.]
 [7. 9.]
 [7. 9.]
 [7. 9.]
 [7. 9.]
 [7. 9.]
 [7. 9.]
 [7. 9.]
 [7. 9.]
 [7. 9.]
 [7. 9.]
 [7. 9.]
 [7. 9.]
 [7. 9.]
 [7. 9.]
 [7. 9.]
 [7. 9.]
 [7. 9.]
 [7. 9.]
 [7. 9.]
 [7. 9.]
 [7. 9.]
 [7. 9.]
 [7. 9.]
 [7. 9.]
 [7. 9.]
 [7. 9.]
 [7. 9.]
 [7. 9.]
 [7. 9.]
 [7. 9.]
 [7. 9.]
 [7. 9.]
 [7. 9.]
 [7. 9.]
 [7. 9.]
 [7. 9.]
 [7. 9.]
 [7. 9.]
 [7. 9.]
 [7. 9.]
 [7. 9.]
 [7. 9.]
 [7. 9.]
 [7. 9.]
 [7. 9.]
 [7. 9.]
 [7. 9.]
 [7. 9.]
 [7. 9.]
 [7. 9.]
 [7. 9.]
 [7. 9.]
 [7. 9.]
 [7. 9.]
 [7. 9.]
 [7. 9.]
 [7. 9.]
 [7. 9.]
 [7. 9.]
 [7. 9.]
 [7. 9.]
 [7. 9.]
 [7. 9.]
 [7. 9.]
 [7. 9.]
 [7. 9.]
 [7. 9.]
 [7. 9.]
 [7. 9.]
 [7. 9.]
 [7. 9.]
 [7. 9.]
 [7. 9.]
 [7. 9.]
 [7. 9.]
 [7. 9.]
 [7. 9.]
 [7. 9.]
 [7. 9.]
 [7. 9.]
 [7. 9.]
 [7. 9.]
 [7. 9.]
 [7. 9.]
 [7. 9.]
 [7. 9.]
 [7. 9.]
 [7. 9.]
 [7. 9.]
 [7. 9.]
 [7. 9.]
 [7. 9.]
 [7. 9.]
 [7. 9.]
 [7. 9.]
 [7. 9.]
 [7. 9.]
 [7. 9.]
 [7. 9.]
 [7. 9.]
 [7. 9.]
 [7. 9.]
 [7. 9.]
 [7. 9.]
 [7. 9.]
 [7. 9.]
 [7. 9.]
 [7. 9.]
 [7. 9.]
 [7. 9.]
 [7. 9.]
 [7. 9.]
 [7. 9.]
 [7. 9.]
 [7. 9.]
 [7. 9.]
 [7. 9.]
 [7. 9.]
 [7. 9.]
 [7. 9.]
 [7. 9.]
 [7. 9.]
 [7. 9.]
 [7. 9.]
 [7. 9.]
 [7. 9.]
 [7. 9.]
 [7. 9.]
 [7. 9.]
 [7. 9.]
 [7. 9.]
 [7. 9.]
 [7. 9.]
 [7. 9.]
 [7. 9.]
 [7. 9.]
 [7. 9.]
 [7. 9.]
 [7. 9.]
 [7. 9.]
 [7. 9.]
 [7. 9.]
 [7. 9.]
 [7. 9.]
 [7. 9.]
 [7. 9.]
 [7. 9.]
 [7. 9.]
 [7. 9.]
 [7. 9.]
 [7. 9.]
 [7. 9.]
 [7. 9.]
 [7. 9.]
 [7. 9.]
 [7. 9.]
 [7. 9.]
 [7. 9.]
 [7. 9.]
 [7. 9.]
 [7. 9.]
 [7. 9.]
 [7. 9.]
 [7. 9.]
 [7. 9.]
 [7. 9.]
 [7. 9.]
 [7. 9.]
 [7. 9.]
 [7. 9.]
 [7. 9.]
 [7. 9.]
 [7. 9.]
 [7. 9.]
 [7. 9.]
 [7. 9.]
 [7. 9.]
 [7. 9.]
 [7. 9.]
 [7. 9.]
 [7. 9.]
 [7. 9.]
 [7. 9.]
 [7. 9.]
 [7. 9.]
 [7. 9.]
 [7. 9.]
 [7. 9.]
 [7. 9.]
 [7. 9.]
 [7. 9.]
 [7. 9.]
 [7. 9.]
 [7. 9.]
 [7. 9.]
 [7. 9.]
 [7. 9.]
 [7. 9.]
 [7. 9.]
 [7. 9.]
 [7. 9.]
 [7. 9.]
 [7. 9.]
 [7. 9.]
 [7. 9.]
 [7. 9.]
 [7. 9.]
 [7. 9.]
 [7. 9.]
 [7. 9.]
 [7. 9.]
 [7. 9.]
 [7. 9.]
 [7. 9.]
 [7. 9.]
 [7. 9.]
 [7. 9.]
 [7. 9.]
 [7. 9.]
 [7. 9.]
 [7. 9.]
 [7. 9.]
 [7. 9.]
 [7. 9.]
 [7. 9.]
 [7. 9.]
 [7. 9.]
 [7. 9.]
 [7. 9.]
 [7. 9.]
 [7. 9.]
 [7. 9.]
 [7. 9.]
 [7. 9.]
 [7. 9.]
 [7. 9.]
 [7. 9.]
 [7. 9.]
 [7. 9.]
 [7. 9.]
 [7. 9.]
 [7. 9.]
 [7. 9.]
 [7. 9.]
 [7. 9.]
 [7. 9.]
 [7. 9.]
 [7. 9.]
 [7. 9.]
 [7. 9.]
 [7. 9.]
 [7. 9.]
 [7. 9.]
 [7. 9.]
 [7. 9.]
 [7. 9.]
 [7. 9.]
 [7. 9.]
 [7. 9.]
 [7. 9.]
 [7. 9.]
 [7. 9.]
 [7. 9.]
 [7. 9.]
 [7. 9.]
 [7. 9.]
 [7. 9.]
 [7. 9.]
 [7. 9.]
 [7. 9.]
 [7. 9.]
 [7. 9.]
 [7. 9.]
 [7. 9.]
 [7. 9.]
 [7. 9.]
 [7. 9.]
 [7. 9.]
 [7. 9.]
 [7. 9.]
 [7. 9.]
 [7. 9.]
 [7. 9.]
 [7. 9.]
 [7. 9.]
 [7. 9.]
 [7. 9.]
 [7. 9.]
 [7. 9.]
 [7. 9.]
 [7. 9.]
 [7. 9.]
 [7. 9.]
 [7. 9.]
 [7. 9.]
 [7. 9.]
 [7. 9.]
 [7. 9.]
 [7. 9.]
 [7. 9.]
 [7. 9.]
 [7. 9.]
 [7. 9.]
 [7. 9.]
 [7. 9.]
 [7. 9.]
 [7. 9.]
 [7. 9.]
 [7. 9.]
 [7. 9.]
 [7. 9.]
 [7. 9.]
 [7. 9.]
 [7. 9.]
 [7. 9.]
 [7. 9.]
 [7. 9.]
 [7. 9.]
 [7. 9.]
 [7. 9.]
 [7. 9.]
 [7. 9.]
 [7. 9.]
 [7. 9.]
 [7. 9.]
 [7. 9.]
 [7. 9.]
 [7. 9.]
 [7. 9.]
 [7. 9.]
 [7. 9.]
 [7. 9.]
 [7. 9.]
 [7. 9.]
 [7. 9.]
 [7. 9.]
 [7. 9.]
 [7. 9.]
 [7. 9.]
 [7. 9.]
 [7. 9.]
 [7. 9.]
 [7. 9.]
 [7. 9.]
 [7. 9.]
 [7. 9.]
 [7. 9.]
 [7. 9.]
 [7. 9.]
 [7. 9.]
 [7. 9.]
 [7. 9.]
 [7. 9.]
 [7. 9.]
 [7. 9.]
 [7. 9.]
 [7. 9.]
 [7. 9.]
 [7. 9.]
 [7. 9.]
 [7. 9.]
 [7. 9.]
 [7. 9.]
 [7. 9.]
 [7. 9.]
 [7. 9.]
 [7. 9.]
 [7. 9.]
 [7. 9.]
 [7. 9.]
 [7. 9.]
 [7. 9.]
 [7. 9.]
 [7. 9.]
 [7. 9.]
 [7. 9.]
 [7. 9.]
 [7. 9.]
 [7. 9.]
 [7. 9.]
 [7. 9.]
 [7. 9.]
 [7. 9.]
 [7. 9.]
 [7. 9.]
 [7. 9.]
 [7. 9.]
 [7. 9.]
 [7. 9.]
 [7. 9.]
 [7. 9.]
 [7. 9.]
 [7. 9.]
 [7. 9.]
 [7. 9.]
 [7. 9.]
 [7. 9.]
 [7. 9.]
 [7. 9.]
 [7. 9.]
 [7. 9.]
 [7. 9.]
 [7. 9.]
 [7. 9.]
 [7. 9.]
 [7. 9.]
 [7. 9.]
 [7. 9.]
 [7. 9.]
 [7. 9.]
 [7. 9.]
 [7. 9.]
 [7. 9.]
 [7. 9.]
 [7. 9.]
 [7. 9.]
 [7. 9.]
 [7. 9.]
 [7. 9.]
 [7. 9.]
 [7. 9.]
 [7. 9.]
 [7. 9.]
 [7. 9.]
 [7. 9.]
 [7. 9.]
 [7. 9.]
 [7. 9.]
 [7. 9.]
 [7. 9.]
 [7. 9.]
 [7. 9.]
 [7. 9.]
 [7. 9.]
 [7. 9.]
 [7. 9.]
 [7. 9.]
 [7. 9.]
 [7. 9.]
 [7. 9.]
 [7. 9.]
 [7. 9.]
 [7. 9.]
 [7. 9.]
 [7. 9.]
 [7. 9.]
 [7. 9.]
 [7. 9.]
 [7. 9.]
 [7. 9.]
 [7. 9.]
 [7. 9.]
 [7. 9.]
 [7. 9.]
 [7. 9.]
 [7. 9.]
 [7. 9.]
 [7. 9.]
 [7. 9.]
 [7. 9.]
 [7. 9.]
 [7. 9.]
 [7. 9.]
 [7. 9.]
 [7. 9.]
 [7. 9.]
 [7. 9.]
 [7. 9.]
 [7. 9.]
 [7. 9.]
 [7. 9.]
 [7. 9.]
 [7. 9.]
 [7. 9.]
 [7. 9.]
 [7. 9.]
 [7. 9.]
 [7. 9.]
 [7. 9.]
 [7. 9.]
 [7. 9.]
 [7. 9.]
 [7. 9.]
 [7. 9.]
 [7. 9.]
 [7. 9.]
 [7. 9.]
 [7. 9.]
 [7. 9.]
 [7. 9.]
 [7. 9.]
 [7. 9.]
 [7. 9.]
 [7. 9.]
 [7. 9.]
 [7. 9.]
 [7. 9.]
 [7. 9.]
 [7. 9.]
 [7. 9.]
 [7. 9.]
 [7. 9.]
 [7. 9.]
 [7. 9.]
 [7. 9.]
 [7. 9.]
 [7. 9.]
 [7. 9.]
 [7. 9.]
 [7. 9.]
 [7. 9.]
 [7. 9.]
 [7. 9.]
 [7. 9.]
 [7. 9.]
 [7. 9.]
 [7. 9.]
 [7. 9.]
 [7. 9.]
 [7. 9.]
 [7. 9.]
 [7. 9.]
 [7. 9.]
 [7. 9.]
 [7. 9.]
 [7. 9.]
 [7. 9.]
 [7. 9.]
 [7. 9.]
 [7. 9.]
 [7. 9.]
 [7. 9.]
 [7. 9.]
 [7. 9.]
 [7. 9.]
 [7. 9.]
 [7. 9.]
 [7. 9.]
 [7. 9.]
 [7. 9.]
 [7. 9.]
 [7. 9.]
 [7. 9.]
 [7. 9.]
 [7. 9.]
 [7. 9.]
 [7. 9.]
 [7. 9.]
 [7. 9.]
 [7. 9.]
 [7. 9.]
 [7. 9.]
 [7. 9.]
 [7. 9.]
 [7. 9.]
 [7. 9.]
 [7. 9.]
 [7. 9.]
 [7. 9.]
 [7. 9.]
 [7. 9.]
 [7. 9.]
 [7. 9.]
 [7. 9.]
 [7. 9.]
 [7. 9.]
 [7. 9.]
 [7. 9.]
 [7. 9.]
 [7. 9.]
 [7. 9.]
 [7. 9.]
 [7. 9.]
 [7. 9.]
 [7. 9.]
 [7. 9.]
 [7. 9.]
 [7. 9.]
 [7. 9.]
 [7. 9.]
 [7. 9.]
 [7. 9.]
 [7. 9.]
 [7. 9.]
 [7. 9.]
 [7. 9.]
 [7. 9.]
 [7. 9.]
 [7. 9.]
 [7. 9.]
 [7. 9.]
 [7. 9.]
 [7. 9.]
 [7. 9.]
 [7. 9.]
 [7. 9.]
 [7. 9.]
 [7. 9.]
 [7. 9.]
 [7. 9.]
 [7. 9.]
 [7. 9.]
 [7. 9.]
 [7. 9.]
 [7. 9.]
 [7. 9.]
 [7. 9.]
 [7. 9.]
 [7. 9.]
 [7. 9.]
 [7. 9.]
 [7. 9.]
 [7. 9.]
 [7. 9.]
 [7. 9.]
 [7. 9.]
 [7. 9.]
 [7. 9.]
 [7. 9.]
 [7. 9.]
 [7. 9.]
 [7. 9.]
 [7. 9.]
 [7. 9.]
 [7. 9.]
 [7. 9.]
 [7. 9.]
 [7. 9.]
 [7. 9.]
 [7. 9.]
 [7. 9.]
 [7. 9.]
 [7. 9.]
 [7. 9.]
 [7. 9.]
 [7. 9.]
 [7. 9.]
 [7. 9.]
 [7. 9.]
 [7. 9.]
 [7. 9.]
 [7. 9.]
 [7. 9.]
 [7. 9.]
 [7. 9.]
 [7. 9.]
 [7. 9.]
 [7. 9.]
 [7. 9.]
 [7. 9.]
 [7. 9.]
 [7. 9.]
 [7. 9.]
 [7. 9.]
 [7. 9.]
 [7. 9.]
 [7. 9.]
 [7. 9.]
 [7. 9.]
 [7. 9.]
 [7. 9.]
 [7. 9.]
 [7. 9.]
 [7. 9.]
 [7. 9.]
 [7. 9.]
 [7. 9.]
 [7. 9.]
 [7. 9.]
 [7. 9.]
 [7. 9.]
 [7. 9.]
 [7. 9.]
 [7. 9.]
 [7. 9.]
 [7. 9.]
 [7. 9.]
 [7. 9.]
 [7. 9.]
 [7. 9.]
 [7. 9.]
 [7. 9.]
 [7. 9.]
 [7. 9.]
 [7. 9.]
 [7. 9.]
 [7. 9.]
 [7. 9.]
 [7. 9.]
 [7. 9.]
 [7. 9.]
 [7. 9.]
 [7. 9.]
 [7. 9.]
 [7. 9.]
 [7. 9.]
 [7. 9.]
 [7. 9.]
 [7. 9.]
 [7. 9.]
 [7. 9.]
 [7. 9.]
 [7. 9.]
 [7. 9.]
 [7. 9.]
 [7. 9.]
 [7. 9.]
 [7. 9.]
 [7. 9.]
 [7. 9.]
 [7. 9.]
 [7. 9.]
 [7. 9.]
 [7. 9.]
 [7. 9.]
 [7. 9.]
 [7. 9.]
 [7. 9.]
 [7. 9.]
 [7. 9.]
 [7. 9.]
 [7. 9.]
 [7. 9.]
 [7. 9.]
 [7. 9.]
 [7. 9.]
 [7. 9.]
 [7. 9.]
 [7. 9.]
 [7. 9.]
 [7. 9.]
 [7. 9.]
 [7. 9.]
 [7. 9.]
 [7. 9.]
 [7. 9.]
 [7. 9.]
 [7. 9.]
 [7. 9.]
 [7. 9.]
 [7. 9.]
 [7. 9.]
 [7. 9.]
 [7. 9.]
 [7. 9.]
 [7. 9.]
 [7. 9.]
 [7. 9.]
 [7. 9.]
 [7. 9.]
 [7. 9.]
 [7. 9.]
 [7. 9.]
 [7. 9.]
 [7. 9.]
 [7. 9.]
 [7. 9.]
 [7. 9.]
 [7. 9.]
 [7. 9.]
 [7. 9.]
 [7. 9.]
 [7. 9.]
 [7. 9.]
 [7. 9.]
 [7. 9.]
 [7. 9.]
 [7. 9.]
 [7. 9.]
 [7. 9.]
 [7. 9.]
 [7. 9.]
 [7. 9.]
 [7. 9.]
 [7. 9.]
 [7. 9.]
 [7. 9.]
 [7. 9.]
 [7. 9.]
 [7. 9.]
 [7. 9.]
 [7. 9.]
 [7. 9.]
 [7. 9.]
 [7. 9.]
 [7. 9.]
 [7. 9.]
 [7. 9.]
 [7. 9.]
 [7. 9.]
 [7. 9.]
 [7. 9.]
 [7. 9.]
 [7. 9.]
 [7. 9.]
 [7. 9.]
 [7. 9.]
 [7. 9.]
 [7. 9.]
 [7. 9.]
 [7. 9.]
 [7. 9.]
 [7. 9.]
 [7. 9.]
 [7. 9.]
 [7. 9.]
 [7. 9.]
 [7. 9.]
 [7. 9.]
 [7. 9.]
 [7. 9.]
 [7. 9.]
 [7. 9.]
 [7. 9.]
 [7. 9.]
 [7. 9.]
 [7. 9.]
 [7. 9.]
 [7. 9.]
 [7. 9.]
 [7. 9.]
 [7. 9.]
 [7. 9.]
 [7. 9.]
 [7. 9.]
 [7. 9.]
 [7. 9.]
 [7. 9.]
 [7. 9.]
 [7. 9.]
 [7. 9.]
 [7. 9.]
 [7. 9.]
 [7. 9.]
 [7. 9.]
 [7. 9.]
 [7. 9.]
 [7. 9.]
 [7. 9.]
 [7. 9.]
 [7. 9.]
 [7. 9.]
 [7. 9.]
 [7. 9.]
 [7. 9.]
 [7. 9.]
 [7. 9.]
 [7. 9.]
 [7. 9.]
 [7. 9.]
 [7. 9.]
 [7. 9.]
 [7. 9.]
 [7. 9.]
 [7. 9.]
 [7. 9.]
 [7. 9.]
 [7. 9.]
 [7. 9.]
 [7. 9.]
 [7. 9.]
 [7. 9.]
 [7. 9.]
 [7. 9.]
 [7. 9.]
 [7. 9.]
 [7. 9.]
 [7. 9.]
 [7. 9.]
 [7. 9.]
 [7. 9.]
 [7. 9.]
 [7. 9.]
 [7. 9.]
 [7. 9.]
 [7. 9.]
 [7. 9.]
 [7. 9.]
 [7. 9.]
 [7. 9.]
 [7. 9.]
 [7. 9.]
 [7. 9.]
 [7. 9.]
 [7. 9.]
 [7. 9.]
 [7. 9.]
 [7. 9.]
 [7. 9.]
 [7. 9.]
 [7. 9.]
 [7. 9.]
 [7. 9.]
 [7. 9.]
 [7. 9.]
 [7. 9.]
 [7. 9.]
 [7. 9.]
 [7. 9.]
 [7. 9.]
 [7. 9.]
 [7. 9.]
 [7. 9.]
 [7. 9.]
 [7. 9.]
 [7. 9.]
 [7. 9.]
 [7. 9.]
 [7. 9.]
 [7. 9.]
 [7. 9.]
 [7. 9.]
 [7. 9.]
 [7. 9.]
 [7. 9.]
 [7. 9.]
 [7. 9.]
 [7. 9.]
 [7. 9.]
 [7. 9.]
 [7. 9.]
 [7. 9.]
 [7. 9.]
 [7. 9.]
 [7. 9.]
 [7. 9.]
 [7. 9.]
 [7. 9.]
 [7. 9.]
 [7. 9.]
 [7. 9.]
 [7. 9.]
 [7. 9.]
 [7. 9.]
 [7. 9.]
 [7. 9.]
 [7. 9.]
 [7. 9.]
 [7. 9.]
 [7. 9.]
 [7. 9.]
 [7. 9.]
 [7. 9.]
 [7. 9.]
 [7. 9.]
 [7. 9.]
 [7. 9.]
 [7. 9.]
 [7. 9.]
 [7. 9.]
 [7. 9.]
 [7. 9.]
 [7. 9.]
 [7. 9.]
 [7. 9.]
 [7. 9.]
 [7. 9.]
 [7. 9.]
 [7. 9.]
 [7. 9.]
 [7. 9.]
 [7. 9.]
 [7. 9.]
 [7. 9.]
 [7. 9.]
 [7. 9.]
 [7. 9.]
 [7. 9.]
 [7. 9.]
 [7. 9.]
 [7. 9.]
 [7. 9.]
 [7. 9.]
 [7. 9.]
 [7. 9.]
 [7. 9.]
 [7. 9.]
 [7. 9.]
 [7. 9.]
 [7. 9.]
 [7. 9.]
 [7. 9.]
 [7. 9.]
 [7. 9.]
 [7. 9.]
 [7. 9.]
 [7. 9.]
 [7. 9.]
 [7. 9.]
 [7. 9.]
 [7. 9.]
 [7. 9.]
 [7. 9.]
 [7. 9.]
 [7. 9.]
 [7. 9.]
 [7. 9.]
 [7. 9.]
 [7. 9.]
 [7. 9.]
 [7. 9.]
 [7. 9.]
 [7. 9.]
 [7. 9.]
 [7. 9.]
 [7. 9.]
 [7. 9.]
 [7. 9.]
 [7. 9.]
 [7. 9.]
 [7. 9.]
 [7. 9.]
 [7. 9.]
 [7. 9.]
 [7. 9.]
 [7. 9.]
 [7. 9.]
 [7. 9.]
 [7. 9.]
 [7. 9.]
 [7. 9.]
 [7. 9.]
 [7. 9.]
 [7. 9.]
 [7. 9.]
 [7. 9.]
 [7. 9.]
 [7. 9.]
 [7. 9.]
 [7. 9.]
 [7. 9.]
 [7. 9.]
 [7. 9.]
 [7. 9.]
 [7. 9.]
 [7. 9.]
 [7. 9.]
 [7. 9.]
 [7. 9.]
 [7. 9.]
 [7. 9.]
 [7. 9.]
 [7. 9.]
 [7. 9.]
 [7. 9.]
 [7. 9.]
 [7. 9.]
 [7. 9.]
 [7. 9.]
 [7. 9.]
 [7. 9.]
 [7. 9.]
 [7. 9.]
 [7. 9.]
 [7. 9.]
 [7. 9.]
 [7. 9.]
 [7. 9.]
 [7. 9.]
 [7. 9.]
 [7. 9.]
 [7. 9.]
 [7. 9.]
 [7. 9.]
 [7. 9.]
 [7. 9.]
 [7. 9.]
 [7. 9.]
 [7. 9.]
 [7. 9.]
 [7. 9.]
 [7. 9.]
 [7. 9.]
 [7. 9.]
 [7. 9.]
 [7. 9.]
 [7. 9.]
 [7. 9.]
 [7. 9.]
 [7. 9.]
 [7. 9.]
 [7. 9.]
 [7. 9.]
 [7. 9.]
 [7. 9.]
 [7. 9.]
 [7. 9.]
 [7. 9.]
 [7. 9.]
 [7. 9.]
 [7. 9.]
 [7. 9.]
 [7. 9.]
 [7. 9.]
 [7. 9.]
 [7. 9.]
 [7. 9.]
 [7. 9.]
 [7. 9.]
 [7. 9.]
 [7. 9.]
 [7. 9.]
 [7. 9.]
 [7. 9.]
 [7. 9.]
 [7. 9.]
 [7. 9.]
 [7. 9.]
 [7. 9.]
 [7. 9.]
 [7. 9.]
 [7. 9.]
 [7. 9.]
 [7. 9.]
 [7. 9.]
 [7. 9.]
 [7. 9.]
 [7. 9.]
 [7. 9.]
 [7. 9.]
 [7. 9.]
 [7. 9.]
 [7. 9.]
 [7. 9.]
 [7. 9.]
 [7. 9.]
 [7. 9.]
 [7. 9.]
 [7. 9.]
 [7. 9.]
 [7. 9.]
 [7. 9.]
 [7. 9.]
 [7. 9.]
 [7. 9.]
 [7. 9.]
 [7. 9.]
 [7. 9.]
 [7. 9.]
 [7. 9.]
 [7. 9.]
 [7. 9.]
 [7. 9.]
 [7. 9.]
 [7. 9.]
 [7. 9.]
 [7. 9.]
 [7. 9.]
 [7. 9.]
 [7. 9.]
 [7. 9.]
 [7. 9.]
 [7. 9.]
 [7. 9.]
 [7. 9.]
 [7. 9.]
 [7. 9.]
 [7. 9.]
 [7. 9.]
 [7. 9.]
 [7. 9.]
 [7. 9.]
 [7. 9.]
 [7. 9.]
 [7. 9.]
 [7. 9.]
 [7. 9.]
 [7. 9.]
 [7. 9.]
 [7. 9.]
 [7. 9.]
 [7. 9.]
 [7. 9.]
 [7. 9.]
 [7. 9.]
 [7. 9.]
 [7. 9.]
 [7. 9.]
 [7. 9.]
 [7. 9.]
 [7. 9.]
 [7. 9.]
 [7. 9.]
 [7. 9.]
 [7. 9.]
 [7. 9.]
 [7. 9.]
 [7. 9.]
 [7. 9.]
 [7. 9.]
 [7. 9.]
 [7. 9.]
 [7. 9.]
 [7. 9.]
 [7. 9.]
 [7. 9.]
 [7. 9.]
 [7. 9.]
 [7. 9.]
 [7. 9.]
 [7. 9.]
 [7. 9.]
 [7. 9.]
 [7. 9.]
 [7. 9.]
 [7. 9.]
 [7. 9.]
 [7. 9.]
 [7. 9.]
 [7. 9.]
 [7. 9.]
 [7. 9.]
 [7. 9.]
 [7. 9.]
 [7. 9.]
 [7. 9.]
 [7. 9.]
 [7. 9.]
 [7. 9.]
 [7. 9.]
 [7. 9.]
 [7. 9.]
 [7. 9.]
 [7. 9.]
 [7. 9.]
 [7. 9.]
 [7. 9.]
 [7. 9.]
 [7. 9.]
 [7. 9.]
 [7. 9.]
 [7. 9.]
 [7. 9.]
 [7. 9.]
 [7. 9.]
 [7. 9.]
 [7. 9.]
 [7. 9.]
 [7. 9.]
 [7. 9.]
 [7. 9.]
 [7. 9.]
 [7. 9.]
 [7. 9.]
 [7. 9.]
 [7. 9.]
 [7. 9.]
 [7. 9.]
 [7. 9.]
 [7. 9.]
 [7. 9.]
 [7. 9.]
 [7. 9.]
 [7. 9.]
 [7. 9.]
 [7. 9.]
 [7. 9.]
 [7. 9.]
 [7. 9.]
 [7. 9.]
 [7. 9.]
 [7. 9.]
 [7. 9.]
 [7. 9.]
 [7. 9.]
 [7. 9.]
 [7. 9.]
 [7. 9.]
 [7. 9.]
 [7. 9.]
 [7. 9.]
 [7. 9.]
 [7. 9.]
 [7. 9.]
 [7. 9.]
 [7. 9.]
 [7. 9.]
 [7. 9.]
 [7. 9.]
 [7. 9.]
 [7. 9.]
 [7. 9.]
 [7. 9.]
 [7. 9.]
 [7. 9.]
 [7. 9.]
 [7. 9.]
 [7. 9.]
 [7. 9.]
 [7. 9.]
 [7. 9.]
 [7. 9.]
 [7. 9.]
 [7. 9.]
 [7. 9.]
 [7. 9.]
 [7. 9.]
 [7. 9.]
 [7. 9.]
 [7. 9.]
 [7. 9.]
 [7. 9.]
 [7. 9.]
 [7. 9.]
 [7. 9.]
 [7. 9.]
 [7. 9.]
 [7. 9.]
 [7. 9.]
 [7. 9.]
 [7. 9.]
 [7. 9.]
 [7. 9.]
 [7. 9.]
 [7. 9.]
 [7. 9.]
 [7. 9.]
 [7. 9.]
 [7. 9.]
 [7. 9.]
 [7. 9.]
 [7. 9.]
 [7. 9.]
 [7. 9.]
 [7. 9.]
 [7. 9.]
 [7. 9.]
 [7. 9.]
 [7. 9.]
 [7. 9.]
 [7. 9.]
 [7. 9.]
 [7. 9.]
 [7. 9.]
 [7. 9.]
 [7. 9.]
 [7. 9.]
 [7. 9.]
 [7. 9.]
 [7. 9.]
 [7. 9.]
 [7. 9.]
 [7. 9.]
 [7. 9.]
 [7. 9.]
 [7. 9.]
 [7. 9.]
 [7. 9.]
 [7. 9.]
 [7. 9.]
 [7. 9.]
 [7. 9.]
 [7. 9.]
 [7. 9.]
 [7. 9.]
 [7. 9.]
 [7. 9.]
 [7. 9.]
 [7. 9.]
 [7. 9.]
 [7. 9.]
 [7. 9.]
 [7. 9.]
 [7. 9.]
 [7. 9.]
 [7. 9.]
 [7. 9.]
 [7. 9.]
 [7. 9.]
 [7. 9.]
 [7. 9.]
 [7. 9.]
 [7. 9.]
 [7. 9.]
 [7. 9.]
 [7. 9.]
 [7. 9.]
 [7. 9.]
 [7. 9.]
 [7. 9.]
 [7. 9.]
 [7. 9.]
 [7. 9.]
 [7. 9.]
 [7. 9.]
 [7. 9.]
 [7. 9.]
 [7. 9.]
 [7. 9.]
 [7. 9.]
 [7. 9.]
 [7. 9.]
 [7. 9.]
 [7. 9.]
 [7. 9.]
 [7. 9.]
 [7. 9.]
 [7. 9.]
 [7. 9.]
 [7. 9.]
 [7. 9.]
 [7. 9.]
 [7. 9.]
 [7. 9.]
 [7. 9.]
 [7. 9.]
 [7. 9.]
 [7. 9.]
 [7. 9.]
 [7. 9.]
 [7. 9.]
 [7. 9.]
 [7. 9.]
 [7. 9.]
 [7. 9.]
 [7. 9.]
 [7. 9.]
 [7. 9.]
 [7. 9.]
 [7. 9.]
 [7. 9.]
 [7. 9.]
 [7. 9.]
 [7. 9.]
 [7. 9.]
 [7. 9.]
 [7. 9.]
 [7. 9.]
 [7. 9.]
 [7. 9.]
 [7. 9.]
 [7. 9.]
 [7. 9.]
 [7. 9.]
 [7. 9.]
 [7. 9.]
 [7. 9.]
 [7. 9.]
 [7. 9.]
 [7. 9.]
 [7. 9.]
 [7. 9.]
 [7. 9.]
 [7. 9.]
 [7. 9.]
 [7. 9.]
 [7. 9.]
 [7. 9.]
 [7. 9.]
 [7. 9.]
 [7. 9.]
 [7. 9.]
 [7. 9.]
 [7. 9.]
 [7. 9.]
 [7. 9.]
 [7. 9.]
 [7. 9.]
 [7. 9.]
 [7. 9.]
 [7. 9.]
 [7. 9.]
 [7. 9.]
 [7. 9.]
 [7. 9.]
 [7. 9.]
 [7. 9.]
 [7. 9.]
 [7. 9.]
 [7. 9.]
 [7. 9.]
 [7. 9.]
 [7. 9.]
 [7. 9.]
 [7. 9.]
 [7. 9.]
 [7. 9.]
 [7. 9.]
 [7. 9.]
 [7. 9.]
 [7. 9.]
 [7. 9.]
 [7. 9.]
 [7. 9.]
 [7. 9.]
 [7. 9.]
 [7. 9.]
 [7. 9.]
 [7. 9.]
 [7. 9.]
 [7. 9.]
 [7. 9.]
 [7. 9.]
 [7. 9.]
 [7. 9.]
 [7. 9.]
 [7. 9.]
 [7. 9.]
 [7. 9.]
 [7. 9.]
 [7. 9.]
 [7. 9.]
 [7. 9.]
 [7. 9.]
 [7. 9.]
 [7. 9.]
 [7. 9.]
 [7. 9.]
 [7. 9.]
 [7. 9.]
 [7. 9.]
 [7. 9.]
 [7. 9.]
 [7. 9.]
 [7. 9.]
 [7. 9.]
 [7. 9.]
 [7. 9.]
 [7. 9.]
 [7. 9.]
 [7. 9.]
 [7. 9.]
 [7. 9.]
 [7. 9.]
 [7. 9.]
 [7. 9.]
 [7. 9.]
 [7. 9.]
 [7. 9.]
 [7. 9.]
 [7. 9.]
 [7. 9.]
 [7. 9.]
 [7. 9.]
 [7. 9.]
 [7. 9.]
 [7. 9.]
 [7. 9.]
 [7. 9.]
 [7. 9.]
 [7. 9.]
 [7. 9.]
 [7. 9.]
 [7. 9.]
 [7. 9.]
 [7. 9.]
 [7. 9.]
 [7. 9.]
 [7. 9.]
 [7. 9.]
 [7. 9.]
 [7. 9.]
 [7. 9.]
 [7. 9.]
 [7. 9.]
 [7. 9.]
 [7. 9.]
 [7. 9.]
 [7. 9.]
 [7. 9.]
 [7. 9.]
 [7. 9.]
 [7. 9.]
 [7. 9.]
 [7. 9.]
 [7. 9.]
 [7. 9.]
 [7. 9.]
 [7. 9.]
 [7. 9.]
 [7. 9.]
 [7. 9.]
 [7. 9.]
 [7. 9.]
 [7. 9.]
 [7. 9.]
 [7. 9.]
 [7. 9.]
 [7. 9.]
 [7. 9.]
 [7. 9.]
 [7. 9.]
 [7. 9.]
 [7. 9.]
 [7. 9.]
 [7. 9.]
 [7. 9.]
 [7. 9.]
 [7. 9.]
 [7. 9.]
 [7. 9.]
 [7. 9.]
 [7. 9.]
 [7. 9.]
 [7. 9.]
 [7. 9.]
 [7. 9.]
 [7. 9.]
 [7. 9.]
 [7. 9.]
 [7. 9.]
 [7. 9.]
 [7. 9.]
 [7. 9.]
 [7. 9.]
 [7. 9.]]

[Dataset] infos/qpos
  shape: (1658, 2)
  dtype: float32
  min: 0.6714379787445068
  max: 9.562858581542969
  mean: 5.16069221496582
  content:
[[1.024627 0.917875]
 [1.028372 0.920198]
 [1.033331 0.92344 ]
 [1.039449 0.92759 ]
 [1.046672 0.932628]
 [1.054954 0.938544]
 [1.064252 0.945318]
 [1.074507 0.952907]
 [1.085633 0.961266]
 [1.097522 0.970362]
 [1.110069 0.980149]
 [1.123185 0.99056 ]
 [1.13678  1.001528]
 [1.15075  1.012991]
 [1.164997 1.024895]
 [1.179397 1.037178]
 [1.193765 1.049779]
 [1.207906 1.062645]
 [1.22162  1.075736]
 [1.234695 1.089021]
 [1.246925 1.102504]
 [1.2582   1.116212]
 [1.268533 1.130194]
 [1.277956 1.144513]
 [1.286512 1.159236]
 [1.294244 1.174417]
 [1.301163 1.190092]
 [1.307278 1.206304]
 [1.312599 1.203982]
 [1.317965 1.202234]
 [1.323374 1.201008]
 [1.328825 1.200261]
 [1.334316 1.199713]
 [1.339842 1.199301]
 [1.345407 1.198991]
 [1.351008 1.198758]
 [1.356646 1.198585]
 [1.362321 1.198459]
 [1.368031 1.198367]
 [1.373778 1.198301]
 [1.379559 1.198252]
 [1.385375 1.198215]
 [1.391223 1.198187]
 [1.397104 1.198166]
 [1.403018 1.198149]
 [1.408964 1.198136]
 [1.414941 1.198127]
 [1.42095  1.198119]
 [1.42699  1.198113]
 [1.433064 1.198108]
 [1.439168 1.198103]
 [1.445305 1.1981  ]
 [1.451473 1.198097]
 [1.457673 1.198094]
 [1.463908 1.198092]
 [1.470188 1.19809 ]
 [1.476526 1.198088]
 [1.482934 1.198086]
 [1.489428 1.198084]
 [1.496057 1.198082]
 [1.502871 1.19808 ]
 [1.509916 1.198077]
 [1.517235 1.198075]
 [1.524872 1.198072]
 [1.532866 1.198069]
 [1.541277 1.198067]
 [1.55014  1.198064]
 [1.559497 1.198061]
 [1.5694   1.198057]
 [1.579869 1.198053]
 [1.590934 1.198047]
 [1.60262  1.198041]
 [1.614961 1.198034]
 [1.627988 1.198026]
 [1.641736 1.197999]
 [1.656237 1.19793 ]
 [1.671553 1.197793]
 [1.687709 1.197572]
 [1.70473  1.197252]
 [1.722654 1.196828]
 [1.741517 1.196284]
 [1.761469 1.195598]
 [1.782628 1.194752]
 [1.805048 1.193722]
 [1.828655 1.192484]
 [1.853392 1.191014]
 [1.87921  1.189289]
 [1.906065 1.187304]
 [1.933926 1.185076]
 [1.962771 1.182624]
 [1.992604 1.179976]
 [2.02344  1.177175]
 [2.0553   1.174266]
 [2.088214 1.171298]
 [2.1222   1.168321]
 [2.157283 1.165389]
 [2.193483 1.16253 ]
 [2.230795 1.159715]
 [2.269143 1.156894]
 [2.308434 1.154031]
 [2.348397 1.151106]
 [2.388598 1.148094]
 [2.428552 1.144989]
 [2.467716 1.141805]
 [2.505604 1.138568]
 [2.541773 1.135301]
 [2.575869 1.132032]
 [2.607803 1.12881 ]
 [2.637649 1.125669]
 [2.665498 1.122666]
 [2.691415 1.119871]
 [2.715448 1.117445]
 [2.737716 1.115502]
 [2.758412 1.114165]
 [2.777705 1.113592]
 [2.795716 1.113935]
 [2.812505 1.115274]
 [2.828106 1.117686]
 [2.842515 1.121268]
 [2.855651 1.126115]
 [2.867406 1.132301]
 [2.877746 1.139901]
 [2.886608 1.148979]
 [2.893985 1.159595]
 [2.899907 1.171767]
 [2.904441 1.185521]
 [2.907735 1.200889]
 [2.909926 1.21789 ]
 [2.911257 1.236554]
 [2.911966 1.256931]
 [2.912197 1.279063]
 [2.912097 1.302969]
 [2.911751 1.328614]
 [2.911172 1.35593 ]
 [2.910351 1.384828]
 [2.909275 1.41517 ]
 [2.90794  1.446684]
 [2.906361 1.47904 ]
 [2.904559 1.511837]
 [2.902566 1.544679]
 [2.900415 1.577152]
 [2.898132 1.608855]
 [2.895758 1.639418]
 [2.893348 1.668955]
 [2.890945 1.697592]
 [2.88859  1.725468]
 [2.886312 1.752788]
 [2.88412  1.780109]
 [2.881992 1.807869]
 [2.879899 1.836431]
 [2.877816 1.866119]
 [2.875708 1.897147]
 [2.873538 1.929797]
 [2.871269 1.964135]
 [2.868899 2.00016 ]
 [2.866425 2.037909]
 [2.863832 2.077432]
 [2.861119 2.118708]
 [2.858297 2.16171 ]
 [2.855411 2.20637 ]
 [2.852522 2.252616]
 [2.849695 2.300379]
 [2.847017 2.349377]
 [2.844535 2.399345]
 [2.842288 2.449905]
 [2.840312 2.500058]
 [2.838627 2.549669]
 [2.837242 2.598622]
 [2.836156 2.646647]
 [2.835356 2.693512]
 [2.834825 2.739258]
 [2.834548 2.783935]
 [2.83451  2.827643]
 [2.834676 2.870839]
 [2.835006 2.914074]
 [2.835479 2.957857]
 [2.836074 3.002638]
 [2.836774 3.048815]
 [2.837585 3.096619]
 [2.838532 3.146056]
 [2.839651 3.19712 ]
 [2.840979 3.248671]
 [2.842524 3.300182]
 [2.844283 3.35162 ]
 [2.846269 3.402756]
 [2.848497 3.453541]
 [2.850988 3.503953]
 [2.853757 3.553994]
 [2.856793 3.603661]
 [2.860081 3.652722]
 [2.863593 3.701094]
 [2.867294 3.748704]
 [2.871145 3.795577]
 [2.875071 3.842173]
 [2.87904  3.889021]
 [2.883023 3.936567]
 [2.886973 3.985216]
 [2.890824 4.035321]
 [2.894538 4.086879]
 [2.898087 4.138531]
 [2.901435 4.190266]
 [2.904577 4.241999]
 [2.907509 4.293738]
 [2.910245 4.345403]
 [2.912834 4.396543]
 [2.915305 4.447154]
 [2.917682 4.497294]
 [2.919991 4.546962]
 [2.922255 4.595832]
 [2.924497 4.643447]
 [2.926723 4.689545]
 [2.928939 4.733995]
 [2.931152 4.776828]
 [2.933366 4.818124]
 [2.935602 4.858096]
 [2.937898 4.897662]
 [2.940292 4.937711]
 [2.942827 4.979076]
 [2.945491 5.021963]
 [2.948223 5.066364]
 [2.950944 5.112266]
 [2.953602 5.159634]
 [2.956146 5.208447]
 [2.958552 5.258675]
 [2.960814 5.309838]
 [2.962975 5.360531]
 [2.965087 5.410537]
 [2.96723  5.459828]
 [2.969476 5.507752]
 [2.971849 5.553929]
 [2.974373 5.598055]
 [2.977067 5.640096]
 [2.979987 5.68006 ]
 [2.983213 5.717967]
 [2.986803 5.75385 ]
 [2.990905 5.787782]
 [2.995901 5.819828]
 [3.002193 5.850049]
 [3.010175 5.878468]
 [3.020101 5.905096]
 [3.032067 5.929902]
 [3.046183 5.952901]
 [3.062548 5.974076]
 [3.081176 5.993428]
 [3.102056 6.011008]
 [3.125159 6.026871]
 [3.150453 6.041074]
 [3.17789  6.05371 ]
 [3.207481 6.064867]
 [3.23923  6.074606]
 [3.273139 6.082952]
 [3.309192 6.089958]
 [3.347288 6.09576 ]
 [3.387308 6.100504]
 [3.429066 6.104347]
 [3.472187 6.107427]
 [3.516173 6.109849]
 [3.560451 6.111723]
 [3.60445  6.113148]
 [3.647689 6.114209]
 [3.689731 6.114994]
 [3.730345 6.115589]
 [3.769437 6.116076]
 [3.807035 6.116564]
 [3.84346  6.117108]
 [3.879237 6.117708]
 [3.914953 6.118362]
 [3.951199 6.119081]
 [3.988399 6.119858]
 [4.026913 6.120674]
 [4.066987 6.12151 ]
 [4.108676 6.122346]
 [4.151988 6.12316 ]
 [4.196891 6.123958]
 [4.243235 6.124735]
 [4.290676 6.12549 ]
 [4.338895 6.126199]
 [4.387557 6.126855]
 [4.436118 6.12747 ]
 [4.484085 6.128082]
 [4.531001 6.12876 ]
 [4.576465 6.129596]
 [4.620084 6.130677]
 [4.661602 6.132073]
 [4.700975 6.133816]
 [4.738168 6.135933]
 [4.773198 6.138508]
 [4.806152 6.141648]
 [4.837139 6.145521]
 [4.86618  6.150485]
 [4.89323  6.156939]
 [4.918254 6.165169]
 [4.941176 6.175408]
 [4.961989 6.187784]
 [4.980691 6.202313]
 [4.997282 6.218999]
 [5.011754 6.237775]
 [5.024122 6.258587]
 [5.034406 6.281422]
 [5.042619 6.306288]
 [5.048761 6.333201]
 [5.052881 6.362192]
 [5.055026 6.393272]
 [5.055356 6.426435]
 [5.054191 6.461563]
 [5.051847 6.498508]
 [5.048638 6.53676 ]
 [5.044839 6.575725]
 [5.04067  6.61481 ]
 [5.036268 6.653468]
 [5.031719 6.691275]
 [5.027039 6.727888]
 [5.022199 6.763236]
 [5.017156 6.797545]
 [5.011884 6.831351]
 [5.006387 6.865225]
 [5.000686 6.899641]
 [4.994802 6.934987]
 [4.988753 6.971592]
 [4.982569 7.009759]
 [4.976334 7.04959 ]
 [4.970181 7.091128]
 [4.964232 7.134414]
 [4.958595 7.179401]
 [4.953355 7.225967]
 [4.948588 7.273886]
 [4.944363 7.322779]
 [4.940737 7.372044]
 [4.937743 7.420963]
 [4.93542  7.468835]
 [4.933819 7.515088]
 [4.933024 7.559307]
 [4.933088 7.601337]
 [4.93402  7.641209]
 [4.935863 7.678961]
 [4.938645 7.714622]
 [4.94246  7.748314]
 [4.947599 7.780107]
 [4.954422 7.809972]
 [4.963178 7.83783 ]
 [4.973974 7.863717]
 [4.986897 7.887817]
 [5.002014 7.910157]
 [5.019372 7.93086 ]
 [5.03898  7.949994]
 [5.0608   7.967427]
 [5.084808 7.983179]
 [5.110978 7.9973  ]
 [5.139291 8.009938]
 [5.169725 8.021253]
 [5.202258 8.031405]
 [5.236907 8.040491]
 [5.273692 8.048614]
 [5.312583 8.055932]
 [5.353542 8.062617]
 [5.396511 8.068905]
 [5.441394 8.075007]
 [5.487859 8.081047]
 [5.535455 8.087135]
 [5.583581 8.093383]
 [5.631678 8.09984 ]
 [5.679171 8.106552]
 [5.725536 8.113581]
 [5.770417 8.120891]
 [5.813759 8.1285  ]
 [5.855559 8.136408]
 [5.89661  8.144645]
 [5.93765  8.153239]
 [5.979321 8.162211]
 [6.022062 8.171582]
 [6.065874 8.181378]
 [6.110878 8.19163 ]
 [6.157078 8.202312]
 [6.204451 8.201077]
 [6.252799 8.200353]
 [6.302089 8.199802]
 [6.352156 8.20029 ]
 [6.402623 8.201756]
 [6.452684 8.204145]
 [6.502249 8.207413]
 [6.55092  8.211511]
 [6.598327 8.216349]
 [6.64414  8.221874]
 [6.688175 8.228074]
 [6.730277 8.234953]
 [6.770338 8.242493]
 [6.808272 8.250696]
 [6.844029 8.259648]
 [6.87758  8.269575]
 [6.90892  8.280695]
 [6.938047 8.293206]
 [6.964999 8.307313]
 [6.989855 8.323135]
 [7.012688 8.340745]
 [7.033552 8.360194]
 [7.052516 8.38148 ]
 [7.06962  8.404555]
 [7.084924 8.429351]
 [7.098547 8.455797]
 [7.110635 8.48381 ]
 [7.121361 8.513315]
 [7.130875 8.544248]
 [7.139328 8.576526]
 [7.146863 8.610058]
 [7.153609 8.644651]
 [7.159747 8.679936]
 [7.165421 8.715522]
 [7.170746 8.751038]
 [7.175794 8.786149]
 [7.180612 8.820611]
 [7.185228 8.854242]
 [7.189649 8.887032]
 [7.193878 8.918995]
 [7.197929 8.950151]
 [7.201817 8.980703]
 [7.200786 9.010738]
 [7.200112 9.0402  ]
 [7.199601 9.069067]
 [7.199214 9.097267]
 [7.198922 9.124544]
 [7.1987   9.150686]
 [7.198533 9.175546]
 [7.198408 9.199097]
 [7.198312 9.221426]
 [7.198238 9.242588]
 [7.198164 9.262635]
 [7.198067 9.281601]
 [7.197927 9.299469]
 [7.197726 9.316236]
 [7.197464 9.33189 ]
 [7.197137 9.346411]
 [7.196753 9.359791]
 [7.196316 9.372031]
 [7.195833 9.383123]
 [7.195301 9.393068]
 [7.194712 9.401865]
 [7.194071 9.409512]
 [7.193382 9.41602 ]
 [7.192649 9.421399]
 [7.191873 9.425657]
 [7.191054 9.428802]
 [7.190198 9.430824]
 [7.189308 9.431735]
 [7.188391 9.431536]
 [7.187449 9.430233]
 [7.186489 9.427841]
 [7.185513 9.424388]
 [7.184531 9.419898]
 [7.183547 9.414398]
 [7.182569 9.407922]
 [7.181603 9.400504]
 [7.180652 9.392176]
 [7.179708 9.382974]
 [7.178777 9.37294 ]
 [7.17786  9.362111]
 [7.176961 9.350532]
 [7.176095 9.338246]
 [7.175272 9.325307]
 [7.174505 9.311758]
 [7.173801 9.297647]
 [7.173171 9.283023]
 [7.172621 9.267931]
 [7.172159 9.252417]
 [7.17179  9.23652 ]
 [7.171516 9.22026 ]
 [7.171341 9.203609]
 [7.171248 9.186552]
 [7.171232 9.16906 ]
 [7.171292 9.151116]
 [7.171423 9.132732]
 [7.171615 9.113935]
 [7.171864 9.094771]
 [7.171979 9.075566]
 [7.172157 9.056554]
 [7.172346 9.03747 ]
 [7.172543 9.01836 ]
 [7.172628 8.999421]
 [7.172809 8.980687]
 [7.172938 8.96196 ]
 [7.172965 8.943068]
 [7.173023 8.924096]
 [7.173231 8.904966]
 [7.173499 8.885931]
 [7.173872 8.866941]
 [7.174385 8.847994]
 [7.174835 8.829162]
 [7.175245 8.81034 ]
 [7.175727 8.791646]
 [7.176288 8.772907]
 [7.176922 8.754262]
 [7.177802 8.735586]
 [1.026684 7.982679]
 [1.025229 7.977499]
 [1.023793 7.970854]
 [1.022355 7.962736]
 [1.020898 7.953126]
 [1.01941  7.942   ]
 [1.017878 7.929296]
 [1.016273 7.914942]
 [1.014553 7.898912]
 [1.012656 7.881175]
 [1.010511 7.861716]
 [1.008072 7.840573]
 [1.005315 7.817765]
 [1.002216 7.793363]
 [0.998751 7.767318]
 [0.994882 7.73942 ]
 [0.990587 7.709722]
 [0.985858 7.678342]
 [0.980753 7.645459]
 [0.975318 7.611197]
 [0.969605 7.575643]
 [0.963669 7.538876]
 [0.957557 7.50101 ]
 [0.951303 7.46216 ]
 [0.944937 7.422468]
 [0.938494 7.382165]
 [0.932005 7.34156 ]
 [0.925495 7.300922]
 [0.918992 7.260503]
 [0.912525 7.22051 ]
 [0.906109 7.181133]
 [0.899768 7.14245 ]
 [0.893521 7.104471]
 [0.887388 7.067201]
 [0.881383 7.030578]
 [0.875555 6.994153]
 [0.869949 6.957509]
 [0.864605 6.920271]
 [0.859557 6.882156]
 [0.85484  6.842893]
 [0.850487 6.802446]
 [0.846522 6.760767]
 [0.842979 6.717817]
 [0.839881 6.673556]
 [0.837238 6.627938]
 [0.835052 6.580949]
 [0.833318 6.532611]
 [0.831989 6.48312 ]
 [0.831014 6.433066]
 [0.830361 6.38314 ]
 [0.830004 6.333958]
 [0.829911 6.286105]
 [0.830062 6.240083]
 [0.830458 6.196134]
 [0.831159 6.154345]
 [0.832239 6.114773]
 [0.833785 6.077437]
 [0.835929 6.042323]
 [0.838954 6.009403]
 [0.843238 5.978698]
 [0.84903  5.95021 ]
 [0.856501 5.923912]
 [0.865779 5.899786]
 [0.876941 5.877869]
 [0.89005  5.858176]
 [0.90518  5.840693]
 [0.922376 5.825391]
 [0.941667 5.812232]
 [0.963077 5.801168]
 [0.986589 5.792097]
 [1.01219  5.784962]
 [1.039862 5.779666]
 [1.069592 5.776072]
 [1.10138  5.773952]
 [1.135191 5.773095]
 [1.170984 5.773311]
 [1.208736 5.774376]
 [1.248414 5.776122]
 [1.289982 5.778412]
 [1.333374 5.781087]
 [1.378509 5.784018]
 [1.425263 5.787076]
 [1.473256 5.790193]
 [1.521891 5.793315]
 [1.570551 5.796392]
 [1.618646 5.799386]
 [1.665672 5.802264]
 [1.711176 5.804969]
 [1.755151 5.8075  ]
 [1.79758  5.809857]
 [1.83851  5.81205 ]
 [1.87837  5.814067]
 [1.917985 5.815905]
 [1.958328 5.81761 ]
 [2.000209 5.819209]
 [2.043664 5.820677]
 [2.088712 5.821971]
 [2.135401 5.823062]
 [2.183777 5.823921]
 [2.233829 5.824548]
 [2.285436 5.824974]
 [2.336732 5.825237]
 [2.387687 5.825396]
 [2.4381   5.825517]
 [2.487983 5.825693]
 [2.537227 5.825964]
 [2.585545 5.826367]
 [2.632526 5.826931]
 [2.678129 5.82768 ]
 [2.722338 5.82863 ]
 [2.765277 5.829791]
 [2.807297 5.831203]
 [2.848859 5.832889]
 [2.890599 5.834883]
 [2.933147 5.837223]
 [2.976976 5.839906]
 [3.0224   5.842925]
 [3.069539 5.846246]
 [3.118451 5.849842]
 [3.169144 5.853711]
 [3.220748 5.857848]
 [3.272086 5.862202]
 [3.323232 5.866742]
 [3.374132 5.87143 ]
 [3.42464  5.876206]
 [3.474712 5.881018]
 [3.524322 5.885847]
 [3.573033 5.8907  ]
 [3.6204   5.895578]
 [3.666221 5.900483]
 [3.710464 5.905443]
 [3.753139 5.910515]
 [3.794302 5.915736]
 [3.834389 5.921111]
 [3.874094 5.926685]
 [3.91425  5.932483]
 [3.955539 5.938498]
 [3.998268 5.944728]
 [4.04258  5.951159]
 [4.088501 5.957741]
 [4.135981 5.964367]
 [4.184951 5.970934]
 [4.235298 5.977337]
 [4.286499 5.983471]
 [4.337368 5.989271]
 [4.387621 5.994736]
 [4.437189 5.99991 ]
 [4.485626 6.004832]
 [4.532354 6.009565]
 [4.577019 6.014216]
 [4.619459 6.018878]
 [4.659685 6.023628]
 [4.697703 6.028557]
 [4.733536 6.033802]
 [4.767233 6.039548]
 [4.798889 6.046037]
 [4.828487 6.053703]
 [4.855993 6.062917]
 [4.88136  6.073917]
 [4.90458  6.086838]
 [4.925683 6.101766]
 [4.944681 6.118738]
 [4.961651 6.137791]
 [4.976572 6.158909]
 [4.989426 6.182075]
 [5.000228 6.207294]
 [5.008999 6.234585]
 [5.01577  6.263982]
 [5.020618 6.295514]
 [5.023659 6.329197]
 [5.02508  6.365016]
 [5.025174 6.40291 ]
 [5.024201 6.442776]
 [5.022384 6.484459]
 [5.019995 6.52737 ]
 [5.017259 6.570924]
 [5.01432  6.614529]
 [5.011252 6.6576  ]
 [5.008093 6.699731]
 [5.00485  6.740612]
 [5.001503 6.780222]
 [4.998042 6.818622]
 [4.994429 6.856352]
 [4.990625 6.894026]
 [4.986617 6.932178]
 [4.982439 6.971288]
 [4.978159 7.01176 ]
 [4.973872 7.053818]
 [4.969676 7.097505]
 [4.965656 7.142867]
 [4.96188  7.189857]
 [4.958416 7.238347]
 [4.955337 7.288119]
 [4.952692 7.338774]
 [4.950499 7.388965]
 [4.948782 7.438443]
 [4.947568 7.486726]
 [4.946923 7.533228]
 [4.946948 7.577543]
 [4.947715 7.619627]
 [4.949259 7.659527]
 [4.951638 7.697283]
 [4.954897 7.732912]
 [4.959184 7.766564]
 [4.964808 7.798263]
 [4.972119 7.827969]
 [4.981351 7.855633]
 [4.992596 7.881293]
 [5.005949 7.905153]
 [5.021488 7.927249]
 [5.039254 7.947748]
 [5.059254 7.966524]
 [5.081448 7.983572]
 [5.105813 7.998919]
 [5.132325 8.012638]
 [5.160964 8.024876]
 [5.191706 8.035791]
 [5.224541 8.045543]
 [5.259492 8.054217]
 [5.296568 8.061941]
 [5.335737 8.068872]
 [5.376956 8.075231]
 [5.420155 8.081233]
 [5.465162 8.087074]
 [5.511579 8.092876]
 [5.558915 8.098743]
 [5.606573 8.10479 ]
 [5.653981 8.111062]
 [5.700571 8.117609]
 [5.745859 8.124437]
 [5.789666 8.131539]
 [5.831954 8.138923]
 [5.87304  8.146606]
 [5.913726 8.15462 ]
 [5.954707 8.163   ]
 [5.996536 8.171759]
 [6.039468 8.180922]
 [6.083511 8.190527]
 [6.128756 8.200587]
 [6.175186 8.199799]
 [6.22263  8.199391]
 [6.271074 8.19908 ]
 [6.320441 8.198846]
 [6.370467 8.199632]
 [6.42077  8.201384]
 [6.47064  8.204047]
 [6.519909 8.207579]
 [6.568144 8.211911]
 [6.614977 8.216968]
 [6.660137 8.222706]
 [6.703453 8.229124]
 [6.744796 8.236222]
 [6.784066 8.243975]
 [6.821186 8.252424]
 [6.856113 8.261706]
 [6.888842 8.272052]
 [6.919352 8.28367 ]
 [6.947658 8.296769]
 [6.97382  8.311521]
 [6.997913 8.328015]
 [7.019993 8.346327]
 [7.040132 8.36648 ]
 [7.058386 8.388456]
 [7.0748   8.412196]
 [7.08945  8.43763 ]
 [7.102474 8.464685]
 [7.114028 8.493277]
 [7.12428  8.523338]
 [7.133377 8.554801]
 [7.141472 8.587577]
 [7.148695 8.621578]
 [7.155208 8.656502]
 [7.161166 8.691988]
 [7.166717 8.727617]
 [7.171946 8.763048]
 [7.176918 8.797962]
 [7.181675 8.83214 ]
 [7.186236 8.865452]
 [7.1906   8.897925]
 [7.194777 8.929573]
 [7.198779 8.960481]
 [7.198533 8.990832]
 [7.198397 9.020908]
 [7.198306 9.050706]
 [7.198237 9.080353]
 [7.197917 9.110065]
 [7.197588 9.139922]
 [7.197438 9.169748]
 [7.197306 9.199679]
 [7.197252 9.229417]
 [7.197224 9.259184]
 [7.197186 9.288845]
 [7.197271 9.318442]
 [7.197351 9.347809]
 [7.197435 9.377162]
 [7.197613 9.40638 ]
 [7.197767 9.43542 ]
 [7.197716 9.464527]
 [7.197675 9.493576]
 [7.197657 9.522635]
 [7.197291 9.551702]
 [5.020729 3.985501]
 [5.025342 3.986935]
 [5.031646 3.989144]
 [5.039652 3.992041]
 [5.049351 3.995531]
 [5.06073  3.999523]
 [5.07375  4.003943]
 [5.088389 4.008714]
 [5.104612 4.01375 ]
 [5.122437 4.019025]
 [5.141876 4.024539]
 [5.162917 4.030315]
 [5.185524 4.036378]
 [5.209697 4.042744]
 [5.235461 4.049426]
 [5.262822 4.056449]
 [5.291793 4.063826]
 [5.322347 4.071568]
 [5.354432 4.079685]
 [5.387953 4.088176]
 [5.422797 4.097057]
 [5.458794 4.106346]
 [5.49552  4.116063]
 [5.532524 4.126218]
 [5.569317 4.13682 ]
 [5.605525 4.147851]
 [5.640916 4.159236]
 [5.675466 4.170895]
 [5.709141 4.182752]
 [5.741968 4.194763]
 [5.774131 4.206901]
 [5.806157 4.204471]
 [5.838037 4.202898]
 [5.870316 4.201708]
 [5.903364 4.200816]
 [5.937461 4.200146]
 [5.972921 4.199643]
 [6.009837 4.199265]
 [6.048249 4.19898 ]
 [6.088164 4.198764]
 [6.129591 4.198604]
 [6.172511 4.19849 ]
 [6.216915 4.198409]
 [6.262763 4.198352]
 [6.309971 4.198311]
 [6.35837  4.199001]
 [6.407457 4.200389]
 [6.456637 4.202431]
 [6.505325 4.205078]
 [6.552881 4.208276]
 [6.598861 4.211959]
 [6.643015 4.21609 ]
 [6.685276 4.220656]
 [6.725586 4.225659]
 [6.763896 4.231123]
 [6.800151 4.23707 ]
 [6.834341 4.243576]
 [6.866455 4.250858]
 [6.896477 4.259179]
 [6.924386 4.268807]
 [6.950203 4.279909]
 [6.973952 4.292583]
 [6.995634 4.306914]
 [7.015221 4.322969]
 [7.032693 4.34077 ]
 [7.048042 4.360318]
 [7.061265 4.381612]
 [7.072402 4.404631]
 [7.08151  4.429338]
 [7.088758 4.455689]
 [7.094319 4.483588]
 [7.098411 4.5128  ]
 [7.101208 4.543092]
 [7.102854 4.574221]
 [7.10344  4.605929]
 [7.103042 4.637956]
 [7.10172  4.670124]
 [7.099509 4.702343]
 [7.096427 4.734803]
 [7.092487 4.767882]
 [7.087713 4.801902]
 [7.082147 4.837192]
 [7.075828 4.874078]
 [7.068823 4.912869]
 [7.061207 4.953645]
 [7.053071 4.996438]
 [7.044528 5.041264]
 [7.035694 5.088126]
 [7.026682 5.136995]
 [7.017606 5.187839]
 [7.008558 5.239774]
 [6.999599 5.291658]
 [6.990775 5.343291]
 [6.982129 5.394552]
 [6.973697 5.445446]
 [6.965516 5.495944]
 [6.957617 5.546021]
 [6.950037 5.595688]
 [6.942799 5.644605]
 [6.935896 5.692423]
 [6.9293   5.738979]
 [6.922942 5.784157]
 [6.916735 5.827863]
 [6.910576 5.870061]
 [6.904351 5.910699]
 [6.897917 5.949734]
 [6.891099 5.987141]
 [6.883682 6.02288 ]
 [6.875415 6.056921]
 [6.866036 6.089208]
 [6.855314 6.119699]
 [6.843027 6.148369]
 [6.82899  6.175213]
 [6.813116 6.200264]
 [6.795372 6.199266]
 [6.775519 6.197314]
 [6.753596 6.194448]
 [6.729626 6.190639]
 [6.703634 6.185853]
 [6.675649 6.180091]
 [6.645694 6.173421]
 [6.613773 6.165918]
 [6.579884 6.157672]
 [6.544049 6.148778]
 [6.506322 6.139384]
 [6.466788 6.129681]
 [6.425519 6.119787]
 [6.382667 6.109806]
 [6.338606 6.0999  ]
 [6.293946 6.090235]
 [6.249268 6.080943]
 [6.205181 6.07212 ]
 [6.162192 6.063836]
 [6.120636 6.05617 ]
 [6.080691 6.049202]
 [6.04241  6.043005]
 [6.005655 6.037632]
 [5.970157 6.033099]
 [5.935205 6.029447]
 [5.900002 6.026685]
 [5.863817 6.024775]
 [5.826257 6.023669]
 [5.787232 6.023325]
 [5.746697 6.023697]
 [5.704653 6.024738]
 [5.661128 6.026379]
 [5.61621  6.028505]
 [5.570007 6.030964]
 [5.522597 6.033629]
 [5.474359 6.036366]
 [5.426031 6.039062]
 [5.378307 6.041653]
 [5.331839 6.044122]
 [5.287231 6.046493]
 [5.244764 6.048844]
 [5.204524 6.051301]
 [5.166504 6.054051]
 [5.130698 6.057268]
 [5.097069 6.061132]
 [5.065497 6.065894]
 [5.035923 6.071744]
 [5.008319 6.078788]
 [4.982631 6.087266]
 [4.958769 6.097425]
 [4.936709 6.109433]
 [4.916449 6.123387]
 [4.898002 6.139383]
 [4.881369 6.157438]
 [4.866507 6.17757 ]
 [4.853375 6.199786]
 [4.841907 6.224093]
 [4.832127 6.250461]
 [4.824034 6.278831]
 [4.817514 6.309167]
 [4.81239  6.341398]
 [4.808492 6.375286]
 [4.805697 6.41059 ]
 [4.80388  6.447002]
 [4.802922 6.484226]
 [4.802697 6.521965]
 [4.803087 6.559895]
 [4.804013 6.597642]
 [4.805399 6.634847]
 [4.807173 6.671369]
 [4.809277 6.707157]
 [4.811677 6.742298]
 [4.81435  6.777313]
 [4.817276 6.812664]
 [4.820435 6.848723]
 [4.823796 6.885808]
 [4.827317 6.924223]
 [4.830951 6.964284]
 [4.83466  7.006094]
 [4.838408 7.049633]
 [4.84216  7.094855]
 [4.845882 7.141693]
 [4.849518 7.190017]
 [4.853041 7.239571]
 [4.856503 7.289867]
 [4.859987 7.339981]
 [4.863562 7.389439]
 [4.86727  7.437765]
 [4.871148 7.484354]
 [4.875249 7.528977]
 [4.87967  7.57153 ]
 [4.884553 7.612033]
 [4.890126 7.650526]
 [4.896619 7.687111]
 [4.90433  7.721809]
 [4.913548 7.754613]
 [4.92451  7.785499]
 [4.93739  7.814415]
 [4.952322 7.841557]
 [4.969385 7.867069]
 [4.9886   7.891015]
 [5.009979 7.913522]
 [5.033523 7.93466 ]
 [5.059228 7.954272]
 [5.08708  7.972254]
 [5.117054 7.988753]
 [5.149137 8.003942]
 [5.18331  8.017967]
 [5.219584 8.030907]
 [5.257965 8.042808]
 [5.298445 8.053798]
 [5.340976 8.063989]
 [5.385499 8.0735  ]
 [5.431894 8.082515]
 [5.479828 8.091136]
 [5.52886  8.099476]
 [5.578461 8.10768 ]
 [5.62809  8.115871]
 [5.677192 8.124144]
 [5.725209 8.132536]
 [5.771719 8.141047]
 [5.816639 8.149696]
 [5.859924 8.158533]
 [5.9024   8.16758 ]
 [5.944848 8.176872]
 [5.987944 8.186439]
 [6.032053 8.196313]
 [6.077229 8.206531]
 [6.123559 8.204231]
 [6.170808 8.202725]
 [6.219025 8.201588]
 [6.268189 8.200731]
 [6.318282 8.200087]
 [6.368981 8.200485]
 [6.419338 8.201868]
 [6.469212 8.20419 ]
 [6.518485 8.207405]
 [6.566728 8.211451]
 [6.613564 8.216235]
 [6.658725 8.221715]
 [6.702033 8.227887]
 [6.743364 8.234759]
 [6.78262  8.242306]
 [6.819726 8.250566]
 [6.854646 8.259663]
 [6.887365 8.269822]
 [6.917874 8.281254]
 [6.946188 8.294162]
 [6.972362 8.30873 ]
 [6.996471 8.32505 ]
 [7.018578 8.343195]
 [7.038744 8.363191]
 [7.057032 8.385021]
 [7.073482 8.408626]
 [7.08817  8.433936]
 [7.101229 8.460879]
 [7.112818 8.489367]
 [7.123101 8.51933 ]
 [7.132226 8.550697]
 [7.140344 8.583387]
 [7.147583 8.617312]
 [7.154097 8.652204]
 [7.160056 8.687671]
 [7.165596 8.723336]
 [7.170816 8.758834]
 [7.175782 8.793839]
 [7.180532 8.828138]
 [7.185091 8.861565]
 [7.189461 8.894152]
 [7.193643 8.925916]
 [7.197649 8.956909]
 [7.201496 8.987336]
 [7.200548 9.017249]
 [7.199932 9.046595]
 [7.199465 9.075324]
 [7.199111 9.103322]
 [7.198844 9.130319]
 [7.198642 9.156129]
 [7.19849  9.180651]
 [7.198375 9.203889]
 [7.198287 9.225932]
 [7.198216 9.246819]
 [7.198137 9.266603]
 [7.19803  9.285302]
 [7.197877 9.302908]
 [7.197668 9.319414]
 [7.197394 9.334805]
 [7.197058 9.349062]
 [7.196667 9.362178]
 [7.196222 9.374157]
 [7.19573  9.384988]
 [7.195186 9.39467 ]
 [7.194585 9.403205]
 [7.193935 9.410598]
 [7.193238 9.416858]
 [7.192498 9.421994]
 [7.191716 9.426013]
 [7.19089  9.428919]
 [7.19003  9.430706]
 [7.189134 9.431384]
 [7.188211 9.430953]
 [7.187263 9.429426]
 [7.186295 9.426816]
 [7.185314 9.423148]
 [7.184328 9.41845 ]
 [7.18334  9.412754]
 [7.182357 9.40609 ]
 [7.181391 9.398485]
 [7.180437 9.389976]
 [7.179497 9.380601]
 [7.178571 9.370403]
 [7.17766  9.359419]
 [7.176766 9.347695]
 [7.175907 9.335277]
 [7.175091 9.322214]
 [7.174334 9.308552]
 [7.173642 9.294338]
 [7.173023 9.27962 ]
 [7.172488 9.264443]
 [7.172041 9.248851]
 [7.171687 9.232883]
 [7.171429 9.216544]
 [7.171263 9.199814]
 [7.17118  9.18267 ]
 [7.171176 9.165086]
 [7.171247 9.147052]
 [7.171389 9.128579]
 [7.171588 9.1097  ]
 [7.17184  9.090464]
 [7.171964 9.07134 ]
 [7.172074 9.052281]
 [7.172185 9.033455]
 [7.172127 9.014798]
 [7.171932 8.996325]
 [7.171678 8.977917]
 [7.171286 8.959427]
 [7.170943 8.941161]
 [7.170675 8.922926]
 [7.170364 8.904756]
 [7.170018 8.886678]
 [7.16972  8.868424]
 [7.169405 8.850279]
 [7.169183 8.832399]
 [7.168983 8.814719]
 [7.168733 8.797105]
 [7.16835  8.779469]
 [7.167751 8.761902]
 [7.167105 8.744499]
 [6.944903 1.020638]
 [6.944125 1.024695]
 [6.942742 1.030454]
 [6.940796 1.037902]
 [6.938328 1.04703 ]
 [6.935384 1.057824]
 [6.932001 1.070285]
 [6.928202 1.084422]
 [6.924024 1.100253]
 [6.919507 1.117809]
 [6.91469  1.137116]
 [6.909607 1.158197]
 [6.904294 1.181063]
 [6.898783 1.205719]
 [6.893154 1.232172]
 [6.887527 1.260425]
 [6.882008 1.290498]
 [6.876621 1.322387]
 [6.871383 1.356063]
 [6.866324 1.391497]
 [6.861485 1.428612]
 [6.856904 1.467158]
 [6.852632 1.506776]
 [6.848674 1.547085]
 [6.845016 1.587669]
 [6.841656 1.628075]
 [6.838583 1.667802]
 [6.835763 1.706421]
 [6.833127 1.743721]
 [6.830597 1.779621]
 [6.828061 1.81404 ]
 [6.825397 1.846899]
 [6.822472 1.87812 ]
 [6.819103 1.907654]
 [6.815064 1.935497]
 [6.810147 1.961653]
 [6.804122 1.986141]
 [6.796783 2.008977]
 [6.787961 2.03018 ]
 [6.777494 2.049754]
 [6.765214 2.067687]
 [6.751059 2.083981]
 [6.735023 2.098645]
 [6.717101 2.111694]
 [6.697304 2.123173]
 [6.675653 2.133155]
 [6.652158 2.141722]
 [6.626838 2.148971]
 [6.599701 2.155014]
 [6.570756 2.159958]
 [6.540028 2.163879]
 [6.507548 2.16684 ]
 [6.473344 2.168903]
 [6.437505 2.170153]
 [6.400225 2.17068 ]
 [6.361956 2.17056 ]
 [6.323192 2.169879]
 [6.284392 2.168706]
 [6.245985 2.167092]
 [6.208362 2.165069]
 [6.171881 2.162653]
 [6.136658 2.159852]
 [6.102698 2.156668]
 [6.069967 2.153115]
 [6.038151 2.149237]
 [6.006629 2.145096]
 [5.974874 2.140779]
 [5.94247  2.136333]
 [5.909066 2.131798]
 [5.874343 2.127208]
 [5.838137 2.122604]
 [5.800425 2.118021]
 [5.761185 2.113498]
 [5.720381 2.109062]
 [5.677971 2.104748]
 [5.633933 2.100583]
 [5.588254 2.096532]
 [5.54096  2.092555]
 [5.492151 2.088673]
 [5.442204 2.084918]
 [5.391772 2.081286]
 [5.341858 2.077766]
 [5.292661 2.074354]
 [5.244691 2.071061]
 [5.198348 2.067904]
 [5.153775 2.064904]
 [5.111138 2.06206 ]
 [5.070575 2.059315]
 [5.03221  2.056568]
 [4.996112 2.05367 ]
 [4.962296 2.050404]
 [4.93073  2.046513]
 [4.901347 2.041721]
 [4.874096 2.035767]
 [4.848951 2.028474]
 [4.825891 2.01971 ]
 [4.804884 2.009345]
 [4.785927 1.997314]
 [4.769009 1.983561]
 [4.754115 1.96804 ]
 [4.74123  1.950711]
 [4.730336 1.931561]
 [4.721387 1.910579]
 [4.714338 1.887767]
 [4.70913  1.863131]
 [4.705702 1.836672]
 [4.703984 1.808392]
 [4.703859 1.778237]
 [4.705218 1.746204]
 [4.707965 1.7123  ]
 [4.71195  1.676533]
 [4.716995 1.638917]
 [4.722962 1.599484]
 [4.729723 1.558262]
 [4.737128 1.51531 ]
 [4.745039 1.470735]
 [4.753309 1.424714]
 [4.761778 1.377785]
 [4.770237 1.330509]
 [4.778549 1.283452]
 [4.786575 1.23715 ]
 [4.794145 1.19203 ]
 [4.801178 1.1484  ]
 [4.807624 1.106471]
 [4.813399 1.066385]
 [4.818429 1.028229]
 [4.822655 0.992049]
 [4.826005 0.957866]
 [4.828356 0.925689]
 [4.829495 0.895503]
 [4.829196 0.867295]
 [4.827142 0.84106 ]
 [4.823182 0.816777]
 [4.817238 0.794427]
 [4.809277 0.773997]
 [4.799286 0.755482]
 [4.787273 0.738877]
 [4.773253 0.724175]
 [4.75724  0.711344]
 [4.739254 0.700346]
 [4.719311 0.691154]
 [4.69744  0.683753]
 [4.673623 0.678117]
 [4.6479   0.674217]
 [4.62031  0.672014]
 [4.590855 0.671438]
 [4.559517 0.672382]
 [4.526329 0.674767]
 [4.491308 0.678493]
 [4.454564 0.683457]
 [4.416311 0.689557]
 [4.376919 0.696726]
 [4.336824 0.704906]
 [4.296537 0.713998]
 [4.256552 0.723917]
 [4.217394 0.734593]
 [4.179587 0.745975]
 [4.143513 0.757989]
 [4.109273 0.770519]
 [4.076921 0.783386]
 [4.046411 0.796464]
 [4.017638 0.809661]
 [3.990426 0.822876]
 [3.964133 0.836089]
 [3.938198 0.849268]
 [3.912184 0.862412]
 [3.885719 0.875526]
 [3.858567 0.888612]
 [3.830585 0.901672]
 [3.801587 0.914724]
 [3.771441 0.927812]
 [3.740069 0.940984]
 [3.707409 0.954287]
 [3.67341  0.96773 ]
 [3.63804  0.98133 ]
 [3.601282 0.995041]
 [3.563102 1.008798]
 [3.523484 1.02254 ]
 [3.482467 1.036191]
 [3.440266 1.049657]
 [3.397207 1.062837]
 [3.354003 1.075647]
 [3.311334 1.088062]
 [3.269738 1.100111]
 [3.229662 1.111864]
 [3.19134  1.123436]
 [3.154899 1.134979]
 [3.120416 1.146636]
 [3.087895 1.158562]
 [3.057316 1.17092 ]
 [3.028661 1.183891]
 [3.001894 1.197658]
 [2.976975 1.21235 ]
 [2.95387  1.228095]
 [2.932561 1.24501 ]
 [2.913064 1.263187]
 [2.895381 1.282693]
 [2.879495 1.303583]
 [2.865375 1.325881]
 [2.852967 1.349621]
 [2.842212 1.374788]
 [2.833002 1.401183]
 [2.825222 1.428551]
 [2.818774 1.456609]
 [2.813533 1.485064]
 [2.809383 1.513618]
 [2.806206 1.541942]
 [2.803894 1.569735]
 [2.80235  1.596733]
 [2.801521 1.622908]
 [2.801357 1.648367]
 [2.801761 1.673294]
 [2.802649 1.697872]
 [2.803945 1.722248]
 [2.805573 1.746746]
 [2.80746  1.771769]
 [2.809551 1.797644]
 [2.811788 1.824637]
 [2.814111 1.853015]
 [2.816491 1.882903]
 [2.818871 1.91442 ]
 [2.82119  1.947585]
 [2.823406 1.982396]
 [2.825464 2.018858]
 [2.827305 2.05702 ]
 [2.828881 2.096899]
 [2.830172 2.138474]
 [2.831186 2.18172 ]
 [2.831948 2.226568]
 [2.832501 2.272943]
 [2.832897 2.320645]
 [2.833195 2.369421]
 [2.833437 2.41899 ]
 [2.833674 2.468924]
 [2.833949 2.518747]
 [2.834294 2.568059]
 [2.834734 2.616593]
 [2.835279 2.664096]
 [2.835937 2.710439]
 [2.836703 2.755658]
 [2.837573 2.799829]
 [2.838551 2.843146]
 [2.83961  2.886168]
 [2.840734 2.929431]
 [2.841918 2.973435]
 [2.843153 3.018605]
 [2.844433 3.065346]
 [2.845774 3.113722]
 [2.847212 3.163733]
 [2.848779 3.215339]
 [2.850519 3.266874]
 [2.852429 3.318381]
 [2.854517 3.369716]
 [2.856803 3.420722]
 [2.859308 3.471371]
 [2.862053 3.521643]
 [2.865035 3.571543]
 [2.868243 3.621004]
 [2.871658 3.669838]
 [2.875253 3.717956]
 [2.878997 3.765301]
 [2.882826 3.812038]
 [2.886684 3.858682]
 [2.890545 3.905731]
 [2.894379 3.953604]
 [2.89813  4.002713]
 [2.901754 4.05332 ]
 [2.905217 4.104908]
 [2.908495 4.15659 ]
 [2.911567 4.208326]
 [2.914432 4.260067]
 [2.917089 4.311814]
 [2.919566 4.36335 ]
 [2.921907 4.414359]
 [2.924139 4.464858]
 [2.926296 4.514881]
 [2.928402 4.564428]
 [2.930479 4.613055]
 [2.932544 4.66036 ]
 [2.934604 4.706117]
 [2.936658 4.750236]
 [2.938712 4.792765]
 [2.940769 4.833792]
 [2.942843 4.873817]
 [2.944966 4.913752]
 [2.947172 4.954466]
 [2.949496 4.996686]
 [2.951905 5.040425]
 [2.954324 5.085665]
 [2.956697 5.132387]
 [2.958969 5.180561]
 [2.961112 5.230174]
 [2.963115 5.281122]
 [2.965006 5.332105]
 [2.966841 5.382513]
 [2.968686 5.432216]
 [2.97062  5.480923]
 [2.97269  5.528108]
 [2.974918 5.573382]
 [2.977318 5.616574]
 [2.979911 5.657686]
 [2.982786 5.696727]
 [2.985996 5.733721]
 [2.989618 5.768723]
 [2.993924 5.801805]
 [2.999291 5.833027]
 [3.006148 5.862439]
 [3.014819 5.890059]
 [3.025478 5.915874]
 [3.038219 5.939869]
 [3.053158 5.962052]
 [3.070358 5.982409]
 [3.089823 6.000961]
 [3.111535 6.017759]
 [3.135458 6.032864]
 [3.161561 6.046342]
 [3.189813 6.058292]
 [3.220225 6.068788]
 [3.252799 6.077882]
 [3.287541 6.085596]
 [3.324398 6.092028]
 [3.36325  6.097323]
 [3.403977 6.101614]
 [3.446324 6.10506 ]
 [3.489829 6.107797]
 [3.533995 6.109919]
 [3.578201 6.111547]
 [3.621931 6.112759]
 [3.664717 6.113651]
 [3.706156 6.114312]
 [3.746129 6.114824]
 [3.784553 6.115283]
 [3.821595 6.115784]
 [3.857622 6.116343]
 [3.893243 6.116961]
 [3.929064 6.117643]
 [3.965599 6.118392]
 [4.003231 6.119196]
 [4.042291 6.12003 ]
 [4.082952 6.120879]
 [4.12524  6.121722]
 [4.169143 6.122544]
 [4.214617 6.123359]
 [4.26141  6.124155]
 [4.309169 6.124912]
 [4.357592 6.12562 ]
 [4.406241 6.126279]
 [4.45459  6.126903]
 [4.502161 6.127546]
 [4.548518 6.12829 ]
 [4.593262 6.129226]
 [4.636023 6.130435]
 [4.676659 6.131971]
 [4.715138 6.13386 ]
 [4.751433 6.136153]
 [4.785594 6.138942]
 [4.817729 6.142357]
 [4.847911 6.146639]
 [4.876132 6.15219 ]
 [4.902345 6.159349]
 [4.926503 6.168402]
 [4.948549 6.179536]
 [4.968489 6.192817]
 [4.986322 6.208256]
 [5.002035 6.225828]
 [5.015642 6.245452]
 [5.027148 6.267104]
 [5.036585 6.290784]
 [5.043944 6.316503]
 [5.049251 6.344285]
 [5.052568 6.374154]
 [5.05397  6.406117]
 [5.053686 6.440127]
 [5.052041 6.476038]
 [5.049345 6.513632]
 [5.045902 6.552287]
 [5.041976 6.591409]
 [5.037741 6.630416]
 [5.033322 6.668802]
 [5.028766 6.706193]
 [5.024072 6.742318]
 [5.019204 6.777188]
 [5.014114 6.811223]
 [5.008795 6.844992]
 [5.003256 6.879042]
 [4.997523 6.913812]
 [4.991611 6.949653]
 [4.985546 6.986901]
 [4.979369 7.025767]
 [4.973196 7.066316]
 [4.967158 7.108589]
 [4.961364 7.152608]
 [4.955925 7.198289]
 [4.950911 7.245461]
 [4.946393 7.293868]
 [4.942439 7.343026]
 [4.939105 7.392253]
 [4.93641  7.440849]
 [4.934401 7.488126]
 [4.933144 7.533594]
 [4.932723 7.576918]
 [4.933157 7.618064]
 [4.934471 7.657069]
 [4.936703 7.693963]
 [4.939883 7.728792]
 [4.944212 7.761715]
 [4.950022 7.792727]
 [4.957654 7.821777]
 [4.967271 7.848824]
 [4.978961 7.873974]
 [4.992814 7.897343]
 [5.008886 7.918995]
 [5.027203 7.939115]
 [5.047756 7.957632]
 [5.070508 7.974447]
 [5.095437 7.989596]
 [5.122521 8.003176]
 [5.151737 8.015333]
 [5.183062 8.026229]
 [5.216487 8.036004]
 [5.252043 8.044744]
 [5.289722 8.052584]
 [5.329494 8.059666]
 [5.371311 8.066215]
 [5.415107 8.072447]
 [5.460713 8.078555]
 [5.507728 8.084636]
 [5.555634 8.090806]
 [5.603848 8.097153]
 [5.651805 8.103722]
 [5.698945 8.110565]
 [5.744752 8.117713]
 [5.78905  8.125146]
 [5.831796 8.132875]
 [5.873301 8.140909]
 [5.914372 8.14928 ]
 [5.955714 8.158017]
 [5.9979   8.167136]
 [6.041162 8.176658]
 [6.085544 8.186626]
 [6.131126 8.197041]
 [6.177892 8.207874]
 [6.225819 8.205226]
 [6.274699 8.203472]
 [6.324471 8.202147]
 [6.374856 8.201916]
 [6.425076 8.202715]
 [6.474844 8.204495]
 [6.523928 8.207209]
 [6.571908 8.210793]
 [6.618421 8.215151]
 [6.663217 8.220233]
 [6.706128 8.226038]
 [6.74705  8.232574]
 [6.785883 8.239819]
 [6.822561 8.247825]
 [6.857058 8.256712]
 [6.889374 8.266702]
 [6.919498 8.278003]
 [6.947447 8.290819]
 [6.973291 8.305333]
 [6.997099 8.321631]
 [7.018928 8.339778]
 [7.038843 8.359797]
 [7.056898 8.38166 ]
 [7.073132 8.405306]
 [7.087617 8.430668]
 [7.100494 8.457669]
 [7.11192  8.486218]
 [7.122058 8.51625 ]
 [7.131057 8.547688]
 [7.139071 8.58045 ]
 [7.146219 8.614447]
 [7.152653 8.649416]
 [7.158536 8.684979]
 [7.164011 8.72074 ]
 [7.169173 8.75634 ]
 [7.174091 8.791451]
 [7.178803 8.825848]
 [7.183337 8.859357]
 [7.187687 8.892015]
 [7.191857 8.923841]
 [7.19586  8.954864]
 [7.199707 8.985298]
 [7.199213 9.015202]
 [7.198604 9.04507 ]
 [7.198075 9.074893]
 [7.197528 9.104596]
 [7.196813 9.133954]
 [7.196101 9.163169]
 [7.195167 9.192297]
 [7.194309 9.221263]
 [7.193577 9.250303]
 [7.192987 9.279146]
 [7.192501 9.307833]
 [7.191999 9.336522]
 [7.19142  9.365142]
 [7.190893 9.393659]
 [7.190444 9.422261]
 [7.189956 9.450579]
 [7.189633 9.47891 ]
 [7.189464 9.50694 ]
 [7.189181 9.534969]
 [7.18909  9.562859]]

[Dataset] infos/qvel
  shape: (1658, 2)
  dtype: float32
  min: -5.0432233810424805
  max: 5.193545818328857
  mean: 1.1280673742294312
  content:
[[ 2.521475e-01  1.377859e-01]
 [ 3.744791e-01  2.322391e-01]
 [ 4.958735e-01  3.242361e-01]
 [ 6.117758e-01  4.149745e-01]
 [ 7.223303e-01  5.038423e-01]
 [ 8.282217e-01  5.915970e-01]
 [ 9.297856e-01  6.774177e-01]
 [ 1.025498e+00  7.588398e-01]
 [ 1.112545e+00  8.358814e-01]
 [ 1.188892e+00  9.096704e-01]
 [ 1.254723e+00  9.786747e-01]
 [ 1.311614e+00  1.041114e+00]
 [ 1.359543e+00  1.096814e+00]
 [ 1.397007e+00  1.146285e+00]
 [ 1.424670e+00  1.190342e+00]
 [ 1.439993e+00  1.228326e+00]
 [ 1.436774e+00  1.260133e+00]
 [ 1.414093e+00  1.286540e+00]
 [ 1.371461e+00  1.309185e+00]
 [ 1.307425e+00  1.328426e+00]
 [ 1.223068e+00  1.348370e+00]
 [ 1.127513e+00  1.370728e+00]
 [ 1.033212e+00  1.398218e+00]
 [ 9.423280e-01  1.431909e+00]
 [ 8.556296e-01  1.472300e+00]
 [ 7.732115e-01  1.518125e+00]
 [ 6.918412e-01  1.567454e+00]
 [ 6.115448e-01  1.621240e+00]
 [ 5.320840e-01 -2.322580e-01]
 [ 5.365900e-01 -1.747951e-01]
 [ 5.408748e-01 -1.225239e-01]
 [ 5.451713e-01 -7.472802e-02]
 [ 5.490564e-01 -5.476705e-02]
 [ 5.526072e-01 -4.122600e-02]
 [ 5.564824e-01 -3.101681e-02]
 [ 5.601401e-01 -2.333337e-02]
 [ 5.637968e-01 -1.730230e-02]
 [ 5.674600e-01 -1.260649e-02]
 [ 5.710645e-01 -9.106735e-03]
 [ 5.746503e-01 -6.660726e-03]
 [ 5.781271e-01 -4.932599e-03]
 [ 5.815406e-01 -3.698145e-03]
 [ 5.848518e-01 -2.793412e-03]
 [ 5.881195e-01 -2.118148e-03]
 [ 5.913819e-01 -1.639073e-03]
 [ 5.945503e-01 -1.263530e-03]
 [ 5.977327e-01 -9.798681e-04]
 [ 6.008736e-01 -7.787623e-04]
 [ 6.040664e-01 -6.178383e-04]
 [ 6.073198e-01 -5.149257e-04]
 [ 6.104690e-01 -4.191041e-04]
 [ 6.136459e-01 -3.447318e-04]
 [ 6.168206e-01 -3.034243e-04]
 [ 6.200037e-01 -2.600200e-04]
 [ 6.235038e-01 -2.424632e-04]
 [ 6.279903e-01 -2.132782e-04]
 [ 6.337796e-01 -2.025575e-04]
 [ 6.408391e-01 -1.961994e-04]
 [ 6.494421e-01 -1.838899e-04]
 [ 6.628747e-01 -2.076622e-04]
 [ 6.813840e-01 -2.279355e-04]
 [ 7.044865e-01 -2.356951e-04]
 [ 7.319533e-01 -2.475268e-04]
 [ 7.636248e-01 -2.591674e-04]
 [ 7.994419e-01 -2.646775e-04]
 [ 8.410933e-01 -2.871968e-04]
 [ 8.862590e-01 -2.784849e-04]
 [ 9.357792e-01 -2.889090e-04]
 [ 9.903089e-01 -3.745095e-04]
 [ 1.046876e+00 -4.601355e-04]
 [ 1.106490e+00 -5.464624e-04]
 [ 1.168623e+00 -6.263704e-04]
 [ 1.234101e+00 -7.312891e-04]
 [ 1.302635e+00 -7.436068e-04]
 [ 1.374804e+00 -2.733944e-03]
 [ 1.450078e+00 -6.909527e-03]
 [ 1.531625e+00 -1.366787e-02]
 [ 1.615581e+00 -2.212754e-02]
 [ 1.702164e+00 -3.194548e-02]
 [ 1.792376e+00 -4.247389e-02]
 [ 1.886280e+00 -5.439290e-02]
 [ 1.995253e+00 -6.859128e-02]
 [ 2.115912e+00 -8.460250e-02]
 [ 2.241917e+00 -1.029403e-01]
 [ 2.360772e+00 -1.238449e-01]
 [ 2.473653e+00 -1.469745e-01]
 [ 2.581863e+00 -1.725362e-01]
 [ 2.685487e+00 -1.984471e-01]
 [ 2.786075e+00 -2.227926e-01]
 [ 2.884474e+00 -2.452097e-01]
 [ 2.983304e+00 -2.647713e-01]
 [ 3.083579e+00 -2.801471e-01]
 [ 3.186041e+00 -2.908520e-01]
 [ 3.291380e+00 -2.968117e-01]
 [ 3.398554e+00 -2.976981e-01]
 [ 3.508389e+00 -2.932253e-01]
 [ 3.620000e+00 -2.858790e-01]
 [ 3.731130e+00 -2.815606e-01]
 [ 3.834801e+00 -2.821057e-01]
 [ 3.929190e+00 -2.862620e-01]
 [ 3.996238e+00 -2.924850e-01]
 [ 4.020149e+00 -3.011879e-01]
 [ 3.995395e+00 -3.105784e-01]
 [ 3.916344e+00 -3.183714e-01]
 [ 3.788784e+00 -3.237027e-01]
 [ 3.616977e+00 -3.266323e-01]
 [ 3.409601e+00 -3.269180e-01]
 [ 3.193390e+00 -3.222526e-01]
 [ 2.984596e+00 -3.140929e-01]
 [ 2.784831e+00 -3.003240e-01]
 [ 2.591766e+00 -2.794107e-01]
 [ 2.403301e+00 -2.426109e-01]
 [ 2.226755e+00 -1.943716e-01]
 [ 2.069631e+00 -1.337044e-01]
 [ 1.929315e+00 -5.727339e-02]
 [ 1.801041e+00  3.434649e-02]
 [ 1.678979e+00  1.338763e-01]
 [ 1.560073e+00  2.411810e-01]
 [ 1.440886e+00  3.581893e-01]
 [ 1.313626e+00  4.846875e-01]
 [ 1.175437e+00  6.186410e-01]
 [ 1.034057e+00  7.599756e-01]
 [ 8.861697e-01  9.077876e-01]
 [ 7.376769e-01  1.061582e+00]
 [ 5.921978e-01  1.217231e+00]
 [ 4.534600e-01  1.375363e+00]
 [ 3.293752e-01  1.536863e+00]
 [ 2.190537e-01  1.700050e+00]
 [ 1.331485e-01  1.866423e+00]
 [ 7.084629e-02  2.037691e+00]
 [ 2.317885e-02  2.213238e+00]
 [-1.001858e-02  2.390628e+00]
 [-3.458723e-02  2.564476e+00]
 [-5.791523e-02  2.731562e+00]
 [-8.208870e-02  2.889860e+00]
 [-1.076746e-01  3.034113e+00]
 [-1.334459e-01  3.151412e+00]
 [-1.578953e-01  3.235615e+00]
 [-1.802122e-01  3.279770e+00]
 [-1.992720e-01  3.284172e+00]
 [-2.151095e-01  3.247284e+00]
 [-2.282852e-01  3.170331e+00]
 [-2.374035e-01  3.056289e+00]
 [-2.410341e-01  2.953627e+00]
 [-2.403018e-01  2.863728e+00]
 [-2.354626e-01  2.787619e+00]
 [-2.278118e-01  2.732029e+00]
 [-2.192439e-01  2.732057e+00]
 [-2.127615e-01  2.776024e+00]
 [-2.092855e-01  2.856140e+00]
 [-2.083425e-01  2.968858e+00]
 [-2.107801e-01  3.102809e+00]
 [-2.169769e-01  3.265000e+00]
 [-2.268815e-01  3.433754e+00]
 [-2.370088e-01  3.602507e+00]
 [-2.474402e-01  3.774899e+00]
 [-2.593211e-01  3.952360e+00]
 [-2.712574e-01  4.127561e+00]
 [-2.822426e-01  4.300154e+00]
 [-2.886232e-01  4.466051e+00]
 [-2.888280e-01  4.624557e+00]
 [-2.827427e-01  4.776377e+00]
 [-2.677985e-01  4.899739e+00]
 [-2.481506e-01  4.996860e+00]
 [-2.247283e-01  5.055964e+00]
 [-1.976432e-01  5.015334e+00]
 [-1.684676e-01  4.961091e+00]
 [-1.384539e-01  4.895241e+00]
 [-1.086740e-01  4.802575e+00]
 [-8.000173e-02  4.686482e+00]
 [-5.303289e-02  4.574594e+00]
 [-2.777633e-02  4.467712e+00]
 [-3.763820e-03  4.370779e+00]
 [ 1.662856e-02  4.319634e+00]
 [ 3.295875e-02  4.323430e+00]
 [ 4.736883e-02  4.378356e+00]
 [ 5.947258e-02  4.478055e+00]
 [ 6.998163e-02  4.617772e+00]
 [ 8.109746e-02  4.780385e+00]
 [ 9.471769e-02  4.943702e+00]
 [ 1.118711e-01  5.106337e+00]
 [ 1.328557e-01  5.155076e+00]
 [ 1.544474e-01  5.151113e+00]
 [ 1.759164e-01  5.143883e+00]
 [ 1.986295e-01  5.113542e+00]
 [ 2.228145e-01  5.078482e+00]
 [ 2.490123e-01  5.041185e+00]
 [ 2.769465e-01  5.004128e+00]
 [ 3.035892e-01  4.966679e+00]
 [ 3.288505e-01  4.906177e+00]
 [ 3.511520e-01  4.837205e+00]
 [ 3.701357e-01  4.760993e+00]
 [ 3.850487e-01  4.687216e+00]
 [ 3.926359e-01  4.659656e+00]
 [ 3.969201e-01  4.684804e+00]
 [ 3.982343e-01  4.754609e+00]
 [ 3.950213e-01  4.864861e+00]
 [ 3.850610e-01  5.010504e+00]
 [ 3.714672e-01  5.155838e+00]
 [ 3.548346e-01  5.165167e+00]
 [ 3.348458e-01  5.173506e+00]
 [ 3.141764e-01  5.173314e+00]
 [ 2.932434e-01  5.173923e+00]
 [ 2.735973e-01  5.166451e+00]
 [ 2.589045e-01  5.113956e+00]
 [ 2.470330e-01  5.061178e+00]
 [ 2.377553e-01  5.013973e+00]
 [ 2.308867e-01  4.966804e+00]
 [ 2.263942e-01  4.887003e+00]
 [ 2.241739e-01  4.761542e+00]
 [ 2.225958e-01  4.609720e+00]
 [ 2.216352e-01  4.445065e+00]
 [ 2.212923e-01  4.283250e+00]
 [ 2.214327e-01  4.129671e+00]
 [ 2.235940e-01  3.997146e+00]
 [ 2.295972e-01  3.956635e+00]
 [ 2.394101e-01  4.004827e+00]
 [ 2.534916e-01  4.136569e+00]
 [ 2.663815e-01  4.288687e+00]
 [ 2.732194e-01  4.440058e+00]
 [ 2.721266e-01  4.590240e+00]
 [ 2.657699e-01  4.736736e+00]
 [ 2.544194e-01  4.881413e+00]
 [ 2.405605e-01  5.022757e+00]
 [ 2.262592e-01  5.116333e+00]
 [ 2.160314e-01  5.069282e+00]
 [ 2.112470e-01  5.000611e+00]
 [ 2.142273e-01  4.929044e+00]
 [ 2.245817e-01  4.792391e+00]
 [ 2.373530e-01  4.617686e+00]
 [ 2.523575e-01  4.412659e+00]
 [ 2.694259e-01  4.204057e+00]
 [ 2.920145e-01  3.996443e+00]
 [ 3.226375e-01  3.790652e+00]
 [ 3.589547e-01  3.588389e+00]
 [ 4.101984e-01  3.393156e+00]
 [ 4.995815e-01  3.204590e+00]
 [ 6.292428e-01  3.022089e+00]
 [ 7.982298e-01  2.841896e+00]
 [ 9.925174e-01  2.662812e+00]
 [ 1.196598e+00  2.480552e+00]
 [ 1.411664e+00  2.299996e+00]
 [ 1.636489e+00  2.117467e+00]
 [ 1.862741e+00  1.935180e+00]
 [ 2.088055e+00  1.757988e+00]
 [ 2.310268e+00  1.586303e+00]
 [ 2.529469e+00  1.420302e+00]
 [ 2.743617e+00  1.263579e+00]
 [ 2.959102e+00  1.115740e+00]
 [ 3.174911e+00  9.738684e-01]
 [ 3.390882e+00  8.345726e-01]
 [ 3.605347e+00  7.006343e-01]
 [ 3.809623e+00  5.801963e-01]
 [ 4.001970e+00  4.744777e-01]
 [ 4.175803e+00  3.841906e-01]
 [ 4.312085e+00  3.080324e-01]
 [ 4.398662e+00  2.422791e-01]
 [ 4.427730e+00  1.873337e-01]
 [ 4.399891e+00  1.425301e-01]
 [ 4.323915e+00  1.060230e-01]
 [ 4.204246e+00  7.855158e-02]
 [ 4.061354e+00  5.946532e-02]
 [ 3.909209e+00  4.867456e-02]
 [ 3.759851e+00  4.887673e-02]
 [ 3.642451e+00  5.443209e-02]
 [ 3.577697e+00  5.990851e-02]
 [ 3.571557e+00  6.549086e-02]
 [ 3.624674e+00  7.180229e-02]
 [ 3.719982e+00  7.776514e-02]
 [ 3.851430e+00  8.159366e-02]
 [ 4.007319e+00  8.356282e-02]
 [ 4.168945e+00  8.364384e-02]
 [ 4.331200e+00  8.138330e-02]
 [ 4.490325e+00  7.974249e-02]
 [ 4.634335e+00  7.778958e-02]
 [ 4.744122e+00  7.543078e-02]
 [ 4.821932e+00  7.095336e-02]
 [ 4.866138e+00  6.560503e-02]
 [ 4.856141e+00  6.141563e-02]
 [ 4.796658e+00  6.124609e-02]
 [ 4.691612e+00  6.778300e-02]
 [ 4.546437e+00  8.366700e-02]
 [ 4.361878e+00  1.080772e-01]
 [ 4.151898e+00  1.396134e-01]
 [ 3.937283e+00  1.742358e-01]
 [ 3.719204e+00  2.117130e-01]
 [ 3.503016e+00  2.575283e-01]
 [ 3.295462e+00  3.140163e-01]
 [ 3.098618e+00  3.873128e-01]
 [ 2.904145e+00  4.963046e-01]
 [ 2.704995e+00  6.454492e-01]
 [ 2.502401e+00  8.229738e-01]
 [ 2.292199e+00  1.023948e+00]
 [ 2.081328e+00  1.237615e+00]
 [ 1.870227e+00  1.452897e+00]
 [ 1.659039e+00  1.668585e+00]
 [ 1.447175e+00  1.877596e+00]
 [ 1.236846e+00  2.081172e+00]
 [ 1.028357e+00  2.283512e+00]
 [ 8.213008e-01  2.486629e+00]
 [ 6.142042e-01  2.691330e+00]
 [ 4.120349e-01  2.899029e+00]
 [ 2.145040e-01  3.108033e+00]
 [ 3.300611e-02  3.316305e+00]
 [-1.165356e-01  3.512785e+00]
 [-2.343070e-01  3.694516e+00]
 [-3.209882e-01  3.825189e+00]
 [-3.798185e-01  3.896509e+00]
 [-4.169053e-01  3.908522e+00]
 [-4.402108e-01  3.865777e+00]
 [-4.549035e-01  3.780722e+00]
 [-4.680229e-01  3.661244e+00]
 [-4.839821e-01  3.534767e+00]
 [-5.043439e-01  3.430942e+00]
 [-5.272109e-01  3.380581e+00]
 [-5.496601e-01  3.387414e+00]
 [-5.701273e-01  3.441589e+00]
 [-5.883862e-01  3.534654e+00]
 [-6.048620e-01  3.660505e+00]
 [-6.184073e-01  3.816678e+00]
 [-6.235389e-01  3.983124e+00]
 [-6.152591e-01  4.153799e+00]
 [-5.949661e-01  4.328580e+00]
 [-5.636817e-01  4.498699e+00]
 [-5.239778e-01  4.656607e+00]
 [-4.766974e-01  4.791921e+00]
 [-4.225159e-01  4.889237e+00]
 [-3.626238e-01  4.926498e+00]
 [-2.993650e-01  4.891904e+00]
 [-2.323382e-01  4.787231e+00]
 [-1.600554e-01  4.625272e+00]
 [-7.949415e-02  4.421942e+00]
 [ 6.338220e-03  4.203041e+00]
 [ 9.317992e-02  3.987117e+00]
 [ 1.843855e-01  3.775249e+00]
 [ 2.781802e-01  3.566125e+00]
 [ 3.814331e-01  3.369148e+00]
 [ 5.139844e-01  3.179286e+00]
 [ 6.822631e-01  2.986477e+00]
 [ 8.755792e-01  2.785830e+00]
 [ 1.079619e+00  2.588724e+00]
 [ 1.292312e+00  2.409971e+00]
 [ 1.511689e+00  2.234020e+00]
 [ 1.735869e+00  2.070300e+00]
 [ 1.960686e+00  1.913352e+00]
 [ 2.182060e+00  1.743361e+00]
 [ 2.400797e+00  1.575132e+00]
 [ 2.616996e+00  1.412184e+00]
 [ 2.831340e+00  1.263749e+00]
 [ 3.043365e+00  1.131494e+00]
 [ 3.253305e+00  1.015292e+00]
 [ 3.464936e+00  9.085417e-01]
 [ 3.678481e+00  8.121995e-01]
 [ 3.889082e+00  7.318825e-01]
 [ 4.095909e+00  6.685562e-01]
 [ 4.296864e+00  6.287151e-01]
 [ 4.488326e+00  6.102659e-01]
 [ 4.646478e+00  6.040096e-01]
 [ 4.759636e+00  6.088278e-01]
 [ 4.812565e+00  6.247208e-01]
 [ 4.809723e+00  6.456904e-01]
 [ 4.749263e+00  6.712593e-01]
 [ 4.636583e+00  7.028328e-01]
 [ 4.488055e+00  7.310045e-01]
 [ 4.334186e+00  7.609175e-01]
 [ 4.179982e+00  7.908062e-01]
 [ 4.105150e+00  8.236382e-01]
 [ 4.103952e+00  8.594688e-01]
 [ 4.167130e+00  8.972281e-01]
 [ 4.274049e+00  9.370785e-01]
 [ 4.381199e+00  9.795901e-01]
 [ 4.500489e+00  1.025199e+00]
 [ 4.619975e+00  1.068284e+00]
 [ 4.737258e+00 -1.235117e-01]
 [ 4.834769e+00 -7.249451e-02]
 [ 4.929095e+00 -5.507024e-02]
 [ 5.006647e+00  4.873809e-02]
 [ 5.046691e+00  1.466490e-01]
 [ 5.006118e+00  2.389184e-01]
 [ 4.956481e+00  3.267099e-01]
 [ 4.867115e+00  4.097991e-01]
 [ 4.740659e+00  4.838376e-01]
 [ 4.581320e+00  5.525932e-01]
 [ 4.403564e+00  6.199316e-01]
 [ 4.210097e+00  6.878811e-01]
 [ 4.006157e+00  7.539785e-01]
 [ 3.793380e+00  8.203510e-01]
 [ 3.575710e+00  8.952426e-01]
 [ 3.355111e+00  9.926752e-01]
 [ 3.134001e+00  1.111944e+00]
 [ 2.912762e+00  1.251145e+00]
 [ 2.695158e+00  1.410658e+00]
 [ 2.485541e+00  1.582263e+00]
 [ 2.283289e+00  1.760966e+00]
 [ 2.086479e+00  1.944909e+00]
 [ 1.896423e+00  2.128652e+00]
 [ 1.710371e+00  2.307480e+00]
 [ 1.530405e+00  2.479561e+00]
 [ 1.362302e+00  2.644668e+00]
 [ 1.208730e+00  2.801308e+00]
 [ 1.072629e+00  2.950484e+00]
 [ 9.514164e-01  3.093193e+00]
 [ 8.452579e-01  3.227789e+00]
 [ 7.535861e-01  3.353282e+00]
 [ 6.745235e-01  3.459370e+00]
 [ 6.137723e-01  3.528409e+00]
 [ 5.674189e-01  3.558609e+00]
 [ 5.325796e-01  3.551505e+00]
 [ 5.047877e-01  3.511233e+00]
 [ 4.817433e-01  3.446179e+00]
 [ 4.616671e-01  3.363131e+00]
 [ 4.420628e-01  3.278877e+00]
 [ 4.229117e-01  3.196348e+00]
 [ 4.050790e-01  3.115634e+00]
 [ 3.887453e-01  3.055231e+00]
 [-1.030077e-01  3.003456e+00]
 [-6.743173e-02  2.946265e+00]
 [-5.114439e-02  2.886658e+00]
 [-3.863326e-02  2.819976e+00]
 [-2.925012e-02  2.727699e+00]
 [-2.216535e-02  2.614211e+00]
 [-1.668551e-02  2.485936e+00]
 [-1.254644e-02  2.355076e+00]
 [-9.564364e-03  2.232994e+00]
 [-7.365961e-03  2.116194e+00]
 [-7.374759e-03  2.004684e+00]
 [-9.735744e-03  1.896582e+00]
 [-1.409671e-02  1.786806e+00]
 [-2.004812e-02  1.676724e+00]
 [-2.621629e-02  1.565361e+00]
 [-3.264182e-02  1.452089e+00]
 [-3.843264e-02  1.337978e+00]
 [-4.368264e-02  1.224084e+00]
 [-4.828230e-02  1.109204e+00]
 [-5.323970e-02  9.944654e-01]
 [-5.888030e-02  8.797440e-01]
 [-6.406780e-02  7.646614e-01]
 [-6.890550e-02  6.508187e-01]
 [-7.333404e-02  5.378912e-01]
 [-7.763734e-02  4.258198e-01]
 [-8.188435e-02  3.143884e-01]
 [-8.557130e-02  2.023328e-01]
 [-8.900409e-02  9.110510e-02]
 [-9.169723e-02 -1.996819e-02]
 [-9.419190e-02 -1.302879e-01]
 [-9.604991e-02 -2.391377e-01]
 [-9.762634e-02 -3.453404e-01]
 [-9.817706e-02 -4.490209e-01]
 [-9.840071e-02 -5.499747e-01]
 [-9.775532e-02 -6.476217e-01]
 [-9.654385e-02 -7.418097e-01]
 [-9.520692e-02 -8.328578e-01]
 [-9.430081e-02 -9.201375e-01]
 [-9.317110e-02 -1.003357e+00]
 [-9.171517e-02 -1.082887e+00]
 [-8.987053e-02 -1.158024e+00]
 [-8.662458e-02 -1.228448e+00]
 [-8.228246e-02 -1.293979e+00]
 [-7.667740e-02 -1.354879e+00]
 [-7.035252e-02 -1.411088e+00]
 [-6.312861e-02 -1.462435e+00]
 [-5.494116e-02 -1.509242e+00]
 [-4.616120e-02 -1.551422e+00]
 [-3.699023e-02 -1.589694e+00]
 [-2.734991e-02 -1.625991e+00]
 [-1.745055e-02 -1.664979e+00]
 [-9.356312e-03 -1.705739e+00]
 [-1.619209e-03 -1.749260e+00]
 [ 6.014928e-03 -1.794302e+00]
 [ 1.312634e-02 -1.838381e+00]
 [ 1.920530e-02 -1.879728e+00]
 [ 2.484192e-02 -1.916417e+00]
 [ 1.158715e-02 -1.920494e+00]
 [ 1.778521e-02 -1.901221e+00]
 [ 1.889671e-02 -1.908457e+00]
 [ 1.965232e-02 -1.910968e+00]
 [ 8.509810e-03 -1.893850e+00]
 [ 1.807769e-02 -1.873434e+00]
 [ 1.297213e-02 -1.872765e+00]
 [ 2.648149e-03 -1.889183e+00]
 [ 5.784019e-03 -1.897163e+00]
 [ 2.085450e-02 -1.913008e+00]
 [ 2.677302e-02 -1.903510e+00]
 [ 3.727579e-02 -1.898965e+00]
 [ 5.129814e-02 -1.894711e+00]
 [ 4.502725e-02 -1.883275e+00]
 [ 4.096067e-02 -1.882111e+00]
 [ 4.820996e-02 -1.869417e+00]
 [ 5.616003e-02 -1.873870e+00]
 [ 6.340877e-02 -1.864511e+00]
 [ 8.793762e-02 -1.867623e+00]
 [-1.513210e-01 -3.734270e-01]
 [-1.455639e-01 -5.180647e-01]
 [-1.435268e-01 -6.644727e-01]
 [-1.438309e-01 -8.118381e-01]
 [-1.457144e-01 -9.609028e-01]
 [-1.487907e-01 -1.112635e+00]
 [-1.531699e-01 -1.270443e+00]
 [-1.604761e-01 -1.435332e+00]
 [-1.720745e-01 -1.603064e+00]
 [-1.896594e-01 -1.773735e+00]
 [-2.145332e-01 -1.945863e+00]
 [-2.438932e-01 -2.114326e+00]
 [-2.757227e-01 -2.280797e+00]
 [-3.098882e-01 -2.440201e+00]
 [-3.464716e-01 -2.604504e+00]
 [-3.868653e-01 -2.789757e+00]
 [-4.295499e-01 -2.969828e+00]
 [-4.728664e-01 -3.137931e+00]
 [-5.105157e-01 -3.288324e+00]
 [-5.434656e-01 -3.426177e+00]
 [-5.712904e-01 -3.555461e+00]
 [-5.936005e-01 -3.676682e+00]
 [-6.112767e-01 -3.786618e+00]
 [-6.253908e-01 -3.884968e+00]
 [-6.366043e-01 -3.969175e+00]
 [-6.443160e-01 -4.030318e+00]
 [-6.488405e-01 -4.060512e+00]
 [-6.510448e-01 -4.063756e+00]
 [-6.502253e-01 -4.041922e+00]
 [-6.467245e-01 -3.999286e+00]
 [-6.416025e-01 -3.937703e+00]
 [-6.341197e-01 -3.868307e+00]
 [-6.246940e-01 -3.797926e+00]
 [-6.133189e-01 -3.727000e+00]
 [-6.004806e-01 -3.662319e+00]
 [-5.827709e-01 -3.642448e+00]
 [-5.606723e-01 -3.664441e+00]
 [-5.343566e-01 -3.723768e+00]
 [-5.047774e-01 -3.811541e+00]
 [-4.717009e-01 -3.926256e+00]
 [-4.353209e-01 -4.044737e+00]
 [-3.964640e-01 -4.167953e+00]
 [-3.543705e-01 -4.294908e+00]
 [-3.097813e-01 -4.426149e+00]
 [-2.643140e-01 -4.561818e+00]
 [-2.185749e-01 -4.698897e+00]
 [-1.734248e-01 -4.833798e+00]
 [-1.328271e-01 -4.949053e+00]
 [-9.751610e-02 -5.005446e+00]
 [-6.533649e-02 -4.992598e+00]
 [-3.567426e-02 -4.918146e+00]
 [-9.280046e-03 -4.785326e+00]
 [ 1.503035e-02 -4.602216e+00]
 [ 3.967544e-02 -4.394862e+00]
 [ 7.004138e-02 -4.178914e+00]
 [ 1.080436e-01 -3.957242e+00]
 [ 1.545577e-01 -3.733543e+00]
 [ 2.144128e-01 -3.511400e+00]
 [ 3.025042e-01 -3.292024e+00]
 [ 4.283486e-01 -3.070484e+00]
 [ 5.792169e-01 -2.848866e+00]
 [ 7.471699e-01 -2.629781e+00]
 [ 9.278069e-01 -2.412539e+00]
 [ 1.116192e+00 -2.191703e+00]
 [ 1.310826e+00 -1.969296e+00]
 [ 1.513081e+00 -1.748378e+00]
 [ 1.719505e+00 -1.530174e+00]
 [ 1.929177e+00 -1.315869e+00]
 [ 2.141000e+00 -1.106422e+00]
 [ 2.351167e+00 -9.070641e-01]
 [ 2.560059e+00 -7.135010e-01]
 [ 2.767253e+00 -5.295790e-01]
 [ 2.972944e+00 -3.595088e-01]
 [ 3.178848e+00 -2.119672e-01]
 [ 3.381075e+00 -8.568212e-02]
 [ 3.579288e+00  2.155250e-02]
 [ 3.775187e+00  1.066020e-01]
 [ 3.967829e+00  1.745308e-01]
 [ 4.156820e+00  2.289888e-01]
 [ 4.339232e+00  2.675198e-01]
 [ 4.513489e+00  2.930722e-01]
 [ 4.675408e+00  3.058704e-01]
 [ 4.799285e+00  3.116623e-01]
 [ 4.863501e+00  3.122672e-01]
 [ 4.865997e+00  3.076724e-01]
 [ 4.809525e+00  2.993614e-01]
 [ 4.702571e+00  2.878314e-01]
 [ 4.550398e+00  2.704748e-01]
 [ 4.397490e+00  2.531041e-01]
 [ 4.242889e+00  2.357068e-01]
 [ 4.093026e+00  2.193370e-01]
 [ 3.985951e+00  2.017030e-01]
 [ 3.961529e+00  1.837762e-01]
 [ 4.034359e+00  1.704512e-01]
 [ 4.188054e+00  1.599537e-01]
 [ 4.345509e+00  1.467569e-01]
 [ 4.504832e+00  1.294117e-01]
 [ 4.668888e+00  1.091213e-01]
 [ 4.837547e+00  8.587123e-02]
 [ 5.005165e+00  6.275035e-02]
 [ 5.160731e+00  4.256967e-02]
 [ 5.129656e+00  2.628243e-02]
 [ 5.095487e+00  1.587370e-02]
 [ 5.041312e+00  1.216732e-02]
 [ 4.988221e+00  1.753283e-02]
 [ 4.924479e+00  2.717965e-02]
 [ 4.831769e+00  4.025325e-02]
 [ 4.698086e+00  5.644574e-02]
 [ 4.560310e+00  7.481764e-02]
 [ 4.420925e+00  9.503784e-02]
 [ 4.293879e+00  1.160899e-01]
 [ 4.202046e+00  1.412189e-01]
 [ 4.156147e+00  1.685701e-01]
 [ 4.173986e+00  1.994277e-01]
 [ 4.254846e+00  2.339292e-01]
 [ 4.382850e+00  2.683825e-01]
 [ 4.542380e+00  3.018645e-01]
 [ 4.713924e+00  3.321044e-01]
 [ 4.891265e+00  3.595577e-01]
 [ 5.069253e+00  3.869027e-01]
 [ 5.160373e+00  4.137235e-01]
 [ 5.133836e+00  4.353871e-01]
 [ 5.114625e+00  4.540419e-01]
 [ 5.089996e+00  4.688413e-01]
 [ 5.050804e+00  4.775867e-01]
 [ 5.007210e+00  4.811415e-01]
 [ 4.960935e+00  4.829350e-01]
 [ 4.871097e+00  4.852917e-01]
 [ 4.736702e+00  4.877774e-01]
 [ 4.582170e+00  4.905488e-01]
 [ 4.424260e+00  4.959382e-01]
 [ 4.267479e+00  5.072489e-01]
 [ 4.116268e+00  5.221149e-01]
 [ 4.008732e+00  5.374731e-01]
 [ 3.970569e+00  5.573692e-01]
 [ 4.015566e+00  5.798450e-01]
 [ 4.128894e+00  6.015271e-01]
 [ 4.272878e+00  6.229922e-01]
 [ 4.431170e+00  6.430992e-01]
 [ 4.592169e+00  6.581377e-01]
 [ 4.747931e+00  6.626600e-01]
 [ 4.897045e+00  6.567056e-01]
 [ 5.034661e+00  6.402689e-01]
 [ 5.120128e+00  6.133786e-01]
 [ 5.086932e+00  5.800424e-01]
 [ 5.025329e+00  5.465123e-01]
 [ 4.956714e+00  5.173341e-01]
 [ 4.843684e+00  4.922434e-01]
 [ 4.672831e+00  4.732711e-01]
 [ 4.466521e+00  4.650912e-01]
 [ 4.243958e+00  4.662852e-01]
 [ 4.022598e+00  4.749077e-01]
 [ 3.801846e+00  4.929777e-01]
 [ 3.583290e+00  5.244510e-01]
 [ 3.369710e+00  5.745904e-01]
 [ 3.165625e+00  6.489530e-01]
 [ 2.959798e+00  7.665373e-01]
 [ 2.750566e+00  9.214489e-01]
 [ 2.536690e+00  1.099972e+00]
 [ 2.321951e+00  1.292144e+00]
 [ 2.110405e+00  1.492711e+00]
 [ 1.899789e+00  1.697231e+00]
 [ 1.696947e+00  1.905326e+00]
 [ 1.492075e+00  2.111820e+00]
 [ 1.285460e+00  2.316530e+00]
 [ 1.080246e+00  2.521905e+00]
 [ 8.770624e-01  2.729118e+00]
 [ 6.771166e-01  2.939737e+00]
 [ 4.848165e-01  3.153142e+00]
 [ 3.040318e-01  3.368316e+00]
 [ 1.421222e-01  3.581915e+00]
 [ 9.423118e-03  3.789425e+00]
 [-9.731952e-02  3.986547e+00]
 [-1.816931e-01  4.168317e+00]
 [-2.388796e-01  4.291112e+00]
 [-2.736184e-01  4.355429e+00]
 [-2.938793e-01  4.360510e+00]
 [-3.067990e-01  4.307042e+00]
 [-3.159618e-01  4.213103e+00]
 [-3.243016e-01  4.088138e+00]
 [-3.346886e-01  3.960994e+00]
 [-3.461421e-01  3.839939e+00]
 [-3.613074e-01  3.773046e+00]
 [-3.802849e-01  3.767415e+00]
 [-4.008352e-01  3.815198e+00]
 [-4.178860e-01  3.911018e+00]
 [-4.278785e-01  4.047163e+00]
 [-4.288101e-01  4.205797e+00]
 [-4.195252e-01  4.368670e+00]
 [-4.020091e-01  4.536184e+00]
 [-3.776368e-01  4.699124e+00]
 [-3.463387e-01  4.848881e+00]
 [-3.079433e-01  4.977217e+00]
 [-2.645565e-01  5.065533e+00]
 [-2.192144e-01  5.019103e+00]
 [-1.716831e-01  4.947793e+00]
 [-1.214360e-01  4.828328e+00]
 [-6.449769e-02  4.650182e+00]
 [ 2.478665e-03  4.431480e+00]
 [ 7.669118e-02  4.208358e+00]
 [ 1.543999e-01  3.990063e+00]
 [ 2.379155e-01  3.775556e+00]
 [ 3.258870e-01  3.562891e+00]
 [ 4.287554e-01  3.365266e+00]
 [ 5.623122e-01  3.169826e+00]
 [ 7.311528e-01  2.970688e+00]
 [ 9.232108e-01  2.766372e+00]
 [ 1.124515e+00  2.566056e+00]
 [ 1.335277e+00  2.385957e+00]
 [ 1.553907e+00  2.209636e+00]
 [ 1.776565e+00  2.049825e+00]
 [ 2.000037e+00  1.877634e+00]
 [ 2.219402e+00  1.704812e+00]
 [ 2.436475e+00  1.534690e+00]
 [ 2.651207e+00  1.371872e+00]
 [ 2.863880e+00  1.223831e+00]
 [ 3.074262e+00  1.091515e+00]
 [ 3.283453e+00  9.751092e-01]
 [ 3.495107e+00  8.674930e-01]
 [ 3.707581e+00  7.724141e-01]
 [ 3.916884e+00  6.931093e-01]
 [ 4.121969e+00  6.357954e-01]
 [ 4.319889e+00  6.002365e-01]
 [ 4.500639e+00  5.841572e-01]
 [ 4.641762e+00  5.802215e-01]
 [ 4.733524e+00  5.866513e-01]
 [ 4.765864e+00  6.046256e-01]
 [ 4.740796e+00  6.272651e-01]
 [ 4.658956e+00  6.546876e-01]
 [ 4.528861e+00  6.828156e-01]
 [ 4.380705e+00  7.102245e-01]
 [ 4.228796e+00  7.383367e-01]
 [ 4.108555e+00  7.684169e-01]
 [ 4.068614e+00  8.013299e-01]
 [ 4.098078e+00  8.379851e-01]
 [ 4.182942e+00  8.758417e-01]
 [ 4.293228e+00  9.163362e-01]
 [ 4.404258e+00  9.605278e-01]
 [ 4.524513e+00  1.005983e+00]
 [ 4.643013e+00 -7.879587e-02]
 [ 4.744323e+00 -4.073481e-02]
 [ 4.844425e+00 -3.111642e-02]
 [ 4.936750e+00 -2.348565e-02]
 [ 5.002530e+00  7.864207e-02]
 [ 5.030346e+00  1.751961e-01]
 [ 4.987027e+00  2.663428e-01]
 [ 4.926874e+00  3.531136e-01]
 [ 4.823509e+00  4.333030e-01]
 [ 4.683281e+00  5.056127e-01]
 [ 4.516030e+00  5.738418e-01]
 [ 4.331589e+00  6.417837e-01]
 [ 4.134243e+00  7.098221e-01]
 [ 3.926995e+00  7.752745e-01]
 [ 3.712054e+00  8.449816e-01]
 [ 3.492731e+00  9.281657e-01]
 [ 3.272819e+00  1.034525e+00]
 [ 3.050992e+00  1.161908e+00]
 [ 2.830611e+00  1.309862e+00]
 [ 2.616270e+00  1.475132e+00]
 [ 2.409311e+00  1.649514e+00]
 [ 2.207949e+00  1.831082e+00]
 [ 2.013868e+00  2.015334e+00]
 [ 1.825446e+00  2.197656e+00]
 [ 1.641385e+00  2.373939e+00]
 [ 1.465066e+00  2.543360e+00]
 [ 1.302303e+00  2.705637e+00]
 [ 1.155444e+00  2.859096e+00]
 [ 1.025205e+00  3.006170e+00]
 [ 9.096304e-01  3.146216e+00]
 [ 8.095556e-01  3.277652e+00]
 [ 7.223235e-01  3.400093e+00]
 [ 6.513016e-01  3.492402e+00]
 [ 5.957780e-01  3.548617e+00]
 [ 5.550662e-01  3.562885e+00]
 [ 5.228809e-01  3.543120e+00]
 [ 4.972044e-01  3.491427e+00]
 [ 4.757924e-01  3.417735e+00]
 [ 4.560878e-01  3.331138e+00]
 [ 4.364152e-01  3.247408e+00]
 [ 4.177035e-01  3.164796e+00]
 [ 4.001795e-01  3.090712e+00]
 [-2.460932e-02  3.035206e+00]
 [-1.358895e-02  3.007607e+00]
 [-9.185287e-03  2.979684e+00]
 [-6.806803e-03  2.964737e+00]
 [-3.203123e-02  2.971234e+00]
 [-3.286365e-02  2.985730e+00]
 [-1.500559e-02  2.982539e+00]
 [-1.321333e-02  2.993179e+00]
 [-5.380154e-03  2.973711e+00]
 [-2.891468e-03  2.976695e+00]
 [-3.710448e-03  2.966120e+00]
 [ 8.483764e-03  2.959718e+00]
 [ 7.992066e-03  2.936643e+00]
 [ 8.373158e-03  2.935342e+00]
 [ 1.777953e-02  2.921822e+00]
 [ 1.544709e-02  2.903996e+00]
 [-5.141137e-03  2.910744e+00]
 [-4.062186e-03  2.904812e+00]
 [-1.866402e-03  2.905900e+00]
 [-3.655335e-02  2.906816e+00]
 [ 2.963336e-01  6.115532e-02]
 [ 4.613485e-01  1.433768e-01]
 [ 6.303648e-01  2.209128e-01]
 [ 8.005838e-01  2.896967e-01]
 [ 9.699197e-01  3.489724e-01]
 [ 1.137898e+00  3.992002e-01]
 [ 1.301958e+00  4.420479e-01]
 [ 1.464006e+00  4.770848e-01]
 [ 1.622230e+00  5.035942e-01]
 [ 1.782522e+00  5.274733e-01]
 [ 1.943907e+00  5.514538e-01]
 [ 2.104083e+00  5.775465e-01]
 [ 2.260678e+00  6.062844e-01]
 [ 2.417307e+00  6.366177e-01]
 [ 2.576450e+00  6.681997e-01]
 [ 2.736050e+00  7.023300e-01]
 [ 2.897126e+00  7.376308e-01]
 [ 3.055411e+00  7.742515e-01]
 [ 3.208473e+00  8.117040e-01]
 [ 3.352101e+00  8.490760e-01]
 [ 3.484394e+00  8.881139e-01]
 [ 3.599747e+00  9.289223e-01]
 [ 3.672587e+00  9.717010e-01]
 [ 3.700323e+00  1.015492e+00]
 [ 3.679389e+00  1.060178e+00]
 [ 3.620812e+00  1.103067e+00]
 [ 3.539038e+00  1.138571e+00]
 [ 3.454961e+00  1.165879e+00]
 [ 3.367582e+00  1.185694e+00]
 [ 3.282682e+00  1.201053e+00]
 [ 3.216293e+00  1.213835e+00]
 [ 3.202578e+00 -2.430131e-01]
 [ 3.188032e+00 -1.573407e-01]
 [ 3.227843e+00 -1.188779e-01]
 [ 3.304875e+00 -8.929423e-02]
 [ 3.409691e+00 -6.698585e-02]
 [ 3.545996e+00 -5.028420e-02]
 [ 3.691612e+00 -3.779723e-02]
 [ 3.841131e+00 -2.851005e-02]
 [ 3.991548e+00 -2.159600e-02]
 [ 4.142720e+00 -1.595590e-02]
 [ 4.291914e+00 -1.146066e-02]
 [ 4.440496e+00 -8.121661e-03]
 [ 4.584742e+00 -5.651212e-03]
 [ 4.720859e+00 -4.041089e-03]
 [ 4.839913e+00  6.893600e-02]
 [ 4.908669e+00  1.388402e-01]
 [ 4.917998e+00  2.041450e-01]
 [ 4.868772e+00  2.647590e-01]
 [ 4.755600e+00  3.197540e-01]
 [ 4.598005e+00  3.683454e-01]
 [ 4.415386e+00  4.130678e-01]
 [ 4.226077e+00  4.565806e-01]
 [ 4.031032e+00  5.003604e-01]
 [ 3.830946e+00  5.463991e-01]
 [ 3.625540e+00  5.945942e-01]
 [ 3.418960e+00  6.506413e-01]
 [ 3.211403e+00  7.281922e-01]
 [ 3.002244e+00  8.320741e-01]
 [ 2.790873e+00  9.628678e-01]
 [ 2.581774e+00  1.110138e+00]
 [ 2.374911e+00  1.267379e+00]
 [ 2.168166e+00  1.433187e+00]
 [ 1.958722e+00  1.605515e+00]
 [ 1.747225e+00  1.780021e+00]
 [ 1.534825e+00  1.954803e+00]
 [ 1.322340e+00  2.129474e+00]
 [ 1.113651e+00  2.301904e+00]
 [ 9.108416e-01  2.470689e+00]
 [ 7.247719e-01  2.635086e+00]
 [ 5.561134e-01  2.789875e+00]
 [ 4.091979e-01  2.921213e+00]
 [ 2.797339e-01  3.029166e+00]
 [ 1.645291e-01  3.112905e+00]
 [ 5.867202e-02  3.170855e+00]
 [-3.987342e-02  3.202707e+00]
 [-1.321195e-01  3.216772e+00]
 [-2.211819e-01  3.221873e+00]
 [-3.081574e-01  3.246066e+00]
 [-3.939416e-01  3.307832e+00]
 [-4.774705e-01  3.402077e+00]
 [-5.565736e-01  3.528890e+00]
 [-6.319284e-01  3.688709e+00]
 [-7.004790e-01  3.879074e+00]
 [-7.615702e-01  4.077607e+00]
 [-8.136847e-01  4.279209e+00]
 [-8.542548e-01  4.482603e+00]
 [-8.833932e-01  4.686238e+00]
 [-9.012222e-01  4.886933e+00]
 [-9.075360e-01  5.084372e+00]
 [-9.048405e-01  5.193546e+00]
 [-8.959057e-01  5.188405e+00]
 [-8.824235e-01  5.163250e+00]
 [-8.646101e-01  5.126107e+00]
 [-8.431806e-01  5.089344e+00]
 [-8.181178e-01  5.049899e+00]
 [-7.898889e-01  5.007607e+00]
 [-7.579129e-01  4.966729e+00]
 [-7.238818e-01  4.891740e+00]
 [-6.902385e-01  4.781772e+00]
 [-6.596330e-01  4.655631e+00]
 [-6.357938e-01  4.517784e+00]
 [-6.207680e-01  4.370643e+00]
 [-6.158615e-01  4.219756e+00]
 [-6.224753e-01  4.063778e+00]
 [-6.434298e-01  3.903556e+00]
 [-6.818044e-01  3.740647e+00]
 [-7.416394e-01  3.573917e+00]
 [-8.267094e-01  3.404092e+00]
 [-9.378794e-01  3.228716e+00]
 [-1.072247e+00  3.049046e+00]
 [-1.228752e+00  2.867016e+00]
 [-1.403608e+00  2.684435e+00]
 [-1.587492e+00  2.505084e+00]
 [-1.774415e+00 -9.973920e-02]
 [-1.985188e+00 -1.952229e-01]
 [-2.192328e+00 -2.866828e-01]
 [-2.397005e+00 -3.808840e-01]
 [-2.599239e+00 -4.784945e-01]
 [-2.798513e+00 -5.762393e-01]
 [-2.995495e+00 -6.670538e-01]
 [-3.192092e+00 -7.502438e-01]
 [-3.388907e+00 -8.246142e-01]
 [-3.583466e+00 -8.893873e-01]
 [-3.772654e+00 -9.394298e-01]
 [-3.953415e+00 -9.703413e-01]
 [-4.126950e+00 -9.893308e-01]
 [-4.285236e+00 -9.980970e-01]
 [-4.406075e+00 -9.906114e-01]
 [-4.465930e+00 -9.664811e-01]
 [-4.467880e+00 -9.292873e-01]
 [-4.408705e+00 -8.822570e-01]
 [-4.298882e+00 -8.283647e-01]
 [-4.155512e+00 -7.665994e-01]
 [-3.994548e+00 -6.967990e-01]
 [-3.828054e+00 -6.197898e-01]
 [-3.675515e+00 -5.372895e-01]
 [-3.549865e+00 -4.532356e-01]
 [-3.495212e+00 -3.652642e-01]
 [-3.520259e+00 -2.761341e-01]
 [-3.618524e+00 -1.910233e-01]
 [-3.755941e+00 -1.105787e-01]
 [-3.902567e+00 -3.443325e-02]
 [-4.053480e+00  3.721826e-02]
 [-4.204400e+00  1.041168e-01]
 [-4.352496e+00  1.641049e-01]
 [-4.491841e+00  2.125673e-01]
 [-4.620275e+00  2.459549e-01]
 [-4.741024e+00  2.664965e-01]
 [-4.823797e+00  2.736960e-01]
 [-4.832819e+00  2.695431e-01]
 [-4.772352e+00  2.590796e-01]
 [-4.646770e+00  2.469171e-01]
 [-4.460845e+00  2.371112e-01]
 [-4.246669e+00  2.350983e-01]
 [-4.023987e+00  2.457626e-01]
 [-3.802038e+00  2.749301e-01]
 [-3.580592e+00  3.217155e-01]
 [-3.362887e+00  3.864587e-01]
 [-3.157190e+00  4.761823e-01]
 [-2.957412e+00  5.850113e-01]
 [-2.760378e+00  7.043554e-01]
 [-2.568864e+00  8.478001e-01]
 [-2.386173e+00  1.015933e+00]
 [-2.205951e+00  1.200733e+00]
 [-2.026092e+00  1.395465e+00]
 [-1.844689e+00  1.599608e+00]
 [-1.663225e+00  1.805512e+00]
 [-1.486265e+00  2.013122e+00]
 [-1.313162e+00  2.221662e+00]
 [-1.146813e+00  2.430695e+00]
 [-9.780033e-01  2.636765e+00]
 [-8.092455e-01  2.837067e+00]
 [-6.519927e-01  3.033598e+00]
 [-5.124116e-01  3.223021e+00]
 [-3.898059e-01  3.388852e+00]
 [-2.795333e-01  3.530404e+00]
 [-1.817138e-01  3.641207e+00]
 [-9.574590e-02  3.722354e+00]
 [-2.254776e-02  3.773913e+00]
 [ 3.901594e-02  3.793001e+00]
 [ 9.256802e-02  3.774736e+00]
 [ 1.386597e-01  3.720481e+00]
 [ 1.774111e-01  3.652146e+00]
 [ 2.103702e-01  3.578842e+00]
 [ 2.400163e-01  3.514079e+00]
 [ 2.672693e-01  3.501532e+00]
 [ 2.926223e-01  3.535072e+00]
 [ 3.158467e-01  3.605879e+00]
 [ 3.360885e-01  3.708524e+00]
 [ 3.521809e-01  3.841495e+00]
 [ 3.633972e-01  4.006092e+00]
 [ 3.708021e-01  4.180958e+00]
 [ 3.749008e-01  4.353945e+00]
 [ 3.751716e-01  4.522193e+00]
 [ 3.721856e-01  4.683855e+00]
 [ 3.636213e-01  4.832376e+00]
 [ 3.523176e-01  4.955390e+00]
 [ 3.461932e-01  5.029643e+00]
 [ 3.483625e-01  5.011377e+00]
 [ 3.575048e-01  4.945796e+00]
 [ 3.708734e-01  4.832608e+00]
 [ 3.877116e-01  4.658828e+00]
 [ 4.100999e-01  4.462316e+00]
 [ 4.421031e-01  4.255386e+00]
 [ 4.883367e-01  4.050286e+00]
 [ 5.573190e-01  3.849211e+00]
 [ 6.492263e-01  3.658576e+00]
 [ 7.711737e-01  3.469749e+00]
 [ 9.217439e-01  3.280393e+00]
 [ 1.096263e+00  3.088623e+00]
 [ 1.287921e+00  2.891591e+00]
 [ 1.493258e+00  2.714190e+00]
 [ 1.706222e+00  2.551206e+00]
 [ 1.921550e+00  2.394645e+00]
 [ 2.137856e+00  2.250650e+00]
 [ 2.354419e+00  2.113884e+00]
 [ 2.570559e+00  1.961138e+00]
 [ 2.785154e+00  1.798193e+00]
 [ 2.997475e+00  1.649928e+00]
 [ 3.208253e+00  1.518863e+00]
 [ 3.417281e+00  1.402543e+00]
 [ 3.627407e+00  1.293989e+00]
 [ 3.838055e+00  1.190073e+00]
 [ 4.048005e+00  1.098982e+00]
 [ 4.253181e+00  1.019138e+00]
 [ 4.452318e+00  9.510882e-01]
 [ 4.639458e+00  9.014876e-01]
 [ 4.793349e+00  8.620801e-01]
 [ 4.903172e+00  8.340216e-01]
 [ 4.960186e+00  8.204525e-01]
 [ 4.962888e+00  8.191060e-01]
 [ 4.910151e+00  8.272497e-01]
 [ 4.801701e+00  8.392045e-01]
 [ 4.651027e+00  8.511536e-01]
 [ 4.492016e+00  8.648585e-01]
 [ 4.328506e+00  8.837047e-01]
 [ 4.247607e+00  9.046275e-01]
 [ 4.244741e+00  9.292517e-01]
 [ 4.309588e+00  9.567065e-01]
 [ 4.410987e+00  9.873586e-01]
 [ 4.517636e+00  1.021773e+00]
 [ 4.632865e+00 -2.298964e-01]
 [ 4.724953e+00 -1.505727e-01]
 [ 4.821676e+00 -1.137979e-01]
 [ 4.916486e+00 -8.565238e-02]
 [ 5.009265e+00 -6.446739e-02]
 [ 5.069937e+00  3.983685e-02]
 [ 5.035668e+00  1.383387e-01]
 [ 4.987314e+00  2.322380e-01]
 [ 4.927381e+00  3.214912e-01]
 [ 4.824224e+00  4.045186e-01]
 [ 4.683661e+00  4.784318e-01]
 [ 4.516104e+00  5.480134e-01]
 [ 4.330767e+00  6.171739e-01]
 [ 4.133179e+00  6.872219e-01]
 [ 3.925521e+00  7.546805e-01]
 [ 3.710641e+00  8.260945e-01]
 [ 3.491935e+00  9.095600e-01]
 [ 3.271977e+00  1.015938e+00]
 [ 3.050910e+00  1.143156e+00]
 [ 2.831379e+00  1.290848e+00]
 [ 2.617337e+00  1.456845e+00]
 [ 2.410931e+00  1.632016e+00]
 [ 2.210668e+00  1.814464e+00]
 [ 2.016652e+00  1.999575e+00]
 [ 1.828744e+00  2.183045e+00]
 [ 1.645077e+00  2.360475e+00]
 [ 1.468718e+00  2.531037e+00]
 [ 1.305980e+00  2.694326e+00]
 [ 1.158845e+00  2.848726e+00]
 [ 1.028363e+00  2.996262e+00]
 [ 9.124985e-01  3.136772e+00]
 [ 8.117595e-01  3.269044e+00]
 [ 7.239279e-01  3.392488e+00]
 [ 6.513484e-01  3.489055e+00]
 [ 5.959154e-01  3.546765e+00]
 [ 5.539913e-01  3.566519e+00]
 [ 5.220496e-01  3.549824e+00]
 [ 4.965692e-01  3.500473e+00]
 [ 4.749612e-01  3.429945e+00]
 [ 4.560147e-01  3.342617e+00]
 [ 4.369599e-01  3.258663e+00]
 [ 4.181182e-01  3.176419e+00]
 [ 4.007204e-01  3.099406e+00]
 [ 3.845815e-01  3.042712e+00]
 [-9.479760e-02  2.991292e+00]
 [-6.155715e-02  2.934473e+00]
 [-4.670642e-02  2.872963e+00]
 [-3.532797e-02  2.799815e+00]
 [-2.675466e-02  2.699697e+00]
 [-2.024581e-02  2.580946e+00]
 [-1.520487e-02  2.452260e+00]
 [-1.147176e-02  2.323795e+00]
 [-8.769000e-03  2.204317e+00]
 [-7.124761e-03  2.088696e+00]
 [-7.884547e-03  1.978451e+00]
 [-1.076194e-02  1.869873e+00]
 [-1.518766e-02  1.760604e+00]
 [-2.098851e-02  1.650578e+00]
 [-2.737175e-02  1.539091e+00]
 [-3.357572e-02  1.425678e+00]
 [-3.914903e-02  1.311636e+00]
 [-4.443376e-02  1.197869e+00]
 [-4.923032e-02  1.083101e+00]
 [-5.443023e-02  9.681962e-01]
 [-6.005270e-02  8.535061e-01]
 [-6.500516e-02  7.392486e-01]
 [-6.968112e-02  6.260691e-01]
 [-7.404819e-02  5.136454e-01]
 [-7.820660e-02  4.018084e-01]
 [-8.253026e-02  2.906349e-01]
 [-8.608864e-02  1.787380e-01]
 [-8.957495e-02  6.775996e-02]
 [-9.225562e-02 -4.305875e-02]
 [-9.482949e-02 -1.526964e-01]
 [-9.678556e-02 -2.610882e-01]
 [-9.809619e-02 -3.667635e-01]
 [-9.859337e-02 -4.697203e-01]
 [-9.888622e-02 -5.696774e-01]
 [-9.820003e-02 -6.664103e-01]
 [-9.663959e-02 -7.604274e-01]
 [-9.541923e-02 -8.510256e-01]
 [-9.394182e-02 -9.374003e-01]
 [-9.264839e-02 -1.019811e+00]
 [-9.113427e-02 -1.098403e+00]
 [-8.933803e-02 -1.172428e+00]
 [-8.595139e-02 -1.241793e+00]
 [-8.155786e-02 -1.306317e+00]
 [-7.573053e-02 -1.366221e+00]
 [-6.922822e-02 -1.421350e+00]
 [-6.186978e-02 -1.471761e+00]
 [-5.348906e-02 -1.517740e+00]
 [-4.463052e-02 -1.559201e+00]
 [-3.549161e-02 -1.596717e+00]
 [-2.580242e-02 -1.633984e+00]
 [-1.652643e-02 -1.673039e+00]
 [-8.317584e-03 -1.714438e+00]
 [-3.702957e-04 -1.758332e+00]
 [ 7.111962e-03 -1.803410e+00]
 [ 1.408738e-02 -1.847272e+00]
 [ 1.997815e-02 -1.887915e+00]
 [ 2.519104e-02 -1.923591e+00]
 [ 1.234108e-02 -1.912419e+00]
 [ 1.102391e-02 -1.905823e+00]
 [ 1.108541e-02 -1.882670e+00]
 [-5.764875e-03 -1.865674e+00]
 [-1.952874e-02 -1.847338e+00]
 [-2.540631e-02 -1.840806e+00]
 [-3.914126e-02 -1.848956e+00]
 [-3.435248e-02 -1.826629e+00]
 [-2.681946e-02 -1.823508e+00]
 [-3.100871e-02 -1.817062e+00]
 [-3.468298e-02 -1.807775e+00]
 [-2.974260e-02 -1.825295e+00]
 [-3.153120e-02 -1.814552e+00]
 [-2.219350e-02 -1.787932e+00]
 [-2.006534e-02 -1.768052e+00]
 [-2.490266e-02 -1.761434e+00]
 [-3.833024e-02 -1.763492e+00]
 [-5.988709e-02 -1.756839e+00]
 [-6.460696e-02 -1.740244e+00]
 [-1.328368e-02  2.324683e-01]
 [-7.784770e-02  4.057418e-01]
 [-1.382812e-01  5.758789e-01]
 [-1.945941e-01  7.447702e-01]
 [-2.467750e-01  9.128312e-01]
 [-2.944023e-01  1.079375e+00]
 [-3.383684e-01  1.246089e+00]
 [-3.798794e-01  1.413696e+00]
 [-4.177531e-01  1.583128e+00]
 [-4.517825e-01  1.755594e+00]
 [-4.817089e-01  1.930673e+00]
 [-5.082206e-01  2.108161e+00]
 [-5.312536e-01  2.286595e+00]
 [-5.511433e-01  2.465594e+00]
 [-5.628968e-01  2.645303e+00]
 [-5.627090e-01  2.825317e+00]
 [-5.518854e-01  3.007304e+00]
 [-5.387126e-01  3.188913e+00]
 [-5.238516e-01  3.367525e+00]
 [-5.058557e-01  3.543409e+00]
 [-4.839813e-01  3.711495e+00]
 [-4.580865e-01  3.854589e+00]
 [-4.271376e-01  3.961831e+00]
 [-3.957975e-01  4.030930e+00]
 [-3.658752e-01  4.058386e+00]
 [-3.359576e-01  4.040610e+00]
 [-3.073115e-01  3.972652e+00]
 [-2.819627e-01  3.861904e+00]
 [-2.635322e-01  3.730025e+00]
 [-2.530125e-01  3.590039e+00]
 [-2.537051e-01  3.441833e+00]
 [-2.663543e-01  3.285927e+00]
 [-2.925344e-01  3.122094e+00]
 [-3.368534e-01  2.953361e+00]
 [-4.038428e-01  2.784337e+00]
 [-4.917807e-01  2.615566e+00]
 [-6.024238e-01  2.448836e+00]
 [-7.339732e-01  2.283653e+00]
 [-8.821285e-01  2.120259e+00]
 [-1.046766e+00  1.957371e+00]
 [-1.227999e+00  1.793296e+00]
 [-1.415524e+00  1.629415e+00]
 [-1.603540e+00  1.466398e+00]
 [-1.792231e+00  1.304921e+00]
 [-1.979666e+00  1.147893e+00]
 [-2.165206e+00  9.981618e-01]
 [-2.349401e+00  8.567078e-01]
 [-2.532039e+00  7.249193e-01]
 [-2.713630e+00  6.042695e-01]
 [-2.894499e+00  4.944611e-01]
 [-3.072842e+00  3.921046e-01]
 [-3.248054e+00  2.961001e-01]
 [-3.420387e+00  2.062847e-01]
 [-3.583830e+00  1.250191e-01]
 [-3.728010e+00  5.263117e-02]
 [-3.826974e+00 -1.199658e-02]
 [-3.876383e+00 -6.805559e-02]
 [-3.879937e+00 -1.172645e-01]
 [-3.840769e+00 -1.614158e-01]
 [-3.762255e+00 -2.023697e-01]
 [-3.648108e+00 -2.415488e-01]
 [-3.522323e+00 -2.800791e-01]
 [-3.395935e+00 -3.183981e-01]
 [-3.273139e+00 -3.552945e-01]
 [-3.181598e+00 -3.877898e-01]
 [-3.152159e+00 -4.141271e-01]
 [-3.175512e+00 -4.316865e-01]
 [-3.240447e+00 -4.446086e-01]
 [-3.340419e+00 -4.535167e-01]
 [-3.472215e+00 -4.589950e-01]
 [-3.620635e+00 -4.604332e-01]
 [-3.771215e+00 -4.582261e-01]
 [-3.924003e+00 -4.523021e-01]
 [-4.080454e+00 -4.436402e-01]
 [-4.240943e+00 -4.313580e-01]
 [-4.403870e+00 -4.165761e-01]
 [-4.567853e+00 -4.050675e-01]
 [-4.729339e+00 -3.977502e-01]
 [-4.880939e+00 -3.881547e-01]
 [-4.994648e+00 -3.755115e-01]
 [-5.043223e+00 -3.631469e-01]
 [-4.991432e+00 -3.520418e-01]
 [-4.919725e+00 -3.411757e-01]
 [-4.796994e+00 -3.293609e-01]
 [-4.634313e+00 -3.156553e-01]
 [-4.457234e+00 -3.000106e-01]
 [-4.263702e+00 -2.844205e-01]
 [-4.056291e+00 -2.744593e-01]
 [-3.836543e+00 -2.747112e-01]
 [-3.609802e+00 -2.897758e-01]
 [-3.381562e+00 -3.266210e-01]
 [-3.156621e+00 -3.891604e-01]
 [-2.938361e+00 -4.791245e-01]
 [-2.725085e+00 -5.954733e-01]
 [-2.514453e+00 -7.292613e-01]
 [-2.305990e+00 -8.764214e-01]
 [-2.100757e+00 -1.036511e+00]
 [-1.895676e+00 -1.203091e+00]
 [-1.691831e+00 -1.375260e+00]
 [-1.489362e+00 -1.552091e+00]
 [-1.288522e+00 -1.732893e+00]
 [-1.089347e+00 -1.915064e+00]
 [-8.949559e-01 -2.098150e+00]
 [-7.048412e-01 -2.281177e+00]
 [-5.208451e-01 -2.463631e+00]
 [-3.427683e-01 -2.645856e+00]
 [-1.717778e-01 -2.828005e+00]
 [-1.250100e-02 -3.015509e+00]
 [ 1.358537e-01 -3.203325e+00]
 [ 2.747496e-01 -3.390390e+00]
 [ 3.984141e-01 -3.576732e+00]
 [ 5.045640e-01 -3.761540e+00]
 [ 5.966897e-01 -3.943328e+00]
 [ 6.760773e-01 -4.122264e+00]
 [ 7.405118e-01 -4.295132e+00]
 [ 7.910897e-01 -4.457539e+00]
 [ 8.269968e-01 -4.602043e+00]
 [ 8.468813e-01 -4.692979e+00]
 [ 8.459110e-01 -4.727536e+00]
 [ 8.312377e-01 -4.705708e+00]
 [ 8.025592e-01 -4.630237e+00]
 [ 7.569999e-01 -4.511974e+00]
 [ 7.033517e-01 -4.363015e+00]
 [ 6.446080e-01 -4.192888e+00]
 [ 5.774969e-01 -4.008628e+00]
 [ 5.029322e-01 -3.815596e+00]
 [ 4.225868e-01 -3.617983e+00]
 [ 3.350846e-01 -3.418266e+00]
 [ 2.350888e-01 -3.217749e+00]
 [ 1.139186e-01 -3.018559e+00]
 [-2.989032e-02 -2.820796e+00]
 [-2.054542e-01 -2.623559e+00]
 [-3.960654e-01 -2.428258e+00]
 [-5.943196e-01 -2.235049e+00]
 [-7.961028e-01 -2.042956e+00]
 [-9.991217e-01 -1.851524e+00]
 [-1.201246e+00 -1.660460e+00]
 [-1.402038e+00 -1.470197e+00]
 [-1.601314e+00 -1.283105e+00]
 [-1.798614e+00 -1.099781e+00]
 [-1.994277e+00 -9.192081e-01]
 [-2.187110e+00 -7.401229e-01]
 [-2.381724e+00 -5.636531e-01]
 [-2.572260e+00 -3.899469e-01]
 [-2.759051e+00 -2.202710e-01]
 [-2.945501e+00 -5.763701e-02]
 [-3.133736e+00  9.444237e-02]
 [-3.318835e+00  2.384324e-01]
 [-3.502052e+00  3.726556e-01]
 [-3.674488e+00  4.963554e-01]
 [-3.825229e+00  6.100445e-01]
 [-3.939247e+00  7.168741e-01]
 [-4.009433e+00  8.179833e-01]
 [-4.028708e+00  9.091813e-01]
 [-3.998526e+00  9.919623e-01]
 [-3.915819e+00  1.067533e+00]
 [-3.780705e+00  1.138210e+00]
 [-3.607359e+00  1.201427e+00]
 [-3.424048e+00  1.253024e+00]
 [-3.235191e+00  1.286698e+00]
 [-3.051019e+00  1.307796e+00]
 [-2.877275e+00  1.319663e+00]
 [-2.721230e+00  1.321502e+00]
 [-2.629253e+00  1.321287e+00]
 [-2.593534e+00  1.317934e+00]
 [-2.601428e+00  1.314440e+00]
 [-2.646472e+00  1.311405e+00]
 [-2.715147e+00  1.308519e+00]
 [-2.798236e+00  1.306066e+00]
 [-2.899791e+00  1.305189e+00]
 [-3.014654e+00  1.308781e+00]
 [-3.137188e+00  1.317207e+00]
 [-3.265953e+00  1.330250e+00]
 [-3.399922e+00  1.344364e+00]
 [-3.536995e+00  1.359959e+00]
 [-3.675755e+00  1.371143e+00]
 [-3.818087e+00  1.375662e+00]
 [-3.961750e+00  1.374166e+00]
 [-4.101650e+00  1.365099e+00]
 [-4.220112e+00  1.346688e+00]
 [-4.305916e+00  1.317919e+00]
 [-4.320446e+00  1.281039e+00]
 [-4.266901e+00  1.241511e+00]
 [-4.159585e+00  1.204925e+00]
 [-4.007564e+00  1.175230e+00]
 [-3.832208e+00  1.157258e+00]
 [-3.644082e+00  1.154315e+00]
 [-3.448314e+00  1.165680e+00]
 [-3.252139e+00  1.192562e+00]
 [-3.057875e+00  1.235841e+00]
 [-2.865476e+00  1.297116e+00]
 [-2.676750e+00  1.376690e+00]
 [-2.491888e+00  1.469208e+00]
 [-2.310457e+00  1.574461e+00]
 [-2.130908e+00  1.691525e+00]
 [-1.949690e+00  1.817694e+00]
 [-1.768322e+00  1.950600e+00]
 [-1.588643e+00  2.088938e+00]
 [-1.412025e+00  2.229885e+00]
 [-1.240764e+00  2.373940e+00]
 [-1.075480e+00  2.516689e+00]
 [-9.209875e-01  2.639483e+00]
 [-7.780397e-01  2.736818e+00]
 [-6.447830e-01  2.805834e+00]
 [-5.240867e-01  2.845450e+00]
 [-4.149598e-01  2.855401e+00]
 [-3.177399e-01  2.832469e+00]
 [-2.312310e-01  2.779319e+00]
 [-1.544098e-01  2.699768e+00]
 [-8.289967e-02  2.617477e+00]
 [-1.638550e-02  2.545893e+00]
 [ 4.039703e-02  2.492685e+00]
 [ 8.880630e-02  2.457834e+00]
 [ 1.296363e-01  2.437612e+00]
 [ 1.627210e-01  2.449814e+00]
 [ 1.887170e-01  2.502248e+00]
 [ 2.091280e-01  2.587507e+00]
 [ 2.236869e-01  2.699342e+00]
 [ 2.322806e-01  2.837807e+00]
 [ 2.380706e-01  2.988750e+00]
 [ 2.379481e-01  3.151670e+00]
 [ 2.318860e-01  3.316545e+00]
 [ 2.216605e-01  3.481080e+00]
 [ 2.057388e-01  3.646265e+00]
 [ 1.840923e-01  3.816189e+00]
 [ 1.576272e-01  3.987891e+00]
 [ 1.291187e-01  4.157508e+00]
 [ 1.013576e-01  4.324584e+00]
 [ 7.624415e-02  4.484749e+00]
 [ 5.526162e-02  4.637583e+00]
 [ 3.969393e-02  4.770146e+00]
 [ 2.979773e-02  4.877589e+00]
 [ 2.416058e-02  4.956920e+00]
 [ 2.367614e-02  4.993386e+00]
 [ 2.746568e-02  4.982327e+00]
 [ 3.458819e-02  4.931207e+00]
 [ 4.394125e-02  4.853395e+00]
 [ 5.454808e-02  4.750239e+00]
 [ 6.578237e-02  4.634359e+00]
 [ 7.660510e-02  4.521920e+00]
 [ 8.696721e-02  4.417008e+00]
 [ 9.785377e-02  4.331728e+00]
 [ 1.058648e-01  4.302207e+00]
 [ 1.124327e-01  4.326340e+00]
 [ 1.184192e-01  4.400412e+00]
 [ 1.234604e-01  4.517001e+00]
 [ 1.279646e-01  4.674086e+00]
 [ 1.341492e-01  4.837615e+00]
 [ 1.437888e-01  5.001077e+00]
 [ 1.566867e-01  5.160592e+00]
 [ 1.739621e-01  5.153502e+00]
 [ 1.910300e-01  5.150738e+00]
 [ 2.087740e-01  5.133472e+00]
 [ 2.286374e-01  5.100626e+00]
 [ 2.504602e-01  5.064890e+00]
 [ 2.745721e-01  5.027157e+00]
 [ 2.981620e-01  4.990042e+00]
 [ 3.207663e-01  4.946035e+00]
 [ 3.415220e-01  4.883426e+00]
 [ 3.595044e-01  4.811794e+00]
 [ 3.744474e-01  4.734538e+00]
 [ 3.828086e-01  4.673721e+00]
 [ 3.858617e-01  4.664365e+00]
 [ 3.861304e-01  4.704928e+00]
 [ 3.833181e-01  4.787227e+00]
 [ 3.751383e-01  4.910908e+00]
 [ 3.623716e-01  5.060774e+00]
 [ 3.463372e-01  5.158775e+00]
 [ 3.278443e-01  5.168208e+00]
 [ 3.071909e-01  5.173621e+00]
 [ 2.864388e-01  5.174052e+00]
 [ 2.657146e-01  5.174710e+00]
 [ 2.476953e-01  5.153607e+00]
 [ 2.340700e-01  5.100865e+00]
 [ 2.232851e-01  5.049854e+00]
 [ 2.156452e-01  5.002396e+00]
 [ 2.105791e-01  4.954694e+00]
 [ 2.077615e-01  4.862679e+00]
 [ 2.064905e-01  4.730508e+00]
 [ 2.059670e-01  4.575708e+00]
 [ 2.054164e-01  4.411905e+00]
 [ 2.053497e-01  4.252825e+00]
 [ 2.057807e-01  4.102748e+00]
 [ 2.073276e-01  4.002524e+00]
 [ 2.123237e-01  3.993459e+00]
 [ 2.206035e-01  4.071459e+00]
 [ 2.324214e-01  4.221965e+00]
 [ 2.408976e-01  4.373909e+00]
 [ 2.419338e-01  4.524025e+00]
 [ 2.372759e-01  4.672149e+00]
 [ 2.271921e-01  4.817408e+00]
 [ 2.142642e-01  4.961321e+00]
 [ 2.003622e-01  5.094781e+00]
 [ 1.890124e-01  5.098316e+00]
 [ 1.836048e-01  5.040795e+00]
 [ 1.844273e-01  4.970255e+00]
 [ 1.934437e-01  4.870775e+00]
 [ 2.070040e-01  4.718444e+00]
 [ 2.227749e-01  4.527404e+00]
 [ 2.399886e-01  4.319219e+00]
 [ 2.593164e-01  4.111185e+00]
 [ 2.874636e-01  3.904105e+00]
 [ 3.210692e-01  3.699403e+00]
 [ 3.621928e-01  3.500261e+00]
 [ 4.305407e-01  3.308114e+00]
 [ 5.367594e-01  3.122265e+00]
 [ 6.856914e-01  2.941126e+00]
 [ 8.670578e-01  2.762086e+00]
 [ 1.065883e+00  2.581497e+00]
 [ 1.274101e+00  2.399434e+00]
 [ 1.493881e+00  2.218309e+00]
 [ 1.720076e+00  2.035733e+00]
 [ 1.946423e+00  1.855193e+00]
 [ 2.171278e+00  1.679809e+00]
 [ 2.392287e+00  1.510465e+00]
 [ 2.610242e+00  1.347778e+00]
 [ 2.825212e+00  1.195037e+00]
 [ 3.041190e+00  1.049606e+00]
 [ 3.257478e+00  9.094098e-01]
 [ 3.474140e+00  7.713475e-01]
 [ 3.685710e+00  6.431869e-01]
 [ 3.885166e+00  5.295520e-01]
 [ 4.072766e+00  4.291092e-01]
 [ 4.234647e+00  3.445197e-01]
 [ 4.350536e+00  2.737440e-01]
 [ 4.416588e+00  2.122195e-01]
 [ 4.420570e+00  1.627965e-01]
 [ 4.372997e+00  1.211810e-01]
 [ 4.278656e+00  8.917721e-02]
 [ 4.143831e+00  6.616566e-02]
 [ 3.997329e+00  5.115157e-02]
 [ 3.842442e+00  4.591829e-02]
 [ 3.704190e+00  5.014271e-02]
 [ 3.602691e+00  5.584963e-02]
 [ 3.562103e+00  6.186531e-02]
 [ 3.582078e+00  6.812482e-02]
 [ 3.653469e+00  7.485684e-02]
 [ 3.763261e+00  8.052417e-02]
 [ 3.906022e+00  8.335729e-02]
 [ 4.066051e+00  8.486056e-02]
 [ 4.228789e+00  8.430488e-02]
 [ 4.390296e+00  8.217956e-02]
 [ 4.547408e+00  8.157060e-02]
 [ 4.679286e+00  7.953291e-02]
 [ 4.775980e+00  7.578459e-02]
 [ 4.842220e+00  7.076906e-02]
 [ 4.865005e+00  6.591506e-02]
 [ 4.834861e+00  6.230493e-02]
 [ 4.757072e+00  6.438355e-02]
 [ 4.635715e+00  7.434309e-02]
 [ 4.474382e+00  9.363724e-02]
 [ 4.276038e+00  1.209009e-01]
 [ 4.063655e+00  1.536203e-01]
 [ 3.847978e+00  1.888381e-01]
 [ 3.629460e+00  2.293511e-01]
 [ 3.416026e+00  2.788820e-01]
 [ 3.213484e+00  3.414868e-01]
 [ 3.018269e+00  4.282279e-01]
 [ 2.822051e+00  5.550768e-01]
 [ 2.621294e+00  7.158982e-01]
 [ 2.415875e+00  9.053501e-01]
 [ 2.204592e+00  1.113332e+00]
 [ 1.993978e+00  1.328116e+00]
 [ 1.783294e+00  1.543897e+00]
 [ 1.571333e+00  1.757256e+00]
 [ 1.360703e+00  1.962420e+00]
 [ 1.150584e+00  2.165167e+00]
 [ 9.437040e-01  2.367979e+00]
 [ 7.359086e-01  2.571859e+00]
 [ 5.307061e-01  2.778178e+00]
 [ 3.316899e-01  2.986914e+00]
 [ 1.401585e-01  3.196358e+00]
 [-2.837953e-02  3.401049e+00]
 [-1.645168e-01  3.591052e+00]
 [-2.695435e-01  3.759441e+00]
 [-3.443224e-01  3.865430e+00]
 [-3.925962e-01  3.912197e+00]
 [-4.234823e-01  3.900719e+00]
 [-4.419585e-01  3.838611e+00]
 [-4.555600e-01  3.739134e+00]
 [-4.694474e-01  3.612410e+00]
 [-4.867330e-01  3.487059e+00]
 [-5.090011e-01  3.403470e+00]
 [-5.319312e-01  3.376941e+00]
 [-5.539103e-01  3.404952e+00]
 [-5.732901e-01  3.477032e+00]
 [-5.912006e-01  3.584071e+00]
 [-6.065182e-01  3.724844e+00]
 [-6.176667e-01  3.886604e+00]
 [-6.173131e-01  4.054876e+00]
 [-6.038225e-01  4.227310e+00]
 [-5.793356e-01  4.401919e+00]
 [-5.439083e-01  4.568099e+00]
 [-5.014275e-01  4.717224e+00]
 [-4.518656e-01  4.840623e+00]
 [-3.953783e-01  4.915789e+00]
 [-3.333819e-01  4.922724e+00]
 [-2.695035e-01  4.859622e+00]
 [-2.009300e-01  4.727671e+00]
 [-1.256915e-01  4.546846e+00]
 [-4.209351e-02  4.332376e+00]
 [ 4.343731e-02  4.114579e+00]
 [ 1.313801e-01  3.900503e+00]
 [ 2.231872e-01  3.689426e+00]
 [ 3.180293e-01  3.482906e+00]
 [ 4.329661e-01  3.292311e+00]
 [ 5.808966e-01  3.101141e+00]
 [ 7.632152e-01  2.905075e+00]
 [ 9.617185e-01  2.704612e+00]
 [ 1.168935e+00  2.515052e+00]
 [ 1.385318e+00  2.336845e+00]
 [ 1.607264e+00  2.165245e+00]
 [ 1.831687e+00  2.011984e+00]
 [ 2.055272e+00  1.851676e+00]
 [ 2.275168e+00  1.681553e+00]
 [ 2.492918e+00  1.514938e+00]
 [ 2.708431e+00  1.357875e+00]
 [ 2.921636e+00  1.215776e+00]
 [ 3.132453e+00  1.089620e+00]
 [ 3.342587e+00  9.774892e-01]
 [ 3.555515e+00  8.739787e-01]
 [ 3.767957e+00  7.839777e-01]
 [ 3.977147e+00  7.081627e-01]
 [ 4.181726e+00  6.549547e-01]
 [ 4.379572e+00  6.231992e-01]
 [ 4.560596e+00  6.107941e-01]
 [ 4.701550e+00  6.080601e-01]
 [ 4.790560e+00  6.170362e-01]
 [ 4.821480e+00  6.347055e-01]
 [ 4.795639e+00  6.569052e-01]
 [ 4.713963e+00  6.842967e-01]
 [ 4.580796e+00  7.148438e-01]
 [ 4.429746e+00  7.433075e-01]
 [ 4.274566e+00  7.729099e-01]
 [ 4.150531e+00  8.034198e-01]
 [ 4.107110e+00  8.370391e-01]
 [ 4.134186e+00  8.736783e-01]
 [ 4.218620e+00  9.118972e-01]
 [ 4.326194e+00  9.522042e-01]
 [ 4.438177e+00  9.969005e-01]
 [ 4.558254e+00  1.041399e+00]
 [ 4.676525e+00  1.083313e+00]
 [ 4.792691e+00 -2.648180e-01]
 [ 4.888022e+00 -1.753314e-01]
 [ 4.977254e+00 -1.324589e-01]
 [ 5.038411e+00 -2.324254e-02]
 [ 5.022015e+00  7.998440e-02]
 [ 4.976860e+00  1.780249e-01]
 [ 4.908341e+00  2.713518e-01]
 [ 4.798093e+00  3.583513e-01]
 [ 4.651230e+00  4.358631e-01]
 [ 4.479639e+00  5.081446e-01]
 [ 4.291103e+00  5.805071e-01]
 [ 4.092133e+00  6.535462e-01]
 [ 3.883335e+00  7.245804e-01]
 [ 3.667825e+00  8.005444e-01]
 [ 3.449659e+00  8.887106e-01]
 [ 3.231574e+00  9.990399e-01]
 [ 3.012435e+00  1.130060e+00]
 [ 2.794949e+00  1.281663e+00]
 [ 2.584418e+00  1.451379e+00]
 [ 2.380760e+00  1.629824e+00]
 [ 2.182850e+00  1.814638e+00]
 [ 1.991541e+00  2.001876e+00]
 [ 1.805511e+00  2.186308e+00]
 [ 1.623404e+00  2.364665e+00]
 [ 1.448516e+00  2.536183e+00]
 [ 1.287627e+00  2.700140e+00]
 [ 1.142625e+00  2.854889e+00]
 [ 1.013839e+00  3.003120e+00]
 [ 8.998954e-01  3.143836e+00]
 [ 8.013471e-01  3.276231e+00]
 [ 7.147996e-01  3.399644e+00]
 [ 6.434233e-01  3.496966e+00]
 [ 5.882981e-01  3.556286e+00]
 [ 5.474333e-01  3.576081e+00]
 [ 5.162986e-01  3.559973e+00]
 [ 4.917367e-01  3.511194e+00]
 [ 4.712621e-01  3.439583e+00]
 [ 4.533443e-01  3.350911e+00]
 [ 4.350202e-01  3.265797e+00]
 [ 4.170475e-01  3.182686e+00]
 [ 4.002667e-01  3.102259e+00]
 [ 3.846645e-01  3.043417e+00]
 [-4.941808e-02  2.990357e+00]
 [-6.088775e-02  2.986768e+00]
 [-5.283075e-02  2.982373e+00]
 [-5.475215e-02  2.970353e+00]
 [-7.148279e-02  2.935721e+00]
 [-7.124335e-02  2.921490e+00]
 [-9.334899e-02  2.912804e+00]
 [-8.580568e-02  2.896610e+00]
 [-7.319476e-02  2.904032e+00]
 [-5.898859e-02  2.884264e+00]
 [-4.859863e-02  2.868722e+00]
 [-5.022233e-02  2.868957e+00]
 [-5.791429e-02  2.861972e+00]
 [-5.269664e-02  2.851605e+00]
 [-4.493892e-02  2.860312e+00]
 [-4.876327e-02  2.831727e+00]
 [-3.229409e-02  2.833138e+00]
 [-1.692556e-02  2.802990e+00]
 [-2.822725e-02  2.802966e+00]
 [-9.179403e-03  2.788858e+00]]

[Dataset] next_observations
  shape: (1658, 4)
  dtype: float32
  min: -5.0432233810424805
  max: 9.562858581542969
  mean: 3.1443798542022705
  content:
[[ 1.024627e+00  9.178753e-01  2.521475e-01  1.377859e-01]
 [ 1.028372e+00  9.201977e-01  3.744791e-01  2.322391e-01]
 [ 1.033331e+00  9.234401e-01  4.958735e-01  3.242361e-01]
 [ 1.039449e+00  9.275898e-01  6.117758e-01  4.149745e-01]
 [ 1.046672e+00  9.326283e-01  7.223303e-01  5.038423e-01]
 [ 1.054954e+00  9.385442e-01  8.282217e-01  5.915970e-01]
 [ 1.064252e+00  9.453184e-01  9.297856e-01  6.774177e-01]
 [ 1.074507e+00  9.529068e-01  1.025498e+00  7.588398e-01]
 [ 1.085633e+00  9.612656e-01  1.112545e+00  8.358814e-01]
 [ 1.097522e+00  9.703623e-01  1.188892e+00  9.096704e-01]
 [ 1.110069e+00  9.801491e-01  1.254723e+00  9.786747e-01]
 [ 1.123185e+00  9.905602e-01  1.311614e+00  1.041114e+00]
 [ 1.136780e+00  1.001528e+00  1.359543e+00  1.096814e+00]
 [ 1.150750e+00  1.012991e+00  1.397007e+00  1.146285e+00]
 [ 1.164997e+00  1.024895e+00  1.424670e+00  1.190342e+00]
 [ 1.179397e+00  1.037178e+00  1.439993e+00  1.228326e+00]
 [ 1.193765e+00  1.049779e+00  1.436774e+00  1.260133e+00]
 [ 1.207906e+00  1.062645e+00  1.414093e+00  1.286540e+00]
 [ 1.221620e+00  1.075736e+00  1.371461e+00  1.309185e+00]
 [ 1.234695e+00  1.089021e+00  1.307425e+00  1.328426e+00]
 [ 1.246925e+00  1.102504e+00  1.223068e+00  1.348370e+00]
 [ 1.258200e+00  1.116212e+00  1.127513e+00  1.370728e+00]
 [ 1.268533e+00  1.130194e+00  1.033212e+00  1.398218e+00]
 [ 1.277956e+00  1.144513e+00  9.423280e-01  1.431909e+00]
 [ 1.286512e+00  1.159236e+00  8.556296e-01  1.472300e+00]
 [ 1.294244e+00  1.174417e+00  7.732115e-01  1.518125e+00]
 [ 1.301163e+00  1.190092e+00  6.918412e-01  1.567454e+00]
 [ 1.307278e+00  1.206304e+00  6.115448e-01  1.621240e+00]
 [ 1.312599e+00  1.203982e+00  5.320840e-01 -2.322580e-01]
 [ 1.317965e+00  1.202234e+00  5.365900e-01 -1.747951e-01]
 [ 1.323374e+00  1.201008e+00  5.408748e-01 -1.225239e-01]
 [ 1.328825e+00  1.200261e+00  5.451713e-01 -7.472802e-02]
 [ 1.334316e+00  1.199713e+00  5.490564e-01 -5.476705e-02]
 [ 1.339842e+00  1.199301e+00  5.526072e-01 -4.122600e-02]
 [ 1.345407e+00  1.198991e+00  5.564824e-01 -3.101681e-02]
 [ 1.351008e+00  1.198758e+00  5.601401e-01 -2.333337e-02]
 [ 1.356646e+00  1.198585e+00  5.637968e-01 -1.730230e-02]
 [ 1.362321e+00  1.198459e+00  5.674600e-01 -1.260649e-02]
 [ 1.368031e+00  1.198367e+00  5.710645e-01 -9.106735e-03]
 [ 1.373778e+00  1.198301e+00  5.746503e-01 -6.660726e-03]
 [ 1.379559e+00  1.198252e+00  5.781271e-01 -4.932599e-03]
 [ 1.385375e+00  1.198215e+00  5.815406e-01 -3.698145e-03]
 [ 1.391223e+00  1.198187e+00  5.848518e-01 -2.793412e-03]
 [ 1.397104e+00  1.198166e+00  5.881195e-01 -2.118148e-03]
 [ 1.403018e+00  1.198149e+00  5.913819e-01 -1.639073e-03]
 [ 1.408964e+00  1.198136e+00  5.945503e-01 -1.263530e-03]
 [ 1.414941e+00  1.198127e+00  5.977327e-01 -9.798681e-04]
 [ 1.420950e+00  1.198119e+00  6.008736e-01 -7.787623e-04]
 [ 1.426990e+00  1.198113e+00  6.040664e-01 -6.178383e-04]
 [ 1.433064e+00  1.198108e+00  6.073198e-01 -5.149257e-04]
 [ 1.439168e+00  1.198103e+00  6.104690e-01 -4.191041e-04]
 [ 1.445305e+00  1.198100e+00  6.136459e-01 -3.447318e-04]
 [ 1.451473e+00  1.198097e+00  6.168206e-01 -3.034243e-04]
 [ 1.457673e+00  1.198094e+00  6.200037e-01 -2.600200e-04]
 [ 1.463908e+00  1.198092e+00  6.235038e-01 -2.424632e-04]
 [ 1.470188e+00  1.198090e+00  6.279903e-01 -2.132782e-04]
 [ 1.476526e+00  1.198088e+00  6.337796e-01 -2.025575e-04]
 [ 1.482934e+00  1.198086e+00  6.408391e-01 -1.961994e-04]
 [ 1.489428e+00  1.198084e+00  6.494421e-01 -1.838899e-04]
 [ 1.496057e+00  1.198082e+00  6.628747e-01 -2.076622e-04]
 [ 1.502871e+00  1.198080e+00  6.813840e-01 -2.279355e-04]
 [ 1.509916e+00  1.198077e+00  7.044865e-01 -2.356951e-04]
 [ 1.517235e+00  1.198075e+00  7.319533e-01 -2.475268e-04]
 [ 1.524872e+00  1.198072e+00  7.636248e-01 -2.591674e-04]
 [ 1.532866e+00  1.198069e+00  7.994419e-01 -2.646775e-04]
 [ 1.541277e+00  1.198067e+00  8.410933e-01 -2.871968e-04]
 [ 1.550140e+00  1.198064e+00  8.862590e-01 -2.784849e-04]
 [ 1.559497e+00  1.198061e+00  9.357792e-01 -2.889090e-04]
 [ 1.569400e+00  1.198057e+00  9.903089e-01 -3.745095e-04]
 [ 1.579869e+00  1.198053e+00  1.046876e+00 -4.601355e-04]
 [ 1.590934e+00  1.198047e+00  1.106490e+00 -5.464624e-04]
 [ 1.602620e+00  1.198041e+00  1.168623e+00 -6.263704e-04]
 [ 1.614961e+00  1.198034e+00  1.234101e+00 -7.312891e-04]
 [ 1.627988e+00  1.198026e+00  1.302635e+00 -7.436068e-04]
 [ 1.641736e+00  1.197999e+00  1.374804e+00 -2.733944e-03]
 [ 1.656237e+00  1.197930e+00  1.450078e+00 -6.909527e-03]
 [ 1.671553e+00  1.197793e+00  1.531625e+00 -1.366787e-02]
 [ 1.687709e+00  1.197572e+00  1.615581e+00 -2.212754e-02]
 [ 1.704730e+00  1.197252e+00  1.702164e+00 -3.194548e-02]
 [ 1.722654e+00  1.196828e+00  1.792376e+00 -4.247389e-02]
 [ 1.741517e+00  1.196284e+00  1.886280e+00 -5.439290e-02]
 [ 1.761469e+00  1.195598e+00  1.995253e+00 -6.859128e-02]
 [ 1.782628e+00  1.194752e+00  2.115912e+00 -8.460250e-02]
 [ 1.805048e+00  1.193722e+00  2.241917e+00 -1.029403e-01]
 [ 1.828655e+00  1.192484e+00  2.360772e+00 -1.238449e-01]
 [ 1.853392e+00  1.191014e+00  2.473653e+00 -1.469745e-01]
 [ 1.879210e+00  1.189289e+00  2.581863e+00 -1.725362e-01]
 [ 1.906065e+00  1.187304e+00  2.685487e+00 -1.984471e-01]
 [ 1.933926e+00  1.185076e+00  2.786075e+00 -2.227926e-01]
 [ 1.962771e+00  1.182624e+00  2.884474e+00 -2.452097e-01]
 [ 1.992604e+00  1.179976e+00  2.983304e+00 -2.647713e-01]
 [ 2.023440e+00  1.177175e+00  3.083579e+00 -2.801471e-01]
 [ 2.055300e+00  1.174266e+00  3.186041e+00 -2.908520e-01]
 [ 2.088214e+00  1.171298e+00  3.291380e+00 -2.968117e-01]
 [ 2.122200e+00  1.168321e+00  3.398554e+00 -2.976981e-01]
 [ 2.157283e+00  1.165389e+00  3.508389e+00 -2.932253e-01]
 [ 2.193483e+00  1.162530e+00  3.620000e+00 -2.858790e-01]
 [ 2.230795e+00  1.159715e+00  3.731130e+00 -2.815606e-01]
 [ 2.269143e+00  1.156894e+00  3.834801e+00 -2.821057e-01]
 [ 2.308434e+00  1.154031e+00  3.929190e+00 -2.862620e-01]
 [ 2.348397e+00  1.151106e+00  3.996238e+00 -2.924850e-01]
 [ 2.388598e+00  1.148094e+00  4.020149e+00 -3.011879e-01]
 [ 2.428552e+00  1.144989e+00  3.995395e+00 -3.105784e-01]
 [ 2.467716e+00  1.141805e+00  3.916344e+00 -3.183714e-01]
 [ 2.505604e+00  1.138568e+00  3.788784e+00 -3.237027e-01]
 [ 2.541773e+00  1.135301e+00  3.616977e+00 -3.266323e-01]
 [ 2.575869e+00  1.132032e+00  3.409601e+00 -3.269180e-01]
 [ 2.607803e+00  1.128810e+00  3.193390e+00 -3.222526e-01]
 [ 2.637649e+00  1.125669e+00  2.984596e+00 -3.140929e-01]
 [ 2.665498e+00  1.122666e+00  2.784831e+00 -3.003240e-01]
 [ 2.691415e+00  1.119871e+00  2.591766e+00 -2.794107e-01]
 [ 2.715448e+00  1.117445e+00  2.403301e+00 -2.426109e-01]
 [ 2.737716e+00  1.115502e+00  2.226755e+00 -1.943716e-01]
 [ 2.758412e+00  1.114165e+00  2.069631e+00 -1.337044e-01]
 [ 2.777705e+00  1.113592e+00  1.929315e+00 -5.727339e-02]
 [ 2.795716e+00  1.113935e+00  1.801041e+00  3.434649e-02]
 [ 2.812505e+00  1.115274e+00  1.678979e+00  1.338763e-01]
 [ 2.828106e+00  1.117686e+00  1.560073e+00  2.411810e-01]
 [ 2.842515e+00  1.121268e+00  1.440886e+00  3.581893e-01]
 [ 2.855651e+00  1.126115e+00  1.313626e+00  4.846875e-01]
 [ 2.867406e+00  1.132301e+00  1.175437e+00  6.186410e-01]
 [ 2.877746e+00  1.139901e+00  1.034057e+00  7.599756e-01]
 [ 2.886608e+00  1.148979e+00  8.861697e-01  9.077876e-01]
 [ 2.893985e+00  1.159595e+00  7.376769e-01  1.061582e+00]
 [ 2.899907e+00  1.171767e+00  5.921978e-01  1.217231e+00]
 [ 2.904441e+00  1.185521e+00  4.534600e-01  1.375363e+00]
 [ 2.907735e+00  1.200889e+00  3.293752e-01  1.536863e+00]
 [ 2.909926e+00  1.217890e+00  2.190537e-01  1.700050e+00]
 [ 2.911257e+00  1.236554e+00  1.331485e-01  1.866423e+00]
 [ 2.911966e+00  1.256931e+00  7.084629e-02  2.037691e+00]
 [ 2.912197e+00  1.279063e+00  2.317885e-02  2.213238e+00]
 [ 2.912097e+00  1.302969e+00 -1.001858e-02  2.390628e+00]
 [ 2.911751e+00  1.328614e+00 -3.458723e-02  2.564476e+00]
 [ 2.911172e+00  1.355930e+00 -5.791523e-02  2.731562e+00]
 [ 2.910351e+00  1.384828e+00 -8.208870e-02  2.889860e+00]
 [ 2.909275e+00  1.415170e+00 -1.076746e-01  3.034113e+00]
 [ 2.907940e+00  1.446684e+00 -1.334459e-01  3.151412e+00]
 [ 2.906361e+00  1.479040e+00 -1.578953e-01  3.235615e+00]
 [ 2.904559e+00  1.511837e+00 -1.802122e-01  3.279770e+00]
 [ 2.902566e+00  1.544679e+00 -1.992720e-01  3.284172e+00]
 [ 2.900415e+00  1.577152e+00 -2.151095e-01  3.247284e+00]
 [ 2.898132e+00  1.608855e+00 -2.282852e-01  3.170331e+00]
 [ 2.895758e+00  1.639418e+00 -2.374035e-01  3.056289e+00]
 [ 2.893348e+00  1.668955e+00 -2.410341e-01  2.953627e+00]
 [ 2.890945e+00  1.697592e+00 -2.403018e-01  2.863728e+00]
 [ 2.888590e+00  1.725468e+00 -2.354626e-01  2.787619e+00]
 [ 2.886312e+00  1.752788e+00 -2.278118e-01  2.732029e+00]
 [ 2.884120e+00  1.780109e+00 -2.192439e-01  2.732057e+00]
 [ 2.881992e+00  1.807869e+00 -2.127615e-01  2.776024e+00]
 [ 2.879899e+00  1.836431e+00 -2.092855e-01  2.856140e+00]
 [ 2.877816e+00  1.866119e+00 -2.083425e-01  2.968858e+00]
 [ 2.875708e+00  1.897147e+00 -2.107801e-01  3.102809e+00]
 [ 2.873538e+00  1.929797e+00 -2.169769e-01  3.265000e+00]
 [ 2.871269e+00  1.964135e+00 -2.268815e-01  3.433754e+00]
 [ 2.868899e+00  2.000160e+00 -2.370088e-01  3.602507e+00]
 [ 2.866425e+00  2.037909e+00 -2.474402e-01  3.774899e+00]
 [ 2.863832e+00  2.077432e+00 -2.593211e-01  3.952360e+00]
 [ 2.861119e+00  2.118708e+00 -2.712574e-01  4.127561e+00]
 [ 2.858297e+00  2.161710e+00 -2.822426e-01  4.300154e+00]
 [ 2.855411e+00  2.206370e+00 -2.886232e-01  4.466051e+00]
 [ 2.852522e+00  2.252616e+00 -2.888280e-01  4.624557e+00]
 [ 2.849695e+00  2.300379e+00 -2.827427e-01  4.776377e+00]
 [ 2.847017e+00  2.349377e+00 -2.677985e-01  4.899739e+00]
 [ 2.844535e+00  2.399345e+00 -2.481506e-01  4.996860e+00]
 [ 2.842288e+00  2.449905e+00 -2.247283e-01  5.055964e+00]
 [ 2.840312e+00  2.500058e+00 -1.976432e-01  5.015334e+00]
 [ 2.838627e+00  2.549669e+00 -1.684676e-01  4.961091e+00]
 [ 2.837242e+00  2.598622e+00 -1.384539e-01  4.895241e+00]
 [ 2.836156e+00  2.646647e+00 -1.086740e-01  4.802575e+00]
 [ 2.835356e+00  2.693512e+00 -8.000173e-02  4.686482e+00]
 [ 2.834825e+00  2.739258e+00 -5.303289e-02  4.574594e+00]
 [ 2.834548e+00  2.783935e+00 -2.777633e-02  4.467712e+00]
 [ 2.834510e+00  2.827643e+00 -3.763820e-03  4.370779e+00]
 [ 2.834676e+00  2.870839e+00  1.662856e-02  4.319634e+00]
 [ 2.835006e+00  2.914074e+00  3.295875e-02  4.323430e+00]
 [ 2.835479e+00  2.957857e+00  4.736883e-02  4.378356e+00]
 [ 2.836074e+00  3.002638e+00  5.947258e-02  4.478055e+00]
 [ 2.836774e+00  3.048815e+00  6.998163e-02  4.617772e+00]
 [ 2.837585e+00  3.096619e+00  8.109746e-02  4.780385e+00]
 [ 2.838532e+00  3.146056e+00  9.471769e-02  4.943702e+00]
 [ 2.839651e+00  3.197120e+00  1.118711e-01  5.106337e+00]
 [ 2.840979e+00  3.248671e+00  1.328557e-01  5.155076e+00]
 [ 2.842524e+00  3.300182e+00  1.544474e-01  5.151113e+00]
 [ 2.844283e+00  3.351620e+00  1.759164e-01  5.143883e+00]
 [ 2.846269e+00  3.402756e+00  1.986295e-01  5.113542e+00]
 [ 2.848497e+00  3.453541e+00  2.228145e-01  5.078482e+00]
 [ 2.850988e+00  3.503953e+00  2.490123e-01  5.041185e+00]
 [ 2.853757e+00  3.553994e+00  2.769465e-01  5.004128e+00]
 [ 2.856793e+00  3.603661e+00  3.035892e-01  4.966679e+00]
 [ 2.860081e+00  3.652722e+00  3.288505e-01  4.906177e+00]
 [ 2.863593e+00  3.701094e+00  3.511520e-01  4.837205e+00]
 [ 2.867294e+00  3.748704e+00  3.701357e-01  4.760993e+00]
 [ 2.871145e+00  3.795577e+00  3.850487e-01  4.687216e+00]
 [ 2.875071e+00  3.842173e+00  3.926359e-01  4.659656e+00]
 [ 2.879040e+00  3.889021e+00  3.969201e-01  4.684804e+00]
 [ 2.883023e+00  3.936567e+00  3.982343e-01  4.754609e+00]
 [ 2.886973e+00  3.985216e+00  3.950213e-01  4.864861e+00]
 [ 2.890824e+00  4.035321e+00  3.850610e-01  5.010504e+00]
 [ 2.894538e+00  4.086879e+00  3.714672e-01  5.155838e+00]
 [ 2.898087e+00  4.138531e+00  3.548346e-01  5.165167e+00]
 [ 2.901435e+00  4.190266e+00  3.348458e-01  5.173506e+00]
 [ 2.904577e+00  4.241999e+00  3.141764e-01  5.173314e+00]
 [ 2.907509e+00  4.293738e+00  2.932434e-01  5.173923e+00]
 [ 2.910245e+00  4.345403e+00  2.735973e-01  5.166451e+00]
 [ 2.912834e+00  4.396543e+00  2.589045e-01  5.113956e+00]
 [ 2.915305e+00  4.447154e+00  2.470330e-01  5.061178e+00]
 [ 2.917682e+00  4.497294e+00  2.377553e-01  5.013973e+00]
 [ 2.919991e+00  4.546962e+00  2.308867e-01  4.966804e+00]
 [ 2.922255e+00  4.595832e+00  2.263942e-01  4.887003e+00]
 [ 2.924497e+00  4.643447e+00  2.241739e-01  4.761542e+00]
 [ 2.926723e+00  4.689545e+00  2.225958e-01  4.609720e+00]
 [ 2.928939e+00  4.733995e+00  2.216352e-01  4.445065e+00]
 [ 2.931152e+00  4.776828e+00  2.212923e-01  4.283250e+00]
 [ 2.933366e+00  4.818124e+00  2.214327e-01  4.129671e+00]
 [ 2.935602e+00  4.858096e+00  2.235940e-01  3.997146e+00]
 [ 2.937898e+00  4.897662e+00  2.295972e-01  3.956635e+00]
 [ 2.940292e+00  4.937711e+00  2.394101e-01  4.004827e+00]
 [ 2.942827e+00  4.979076e+00  2.534916e-01  4.136569e+00]
 [ 2.945491e+00  5.021963e+00  2.663815e-01  4.288687e+00]
 [ 2.948223e+00  5.066364e+00  2.732194e-01  4.440058e+00]
 [ 2.950944e+00  5.112266e+00  2.721266e-01  4.590240e+00]
 [ 2.953602e+00  5.159634e+00  2.657699e-01  4.736736e+00]
 [ 2.956146e+00  5.208447e+00  2.544194e-01  4.881413e+00]
 [ 2.958552e+00  5.258675e+00  2.405605e-01  5.022757e+00]
 [ 2.960814e+00  5.309838e+00  2.262592e-01  5.116333e+00]
 [ 2.962975e+00  5.360531e+00  2.160314e-01  5.069282e+00]
 [ 2.965087e+00  5.410537e+00  2.112470e-01  5.000611e+00]
 [ 2.967230e+00  5.459828e+00  2.142273e-01  4.929044e+00]
 [ 2.969476e+00  5.507752e+00  2.245817e-01  4.792391e+00]
 [ 2.971849e+00  5.553929e+00  2.373530e-01  4.617686e+00]
 [ 2.974373e+00  5.598055e+00  2.523575e-01  4.412659e+00]
 [ 2.977067e+00  5.640096e+00  2.694259e-01  4.204057e+00]
 [ 2.979987e+00  5.680060e+00  2.920145e-01  3.996443e+00]
 [ 2.983213e+00  5.717967e+00  3.226375e-01  3.790652e+00]
 [ 2.986803e+00  5.753850e+00  3.589547e-01  3.588389e+00]
 [ 2.990905e+00  5.787782e+00  4.101984e-01  3.393156e+00]
 [ 2.995901e+00  5.819828e+00  4.995815e-01  3.204590e+00]
 [ 3.002193e+00  5.850049e+00  6.292428e-01  3.022089e+00]
 [ 3.010175e+00  5.878468e+00  7.982298e-01  2.841896e+00]
 [ 3.020101e+00  5.905096e+00  9.925174e-01  2.662812e+00]
 [ 3.032067e+00  5.929902e+00  1.196598e+00  2.480552e+00]
 [ 3.046183e+00  5.952901e+00  1.411664e+00  2.299996e+00]
 [ 3.062548e+00  5.974076e+00  1.636489e+00  2.117467e+00]
 [ 3.081176e+00  5.993428e+00  1.862741e+00  1.935180e+00]
 [ 3.102056e+00  6.011008e+00  2.088055e+00  1.757988e+00]
 [ 3.125159e+00  6.026871e+00  2.310268e+00  1.586303e+00]
 [ 3.150453e+00  6.041074e+00  2.529469e+00  1.420302e+00]
 [ 3.177890e+00  6.053710e+00  2.743617e+00  1.263579e+00]
 [ 3.207481e+00  6.064867e+00  2.959102e+00  1.115740e+00]
 [ 3.239230e+00  6.074606e+00  3.174911e+00  9.738684e-01]
 [ 3.273139e+00  6.082952e+00  3.390882e+00  8.345726e-01]
 [ 3.309192e+00  6.089958e+00  3.605347e+00  7.006343e-01]
 [ 3.347288e+00  6.095760e+00  3.809623e+00  5.801963e-01]
 [ 3.387308e+00  6.100504e+00  4.001970e+00  4.744777e-01]
 [ 3.429066e+00  6.104347e+00  4.175803e+00  3.841906e-01]
 [ 3.472187e+00  6.107427e+00  4.312085e+00  3.080324e-01]
 [ 3.516173e+00  6.109849e+00  4.398662e+00  2.422791e-01]
 [ 3.560451e+00  6.111723e+00  4.427730e+00  1.873337e-01]
 [ 3.604450e+00  6.113148e+00  4.399891e+00  1.425301e-01]
 [ 3.647689e+00  6.114209e+00  4.323915e+00  1.060230e-01]
 [ 3.689731e+00  6.114994e+00  4.204246e+00  7.855158e-02]
 [ 3.730345e+00  6.115589e+00  4.061354e+00  5.946532e-02]
 [ 3.769437e+00  6.116076e+00  3.909209e+00  4.867456e-02]
 [ 3.807035e+00  6.116564e+00  3.759851e+00  4.887673e-02]
 [ 3.843460e+00  6.117108e+00  3.642451e+00  5.443209e-02]
 [ 3.879237e+00  6.117708e+00  3.577697e+00  5.990851e-02]
 [ 3.914953e+00  6.118362e+00  3.571557e+00  6.549086e-02]
 [ 3.951199e+00  6.119081e+00  3.624674e+00  7.180229e-02]
 [ 3.988399e+00  6.119858e+00  3.719982e+00  7.776514e-02]
 [ 4.026913e+00  6.120674e+00  3.851430e+00  8.159366e-02]
 [ 4.066987e+00  6.121510e+00  4.007319e+00  8.356282e-02]
 [ 4.108676e+00  6.122346e+00  4.168945e+00  8.364384e-02]
 [ 4.151988e+00  6.123160e+00  4.331200e+00  8.138330e-02]
 [ 4.196891e+00  6.123958e+00  4.490325e+00  7.974249e-02]
 [ 4.243235e+00  6.124735e+00  4.634335e+00  7.778958e-02]
 [ 4.290676e+00  6.125490e+00  4.744122e+00  7.543078e-02]
 [ 4.338895e+00  6.126199e+00  4.821932e+00  7.095336e-02]
 [ 4.387557e+00  6.126855e+00  4.866138e+00  6.560503e-02]
 [ 4.436118e+00  6.127470e+00  4.856141e+00  6.141563e-02]
 [ 4.484085e+00  6.128082e+00  4.796658e+00  6.124609e-02]
 [ 4.531001e+00  6.128760e+00  4.691612e+00  6.778300e-02]
 [ 4.576465e+00  6.129596e+00  4.546437e+00  8.366700e-02]
 [ 4.620084e+00  6.130677e+00  4.361878e+00  1.080772e-01]
 [ 4.661602e+00  6.132073e+00  4.151898e+00  1.396134e-01]
 [ 4.700975e+00  6.133816e+00  3.937283e+00  1.742358e-01]
 [ 4.738168e+00  6.135933e+00  3.719204e+00  2.117130e-01]
 [ 4.773198e+00  6.138508e+00  3.503016e+00  2.575283e-01]
 [ 4.806152e+00  6.141648e+00  3.295462e+00  3.140163e-01]
 [ 4.837139e+00  6.145521e+00  3.098618e+00  3.873128e-01]
 [ 4.866180e+00  6.150485e+00  2.904145e+00  4.963046e-01]
 [ 4.893230e+00  6.156939e+00  2.704995e+00  6.454492e-01]
 [ 4.918254e+00  6.165169e+00  2.502401e+00  8.229738e-01]
 [ 4.941176e+00  6.175408e+00  2.292199e+00  1.023948e+00]
 [ 4.961989e+00  6.187784e+00  2.081328e+00  1.237615e+00]
 [ 4.980691e+00  6.202313e+00  1.870227e+00  1.452897e+00]
 [ 4.997282e+00  6.218999e+00  1.659039e+00  1.668585e+00]
 [ 5.011754e+00  6.237775e+00  1.447175e+00  1.877596e+00]
 [ 5.024122e+00  6.258587e+00  1.236846e+00  2.081172e+00]
 [ 5.034406e+00  6.281422e+00  1.028357e+00  2.283512e+00]
 [ 5.042619e+00  6.306288e+00  8.213008e-01  2.486629e+00]
 [ 5.048761e+00  6.333201e+00  6.142042e-01  2.691330e+00]
 [ 5.052881e+00  6.362192e+00  4.120349e-01  2.899029e+00]
 [ 5.055026e+00  6.393272e+00  2.145040e-01  3.108033e+00]
 [ 5.055356e+00  6.426435e+00  3.300611e-02  3.316305e+00]
 [ 5.054191e+00  6.461563e+00 -1.165356e-01  3.512785e+00]
 [ 5.051847e+00  6.498508e+00 -2.343070e-01  3.694516e+00]
 [ 5.048638e+00  6.536760e+00 -3.209882e-01  3.825189e+00]
 [ 5.044839e+00  6.575725e+00 -3.798185e-01  3.896509e+00]
 [ 5.040670e+00  6.614810e+00 -4.169053e-01  3.908522e+00]
 [ 5.036268e+00  6.653468e+00 -4.402108e-01  3.865777e+00]
 [ 5.031719e+00  6.691275e+00 -4.549035e-01  3.780722e+00]
 [ 5.027039e+00  6.727888e+00 -4.680229e-01  3.661244e+00]
 [ 5.022199e+00  6.763236e+00 -4.839821e-01  3.534767e+00]
 [ 5.017156e+00  6.797545e+00 -5.043439e-01  3.430942e+00]
 [ 5.011884e+00  6.831351e+00 -5.272109e-01  3.380581e+00]
 [ 5.006387e+00  6.865225e+00 -5.496601e-01  3.387414e+00]
 [ 5.000686e+00  6.899641e+00 -5.701273e-01  3.441589e+00]
 [ 4.994802e+00  6.934987e+00 -5.883862e-01  3.534654e+00]
 [ 4.988753e+00  6.971592e+00 -6.048620e-01  3.660505e+00]
 [ 4.982569e+00  7.009759e+00 -6.184073e-01  3.816678e+00]
 [ 4.976334e+00  7.049590e+00 -6.235389e-01  3.983124e+00]
 [ 4.970181e+00  7.091128e+00 -6.152591e-01  4.153799e+00]
 [ 4.964232e+00  7.134414e+00 -5.949661e-01  4.328580e+00]
 [ 4.958595e+00  7.179401e+00 -5.636817e-01  4.498699e+00]
 [ 4.953355e+00  7.225967e+00 -5.239778e-01  4.656607e+00]
 [ 4.948588e+00  7.273886e+00 -4.766974e-01  4.791921e+00]
 [ 4.944363e+00  7.322779e+00 -4.225159e-01  4.889237e+00]
 [ 4.940737e+00  7.372044e+00 -3.626238e-01  4.926498e+00]
 [ 4.937743e+00  7.420963e+00 -2.993650e-01  4.891904e+00]
 [ 4.935420e+00  7.468835e+00 -2.323382e-01  4.787231e+00]
 [ 4.933819e+00  7.515088e+00 -1.600554e-01  4.625272e+00]
 [ 4.933024e+00  7.559307e+00 -7.949415e-02  4.421942e+00]
 [ 4.933088e+00  7.601337e+00  6.338220e-03  4.203041e+00]
 [ 4.934020e+00  7.641209e+00  9.317992e-02  3.987117e+00]
 [ 4.935863e+00  7.678961e+00  1.843855e-01  3.775249e+00]
 [ 4.938645e+00  7.714622e+00  2.781802e-01  3.566125e+00]
 [ 4.942460e+00  7.748314e+00  3.814331e-01  3.369148e+00]
 [ 4.947599e+00  7.780107e+00  5.139844e-01  3.179286e+00]
 [ 4.954422e+00  7.809972e+00  6.822631e-01  2.986477e+00]
 [ 4.963178e+00  7.837830e+00  8.755792e-01  2.785830e+00]
 [ 4.973974e+00  7.863717e+00  1.079619e+00  2.588724e+00]
 [ 4.986897e+00  7.887817e+00  1.292312e+00  2.409971e+00]
 [ 5.002014e+00  7.910157e+00  1.511689e+00  2.234020e+00]
 [ 5.019372e+00  7.930860e+00  1.735869e+00  2.070300e+00]
 [ 5.038980e+00  7.949994e+00  1.960686e+00  1.913352e+00]
 [ 5.060800e+00  7.967427e+00  2.182060e+00  1.743361e+00]
 [ 5.084808e+00  7.983179e+00  2.400797e+00  1.575132e+00]
 [ 5.110978e+00  7.997300e+00  2.616996e+00  1.412184e+00]
 [ 5.139291e+00  8.009938e+00  2.831340e+00  1.263749e+00]
 [ 5.169725e+00  8.021253e+00  3.043365e+00  1.131494e+00]
 [ 5.202258e+00  8.031405e+00  3.253305e+00  1.015292e+00]
 [ 5.236907e+00  8.040491e+00  3.464936e+00  9.085417e-01]
 [ 5.273692e+00  8.048614e+00  3.678481e+00  8.121995e-01]
 [ 5.312583e+00  8.055932e+00  3.889082e+00  7.318825e-01]
 [ 5.353542e+00  8.062617e+00  4.095909e+00  6.685562e-01]
 [ 5.396511e+00  8.068905e+00  4.296864e+00  6.287151e-01]
 [ 5.441394e+00  8.075007e+00  4.488326e+00  6.102659e-01]
 [ 5.487859e+00  8.081047e+00  4.646478e+00  6.040096e-01]
 [ 5.535455e+00  8.087135e+00  4.759636e+00  6.088278e-01]
 [ 5.583581e+00  8.093383e+00  4.812565e+00  6.247208e-01]
 [ 5.631678e+00  8.099840e+00  4.809723e+00  6.456904e-01]
 [ 5.679171e+00  8.106552e+00  4.749263e+00  6.712593e-01]
 [ 5.725536e+00  8.113581e+00  4.636583e+00  7.028328e-01]
 [ 5.770417e+00  8.120891e+00  4.488055e+00  7.310045e-01]
 [ 5.813759e+00  8.128500e+00  4.334186e+00  7.609175e-01]
 [ 5.855559e+00  8.136408e+00  4.179982e+00  7.908062e-01]
 [ 5.896610e+00  8.144645e+00  4.105150e+00  8.236382e-01]
 [ 5.937650e+00  8.153239e+00  4.103952e+00  8.594688e-01]
 [ 5.979321e+00  8.162211e+00  4.167130e+00  8.972281e-01]
 [ 6.022062e+00  8.171582e+00  4.274049e+00  9.370785e-01]
 [ 6.065874e+00  8.181378e+00  4.381199e+00  9.795901e-01]
 [ 6.110878e+00  8.191630e+00  4.500489e+00  1.025199e+00]
 [ 6.157078e+00  8.202312e+00  4.619975e+00  1.068284e+00]
 [ 6.204451e+00  8.201077e+00  4.737258e+00 -1.235117e-01]
 [ 6.252799e+00  8.200353e+00  4.834769e+00 -7.249451e-02]
 [ 6.302089e+00  8.199802e+00  4.929095e+00 -5.507024e-02]
 [ 6.352156e+00  8.200290e+00  5.006647e+00  4.873809e-02]
 [ 6.402623e+00  8.201756e+00  5.046691e+00  1.466490e-01]
 [ 6.452684e+00  8.204145e+00  5.006118e+00  2.389184e-01]
 [ 6.502249e+00  8.207413e+00  4.956481e+00  3.267099e-01]
 [ 6.550920e+00  8.211511e+00  4.867115e+00  4.097991e-01]
 [ 6.598327e+00  8.216349e+00  4.740659e+00  4.838376e-01]
 [ 6.644140e+00  8.221874e+00  4.581320e+00  5.525932e-01]
 [ 6.688175e+00  8.228074e+00  4.403564e+00  6.199316e-01]
 [ 6.730277e+00  8.234953e+00  4.210097e+00  6.878811e-01]
 [ 6.770338e+00  8.242493e+00  4.006157e+00  7.539785e-01]
 [ 6.808272e+00  8.250696e+00  3.793380e+00  8.203510e-01]
 [ 6.844029e+00  8.259648e+00  3.575710e+00  8.952426e-01]
 [ 6.877580e+00  8.269575e+00  3.355111e+00  9.926752e-01]
 [ 6.908920e+00  8.280695e+00  3.134001e+00  1.111944e+00]
 [ 6.938047e+00  8.293206e+00  2.912762e+00  1.251145e+00]
 [ 6.964999e+00  8.307313e+00  2.695158e+00  1.410658e+00]
 [ 6.989855e+00  8.323135e+00  2.485541e+00  1.582263e+00]
 [ 7.012688e+00  8.340745e+00  2.283289e+00  1.760966e+00]
 [ 7.033552e+00  8.360194e+00  2.086479e+00  1.944909e+00]
 [ 7.052516e+00  8.381480e+00  1.896423e+00  2.128652e+00]
 [ 7.069620e+00  8.404555e+00  1.710371e+00  2.307480e+00]
 [ 7.084924e+00  8.429351e+00  1.530405e+00  2.479561e+00]
 [ 7.098547e+00  8.455797e+00  1.362302e+00  2.644668e+00]
 [ 7.110635e+00  8.483810e+00  1.208730e+00  2.801308e+00]
 [ 7.121361e+00  8.513315e+00  1.072629e+00  2.950484e+00]
 [ 7.130875e+00  8.544248e+00  9.514164e-01  3.093193e+00]
 [ 7.139328e+00  8.576526e+00  8.452579e-01  3.227789e+00]
 [ 7.146863e+00  8.610058e+00  7.535861e-01  3.353282e+00]
 [ 7.153609e+00  8.644651e+00  6.745235e-01  3.459370e+00]
 [ 7.159747e+00  8.679936e+00  6.137723e-01  3.528409e+00]
 [ 7.165421e+00  8.715522e+00  5.674189e-01  3.558609e+00]
 [ 7.170746e+00  8.751038e+00  5.325796e-01  3.551505e+00]
 [ 7.175794e+00  8.786149e+00  5.047877e-01  3.511233e+00]
 [ 7.180612e+00  8.820611e+00  4.817433e-01  3.446179e+00]
 [ 7.185228e+00  8.854242e+00  4.616671e-01  3.363131e+00]
 [ 7.189649e+00  8.887032e+00  4.420628e-01  3.278877e+00]
 [ 7.193878e+00  8.918995e+00  4.229117e-01  3.196348e+00]
 [ 7.197929e+00  8.950151e+00  4.050790e-01  3.115634e+00]
 [ 7.201817e+00  8.980703e+00  3.887453e-01  3.055231e+00]
 [ 7.200786e+00  9.010738e+00 -1.030077e-01  3.003456e+00]
 [ 7.200112e+00  9.040200e+00 -6.743173e-02  2.946265e+00]
 [ 7.199601e+00  9.069067e+00 -5.114439e-02  2.886658e+00]
 [ 7.199214e+00  9.097267e+00 -3.863326e-02  2.819976e+00]
 [ 7.198922e+00  9.124544e+00 -2.925012e-02  2.727699e+00]
 [ 7.198700e+00  9.150686e+00 -2.216535e-02  2.614211e+00]
 [ 7.198533e+00  9.175546e+00 -1.668551e-02  2.485936e+00]
 [ 7.198408e+00  9.199097e+00 -1.254644e-02  2.355076e+00]
 [ 7.198312e+00  9.221426e+00 -9.564364e-03  2.232994e+00]
 [ 7.198238e+00  9.242588e+00 -7.365961e-03  2.116194e+00]
 [ 7.198164e+00  9.262635e+00 -7.374759e-03  2.004684e+00]
 [ 7.198067e+00  9.281601e+00 -9.735744e-03  1.896582e+00]
 [ 7.197927e+00  9.299469e+00 -1.409671e-02  1.786806e+00]
 [ 7.197726e+00  9.316236e+00 -2.004812e-02  1.676724e+00]
 [ 7.197464e+00  9.331890e+00 -2.621629e-02  1.565361e+00]
 [ 7.197137e+00  9.346411e+00 -3.264182e-02  1.452089e+00]
 [ 7.196753e+00  9.359791e+00 -3.843264e-02  1.337978e+00]
 [ 7.196316e+00  9.372031e+00 -4.368264e-02  1.224084e+00]
 [ 7.195833e+00  9.383123e+00 -4.828230e-02  1.109204e+00]
 [ 7.195301e+00  9.393068e+00 -5.323970e-02  9.944654e-01]
 [ 7.194712e+00  9.401865e+00 -5.888030e-02  8.797440e-01]
 [ 7.194071e+00  9.409512e+00 -6.406780e-02  7.646614e-01]
 [ 7.193382e+00  9.416020e+00 -6.890550e-02  6.508187e-01]
 [ 7.192649e+00  9.421399e+00 -7.333404e-02  5.378912e-01]
 [ 7.191873e+00  9.425657e+00 -7.763734e-02  4.258198e-01]
 [ 7.191054e+00  9.428802e+00 -8.188435e-02  3.143884e-01]
 [ 7.190198e+00  9.430824e+00 -8.557130e-02  2.023328e-01]
 [ 7.189308e+00  9.431735e+00 -8.900409e-02  9.110510e-02]
 [ 7.188391e+00  9.431536e+00 -9.169723e-02 -1.996819e-02]
 [ 7.187449e+00  9.430233e+00 -9.419190e-02 -1.302879e-01]
 [ 7.186489e+00  9.427841e+00 -9.604991e-02 -2.391377e-01]
 [ 7.185513e+00  9.424388e+00 -9.762634e-02 -3.453404e-01]
 [ 7.184531e+00  9.419898e+00 -9.817706e-02 -4.490209e-01]
 [ 7.183547e+00  9.414398e+00 -9.840071e-02 -5.499747e-01]
 [ 7.182569e+00  9.407922e+00 -9.775532e-02 -6.476217e-01]
 [ 7.181603e+00  9.400504e+00 -9.654385e-02 -7.418097e-01]
 [ 7.180652e+00  9.392176e+00 -9.520692e-02 -8.328578e-01]
 [ 7.179708e+00  9.382974e+00 -9.430081e-02 -9.201375e-01]
 [ 7.178777e+00  9.372940e+00 -9.317110e-02 -1.003357e+00]
 [ 7.177860e+00  9.362111e+00 -9.171517e-02 -1.082887e+00]
 [ 7.176961e+00  9.350532e+00 -8.987053e-02 -1.158024e+00]
 [ 7.176095e+00  9.338246e+00 -8.662458e-02 -1.228448e+00]
 [ 7.175272e+00  9.325307e+00 -8.228246e-02 -1.293979e+00]
 [ 7.174505e+00  9.311758e+00 -7.667740e-02 -1.354879e+00]
 [ 7.173801e+00  9.297647e+00 -7.035252e-02 -1.411088e+00]
 [ 7.173171e+00  9.283023e+00 -6.312861e-02 -1.462435e+00]
 [ 7.172621e+00  9.267931e+00 -5.494116e-02 -1.509242e+00]
 [ 7.172159e+00  9.252417e+00 -4.616120e-02 -1.551422e+00]
 [ 7.171790e+00  9.236520e+00 -3.699023e-02 -1.589694e+00]
 [ 7.171516e+00  9.220260e+00 -2.734991e-02 -1.625991e+00]
 [ 7.171341e+00  9.203609e+00 -1.745055e-02 -1.664979e+00]
 [ 7.171248e+00  9.186552e+00 -9.356312e-03 -1.705739e+00]
 [ 7.171232e+00  9.169060e+00 -1.619209e-03 -1.749260e+00]
 [ 7.171292e+00  9.151116e+00  6.014928e-03 -1.794302e+00]
 [ 7.171423e+00  9.132732e+00  1.312634e-02 -1.838381e+00]
 [ 7.171615e+00  9.113935e+00  1.920530e-02 -1.879728e+00]
 [ 7.171864e+00  9.094771e+00  2.484192e-02 -1.916417e+00]
 [ 7.171979e+00  9.075566e+00  1.158715e-02 -1.920494e+00]
 [ 7.172157e+00  9.056554e+00  1.778521e-02 -1.901221e+00]
 [ 7.172346e+00  9.037470e+00  1.889671e-02 -1.908457e+00]
 [ 7.172543e+00  9.018360e+00  1.965232e-02 -1.910968e+00]
 [ 7.172628e+00  8.999421e+00  8.509810e-03 -1.893850e+00]
 [ 7.172809e+00  8.980687e+00  1.807769e-02 -1.873434e+00]
 [ 7.172938e+00  8.961960e+00  1.297213e-02 -1.872765e+00]
 [ 7.172965e+00  8.943068e+00  2.648149e-03 -1.889183e+00]
 [ 7.173023e+00  8.924096e+00  5.784019e-03 -1.897163e+00]
 [ 7.173231e+00  8.904966e+00  2.085450e-02 -1.913008e+00]
 [ 7.173499e+00  8.885931e+00  2.677302e-02 -1.903510e+00]
 [ 7.173872e+00  8.866941e+00  3.727579e-02 -1.898965e+00]
 [ 7.174385e+00  8.847994e+00  5.129814e-02 -1.894711e+00]
 [ 7.174835e+00  8.829162e+00  4.502725e-02 -1.883275e+00]
 [ 7.175245e+00  8.810340e+00  4.096067e-02 -1.882111e+00]
 [ 7.175727e+00  8.791646e+00  4.820996e-02 -1.869417e+00]
 [ 7.176288e+00  8.772907e+00  5.616003e-02 -1.873870e+00]
 [ 7.176922e+00  8.754262e+00  6.340877e-02 -1.864511e+00]
 [ 7.177802e+00  8.735586e+00  8.793762e-02 -1.867623e+00]
 [ 1.026684e+00  7.982679e+00 -1.513210e-01 -3.734270e-01]
 [ 1.025229e+00  7.977499e+00 -1.455639e-01 -5.180647e-01]
 [ 1.023793e+00  7.970854e+00 -1.435268e-01 -6.644727e-01]
 [ 1.022355e+00  7.962736e+00 -1.438309e-01 -8.118381e-01]
 [ 1.020898e+00  7.953126e+00 -1.457144e-01 -9.609028e-01]
 [ 1.019410e+00  7.942000e+00 -1.487907e-01 -1.112635e+00]
 [ 1.017878e+00  7.929296e+00 -1.531699e-01 -1.270443e+00]
 [ 1.016273e+00  7.914942e+00 -1.604761e-01 -1.435332e+00]
 [ 1.014553e+00  7.898912e+00 -1.720745e-01 -1.603064e+00]
 [ 1.012656e+00  7.881175e+00 -1.896594e-01 -1.773735e+00]
 [ 1.010511e+00  7.861716e+00 -2.145332e-01 -1.945863e+00]
 [ 1.008072e+00  7.840573e+00 -2.438932e-01 -2.114326e+00]
 [ 1.005315e+00  7.817765e+00 -2.757227e-01 -2.280797e+00]
 [ 1.002216e+00  7.793363e+00 -3.098882e-01 -2.440201e+00]
 [ 9.987510e-01  7.767318e+00 -3.464716e-01 -2.604504e+00]
 [ 9.948823e-01  7.739420e+00 -3.868653e-01 -2.789757e+00]
 [ 9.905868e-01  7.709722e+00 -4.295499e-01 -2.969828e+00]
 [ 9.858581e-01  7.678342e+00 -4.728664e-01 -3.137931e+00]
 [ 9.807530e-01  7.645459e+00 -5.105157e-01 -3.288324e+00]
 [ 9.753183e-01  7.611197e+00 -5.434656e-01 -3.426177e+00]
 [ 9.696054e-01  7.575643e+00 -5.712904e-01 -3.555461e+00]
 [ 9.636694e-01  7.538876e+00 -5.936005e-01 -3.676682e+00]
 [ 9.575567e-01  7.501010e+00 -6.112767e-01 -3.786618e+00]
 [ 9.513028e-01  7.462160e+00 -6.253908e-01 -3.884968e+00]
 [ 9.449367e-01  7.422468e+00 -6.366043e-01 -3.969175e+00]
 [ 9.384935e-01  7.382165e+00 -6.443160e-01 -4.030318e+00]
 [ 9.320052e-01  7.341560e+00 -6.488405e-01 -4.060512e+00]
 [ 9.254947e-01  7.300922e+00 -6.510448e-01 -4.063756e+00]
 [ 9.189925e-01  7.260503e+00 -6.502253e-01 -4.041922e+00]
 [ 9.125252e-01  7.220510e+00 -6.467245e-01 -3.999286e+00]
 [ 9.061092e-01  7.181133e+00 -6.416025e-01 -3.937703e+00]
 [ 8.997680e-01  7.142450e+00 -6.341197e-01 -3.868307e+00]
 [ 8.935210e-01  7.104471e+00 -6.246940e-01 -3.797926e+00]
 [ 8.873879e-01  7.067201e+00 -6.133189e-01 -3.727000e+00]
 [ 8.813831e-01  7.030578e+00 -6.004806e-01 -3.662319e+00]
 [ 8.755553e-01  6.994153e+00 -5.827709e-01 -3.642448e+00]
 [ 8.699486e-01  6.957509e+00 -5.606723e-01 -3.664441e+00]
 [ 8.646050e-01  6.920271e+00 -5.343566e-01 -3.723768e+00]
 [ 8.595573e-01  6.882156e+00 -5.047774e-01 -3.811541e+00]
 [ 8.548403e-01  6.842893e+00 -4.717009e-01 -3.926256e+00]
 [ 8.504871e-01  6.802446e+00 -4.353209e-01 -4.044737e+00]
 [ 8.465224e-01  6.760767e+00 -3.964640e-01 -4.167953e+00]
 [ 8.429787e-01  6.717817e+00 -3.543705e-01 -4.294908e+00]
 [ 8.398809e-01  6.673556e+00 -3.097813e-01 -4.426149e+00]
 [ 8.372378e-01  6.627938e+00 -2.643140e-01 -4.561818e+00]
 [ 8.350520e-01  6.580949e+00 -2.185749e-01 -4.698897e+00]
 [ 8.333178e-01  6.532611e+00 -1.734248e-01 -4.833798e+00]
 [ 8.319895e-01  6.483120e+00 -1.328271e-01 -4.949053e+00]
 [ 8.310143e-01  6.433066e+00 -9.751610e-02 -5.005446e+00]
 [ 8.303609e-01  6.383140e+00 -6.533649e-02 -4.992598e+00]
 [ 8.300042e-01  6.333958e+00 -3.567426e-02 -4.918146e+00]
 [ 8.299114e-01  6.286105e+00 -9.280046e-03 -4.785326e+00]
 [ 8.300617e-01  6.240083e+00  1.503035e-02 -4.602216e+00]
 [ 8.304585e-01  6.196134e+00  3.967544e-02 -4.394862e+00]
 [ 8.311589e-01  6.154345e+00  7.004138e-02 -4.178914e+00]
 [ 8.322393e-01  6.114773e+00  1.080436e-01 -3.957242e+00]
 [ 8.337849e-01  6.077437e+00  1.545577e-01 -3.733543e+00]
 [ 8.359290e-01  6.042323e+00  2.144128e-01 -3.511400e+00]
 [ 8.389541e-01  6.009403e+00  3.025042e-01 -3.292024e+00]
 [ 8.432376e-01  5.978698e+00  4.283486e-01 -3.070484e+00]
 [ 8.490297e-01  5.950210e+00  5.792169e-01 -2.848866e+00]
 [ 8.565014e-01  5.923912e+00  7.471699e-01 -2.629781e+00]
 [ 8.657795e-01  5.899786e+00  9.278069e-01 -2.412539e+00]
 [ 8.769414e-01  5.877869e+00  1.116192e+00 -2.191703e+00]
 [ 8.900497e-01  5.858176e+00  1.310826e+00 -1.969296e+00]
 [ 9.051805e-01  5.840693e+00  1.513081e+00 -1.748378e+00]
 [ 9.223756e-01  5.825391e+00  1.719505e+00 -1.530174e+00]
 [ 9.416673e-01  5.812232e+00  1.929177e+00 -1.315869e+00]
 [ 9.630773e-01  5.801168e+00  2.141000e+00 -1.106422e+00]
 [ 9.865890e-01  5.792097e+00  2.351167e+00 -9.070641e-01]
 [ 1.012190e+00  5.784962e+00  2.560059e+00 -7.135010e-01]
 [ 1.039862e+00  5.779666e+00  2.767253e+00 -5.295790e-01]
 [ 1.069592e+00  5.776072e+00  2.972944e+00 -3.595088e-01]
 [ 1.101380e+00  5.773952e+00  3.178848e+00 -2.119672e-01]
 [ 1.135191e+00  5.773095e+00  3.381075e+00 -8.568212e-02]
 [ 1.170984e+00  5.773311e+00  3.579288e+00  2.155250e-02]
 [ 1.208736e+00  5.774376e+00  3.775187e+00  1.066020e-01]
 [ 1.248414e+00  5.776122e+00  3.967829e+00  1.745308e-01]
 [ 1.289982e+00  5.778412e+00  4.156820e+00  2.289888e-01]
 [ 1.333374e+00  5.781087e+00  4.339232e+00  2.675198e-01]
 [ 1.378509e+00  5.784018e+00  4.513489e+00  2.930722e-01]
 [ 1.425263e+00  5.787076e+00  4.675408e+00  3.058704e-01]
 [ 1.473256e+00  5.790193e+00  4.799285e+00  3.116623e-01]
 [ 1.521891e+00  5.793315e+00  4.863501e+00  3.122672e-01]
 [ 1.570551e+00  5.796392e+00  4.865997e+00  3.076724e-01]
 [ 1.618646e+00  5.799386e+00  4.809525e+00  2.993614e-01]
 [ 1.665672e+00  5.802264e+00  4.702571e+00  2.878314e-01]
 [ 1.711176e+00  5.804969e+00  4.550398e+00  2.704748e-01]
 [ 1.755151e+00  5.807500e+00  4.397490e+00  2.531041e-01]
 [ 1.797580e+00  5.809857e+00  4.242889e+00  2.357068e-01]
 [ 1.838510e+00  5.812050e+00  4.093026e+00  2.193370e-01]
 [ 1.878370e+00  5.814067e+00  3.985951e+00  2.017030e-01]
 [ 1.917985e+00  5.815905e+00  3.961529e+00  1.837762e-01]
 [ 1.958328e+00  5.817610e+00  4.034359e+00  1.704512e-01]
 [ 2.000209e+00  5.819209e+00  4.188054e+00  1.599537e-01]
 [ 2.043664e+00  5.820677e+00  4.345509e+00  1.467569e-01]
 [ 2.088712e+00  5.821971e+00  4.504832e+00  1.294117e-01]
 [ 2.135401e+00  5.823062e+00  4.668888e+00  1.091213e-01]
 [ 2.183777e+00  5.823921e+00  4.837547e+00  8.587123e-02]
 [ 2.233829e+00  5.824548e+00  5.005165e+00  6.275035e-02]
 [ 2.285436e+00  5.824974e+00  5.160731e+00  4.256967e-02]
 [ 2.336732e+00  5.825237e+00  5.129656e+00  2.628243e-02]
 [ 2.387687e+00  5.825396e+00  5.095487e+00  1.587370e-02]
 [ 2.438100e+00  5.825517e+00  5.041312e+00  1.216732e-02]
 [ 2.487983e+00  5.825693e+00  4.988221e+00  1.753283e-02]
 [ 2.537227e+00  5.825964e+00  4.924479e+00  2.717965e-02]
 [ 2.585545e+00  5.826367e+00  4.831769e+00  4.025325e-02]
 [ 2.632526e+00  5.826931e+00  4.698086e+00  5.644574e-02]
 [ 2.678129e+00  5.827680e+00  4.560310e+00  7.481764e-02]
 [ 2.722338e+00  5.828630e+00  4.420925e+00  9.503784e-02]
 [ 2.765277e+00  5.829791e+00  4.293879e+00  1.160899e-01]
 [ 2.807297e+00  5.831203e+00  4.202046e+00  1.412189e-01]
 [ 2.848859e+00  5.832889e+00  4.156147e+00  1.685701e-01]
 [ 2.890599e+00  5.834883e+00  4.173986e+00  1.994277e-01]
 [ 2.933147e+00  5.837223e+00  4.254846e+00  2.339292e-01]
 [ 2.976976e+00  5.839906e+00  4.382850e+00  2.683825e-01]
 [ 3.022400e+00  5.842925e+00  4.542380e+00  3.018645e-01]
 [ 3.069539e+00  5.846246e+00  4.713924e+00  3.321044e-01]
 [ 3.118451e+00  5.849842e+00  4.891265e+00  3.595577e-01]
 [ 3.169144e+00  5.853711e+00  5.069253e+00  3.869027e-01]
 [ 3.220748e+00  5.857848e+00  5.160373e+00  4.137235e-01]
 [ 3.272086e+00  5.862202e+00  5.133836e+00  4.353871e-01]
 [ 3.323232e+00  5.866742e+00  5.114625e+00  4.540419e-01]
 [ 3.374132e+00  5.871430e+00  5.089996e+00  4.688413e-01]
 [ 3.424640e+00  5.876206e+00  5.050804e+00  4.775867e-01]
 [ 3.474712e+00  5.881018e+00  5.007210e+00  4.811415e-01]
 [ 3.524322e+00  5.885847e+00  4.960935e+00  4.829350e-01]
 [ 3.573033e+00  5.890700e+00  4.871097e+00  4.852917e-01]
 [ 3.620400e+00  5.895578e+00  4.736702e+00  4.877774e-01]
 [ 3.666221e+00  5.900483e+00  4.582170e+00  4.905488e-01]
 [ 3.710464e+00  5.905443e+00  4.424260e+00  4.959382e-01]
 [ 3.753139e+00  5.910515e+00  4.267479e+00  5.072489e-01]
 [ 3.794302e+00  5.915736e+00  4.116268e+00  5.221149e-01]
 [ 3.834389e+00  5.921111e+00  4.008732e+00  5.374731e-01]
 [ 3.874094e+00  5.926685e+00  3.970569e+00  5.573692e-01]
 [ 3.914250e+00  5.932483e+00  4.015566e+00  5.798450e-01]
 [ 3.955539e+00  5.938498e+00  4.128894e+00  6.015271e-01]
 [ 3.998268e+00  5.944728e+00  4.272878e+00  6.229922e-01]
 [ 4.042580e+00  5.951159e+00  4.431170e+00  6.430992e-01]
 [ 4.088501e+00  5.957741e+00  4.592169e+00  6.581377e-01]
 [ 4.135981e+00  5.964367e+00  4.747931e+00  6.626600e-01]
 [ 4.184951e+00  5.970934e+00  4.897045e+00  6.567056e-01]
 [ 4.235298e+00  5.977337e+00  5.034661e+00  6.402689e-01]
 [ 4.286499e+00  5.983471e+00  5.120128e+00  6.133786e-01]
 [ 4.337368e+00  5.989271e+00  5.086932e+00  5.800424e-01]
 [ 4.387621e+00  5.994736e+00  5.025329e+00  5.465123e-01]
 [ 4.437189e+00  5.999910e+00  4.956714e+00  5.173341e-01]
 [ 4.485626e+00  6.004832e+00  4.843684e+00  4.922434e-01]
 [ 4.532354e+00  6.009565e+00  4.672831e+00  4.732711e-01]
 [ 4.577019e+00  6.014216e+00  4.466521e+00  4.650912e-01]
 [ 4.619459e+00  6.018878e+00  4.243958e+00  4.662852e-01]
 [ 4.659685e+00  6.023628e+00  4.022598e+00  4.749077e-01]
 [ 4.697703e+00  6.028557e+00  3.801846e+00  4.929777e-01]
 [ 4.733536e+00  6.033802e+00  3.583290e+00  5.244510e-01]
 [ 4.767233e+00  6.039548e+00  3.369710e+00  5.745904e-01]
 [ 4.798889e+00  6.046037e+00  3.165625e+00  6.489530e-01]
 [ 4.828487e+00  6.053703e+00  2.959798e+00  7.665373e-01]
 [ 4.855993e+00  6.062917e+00  2.750566e+00  9.214489e-01]
 [ 4.881360e+00  6.073917e+00  2.536690e+00  1.099972e+00]
 [ 4.904580e+00  6.086838e+00  2.321951e+00  1.292144e+00]
 [ 4.925683e+00  6.101766e+00  2.110405e+00  1.492711e+00]
 [ 4.944681e+00  6.118738e+00  1.899789e+00  1.697231e+00]
 [ 4.961651e+00  6.137791e+00  1.696947e+00  1.905326e+00]
 [ 4.976572e+00  6.158909e+00  1.492075e+00  2.111820e+00]
 [ 4.989426e+00  6.182075e+00  1.285460e+00  2.316530e+00]
 [ 5.000228e+00  6.207294e+00  1.080246e+00  2.521905e+00]
 [ 5.008999e+00  6.234585e+00  8.770624e-01  2.729118e+00]
 [ 5.015770e+00  6.263982e+00  6.771166e-01  2.939737e+00]
 [ 5.020618e+00  6.295514e+00  4.848165e-01  3.153142e+00]
 [ 5.023659e+00  6.329197e+00  3.040318e-01  3.368316e+00]
 [ 5.025080e+00  6.365016e+00  1.421222e-01  3.581915e+00]
 [ 5.025174e+00  6.402910e+00  9.423118e-03  3.789425e+00]
 [ 5.024201e+00  6.442776e+00 -9.731952e-02  3.986547e+00]
 [ 5.022384e+00  6.484459e+00 -1.816931e-01  4.168317e+00]
 [ 5.019995e+00  6.527370e+00 -2.388796e-01  4.291112e+00]
 [ 5.017259e+00  6.570924e+00 -2.736184e-01  4.355429e+00]
 [ 5.014320e+00  6.614529e+00 -2.938793e-01  4.360510e+00]
 [ 5.011252e+00  6.657600e+00 -3.067990e-01  4.307042e+00]
 [ 5.008093e+00  6.699731e+00 -3.159618e-01  4.213103e+00]
 [ 5.004850e+00  6.740612e+00 -3.243016e-01  4.088138e+00]
 [ 5.001503e+00  6.780222e+00 -3.346886e-01  3.960994e+00]
 [ 4.998042e+00  6.818622e+00 -3.461421e-01  3.839939e+00]
 [ 4.994429e+00  6.856352e+00 -3.613074e-01  3.773046e+00]
 [ 4.990625e+00  6.894026e+00 -3.802849e-01  3.767415e+00]
 [ 4.986617e+00  6.932178e+00 -4.008352e-01  3.815198e+00]
 [ 4.982439e+00  6.971288e+00 -4.178860e-01  3.911018e+00]
 [ 4.978159e+00  7.011760e+00 -4.278785e-01  4.047163e+00]
 [ 4.973872e+00  7.053818e+00 -4.288101e-01  4.205797e+00]
 [ 4.969676e+00  7.097505e+00 -4.195252e-01  4.368670e+00]
 [ 4.965656e+00  7.142867e+00 -4.020091e-01  4.536184e+00]
 [ 4.961880e+00  7.189857e+00 -3.776368e-01  4.699124e+00]
 [ 4.958416e+00  7.238347e+00 -3.463387e-01  4.848881e+00]
 [ 4.955337e+00  7.288119e+00 -3.079433e-01  4.977217e+00]
 [ 4.952692e+00  7.338774e+00 -2.645565e-01  5.065533e+00]
 [ 4.950499e+00  7.388965e+00 -2.192144e-01  5.019103e+00]
 [ 4.948782e+00  7.438443e+00 -1.716831e-01  4.947793e+00]
 [ 4.947568e+00  7.486726e+00 -1.214360e-01  4.828328e+00]
 [ 4.946923e+00  7.533228e+00 -6.449769e-02  4.650182e+00]
 [ 4.946948e+00  7.577543e+00  2.478665e-03  4.431480e+00]
 [ 4.947715e+00  7.619627e+00  7.669118e-02  4.208358e+00]
 [ 4.949259e+00  7.659527e+00  1.543999e-01  3.990063e+00]
 [ 4.951638e+00  7.697283e+00  2.379155e-01  3.775556e+00]
 [ 4.954897e+00  7.732912e+00  3.258870e-01  3.562891e+00]
 [ 4.959184e+00  7.766564e+00  4.287554e-01  3.365266e+00]
 [ 4.964808e+00  7.798263e+00  5.623122e-01  3.169826e+00]
 [ 4.972119e+00  7.827969e+00  7.311528e-01  2.970688e+00]
 [ 4.981351e+00  7.855633e+00  9.232108e-01  2.766372e+00]
 [ 4.992596e+00  7.881293e+00  1.124515e+00  2.566056e+00]
 [ 5.005949e+00  7.905153e+00  1.335277e+00  2.385957e+00]
 [ 5.021488e+00  7.927249e+00  1.553907e+00  2.209636e+00]
 [ 5.039254e+00  7.947748e+00  1.776565e+00  2.049825e+00]
 [ 5.059254e+00  7.966524e+00  2.000037e+00  1.877634e+00]
 [ 5.081448e+00  7.983572e+00  2.219402e+00  1.704812e+00]
 [ 5.105813e+00  7.998919e+00  2.436475e+00  1.534690e+00]
 [ 5.132325e+00  8.012638e+00  2.651207e+00  1.371872e+00]
 [ 5.160964e+00  8.024876e+00  2.863880e+00  1.223831e+00]
 [ 5.191706e+00  8.035791e+00  3.074262e+00  1.091515e+00]
 [ 5.224541e+00  8.045543e+00  3.283453e+00  9.751092e-01]
 [ 5.259492e+00  8.054217e+00  3.495107e+00  8.674930e-01]
 [ 5.296568e+00  8.061941e+00  3.707581e+00  7.724141e-01]
 [ 5.335737e+00  8.068872e+00  3.916884e+00  6.931093e-01]
 [ 5.376956e+00  8.075231e+00  4.121969e+00  6.357954e-01]
 [ 5.420155e+00  8.081233e+00  4.319889e+00  6.002365e-01]
 [ 5.465162e+00  8.087074e+00  4.500639e+00  5.841572e-01]
 [ 5.511579e+00  8.092876e+00  4.641762e+00  5.802215e-01]
 [ 5.558915e+00  8.098743e+00  4.733524e+00  5.866513e-01]
 [ 5.606573e+00  8.104790e+00  4.765864e+00  6.046256e-01]
 [ 5.653981e+00  8.111062e+00  4.740796e+00  6.272651e-01]
 [ 5.700571e+00  8.117609e+00  4.658956e+00  6.546876e-01]
 [ 5.745859e+00  8.124437e+00  4.528861e+00  6.828156e-01]
 [ 5.789666e+00  8.131539e+00  4.380705e+00  7.102245e-01]
 [ 5.831954e+00  8.138923e+00  4.228796e+00  7.383367e-01]
 [ 5.873040e+00  8.146606e+00  4.108555e+00  7.684169e-01]
 [ 5.913726e+00  8.154620e+00  4.068614e+00  8.013299e-01]
 [ 5.954707e+00  8.163000e+00  4.098078e+00  8.379851e-01]
 [ 5.996536e+00  8.171759e+00  4.182942e+00  8.758417e-01]
 [ 6.039468e+00  8.180922e+00  4.293228e+00  9.163362e-01]
 [ 6.083511e+00  8.190527e+00  4.404258e+00  9.605278e-01]
 [ 6.128756e+00  8.200587e+00  4.524513e+00  1.005983e+00]
 [ 6.175186e+00  8.199799e+00  4.643013e+00 -7.879587e-02]
 [ 6.222630e+00  8.199391e+00  4.744323e+00 -4.073481e-02]
 [ 6.271074e+00  8.199080e+00  4.844425e+00 -3.111642e-02]
 [ 6.320441e+00  8.198846e+00  4.936750e+00 -2.348565e-02]
 [ 6.370467e+00  8.199632e+00  5.002530e+00  7.864207e-02]
 [ 6.420770e+00  8.201384e+00  5.030346e+00  1.751961e-01]
 [ 6.470640e+00  8.204047e+00  4.987027e+00  2.663428e-01]
 [ 6.519909e+00  8.207579e+00  4.926874e+00  3.531136e-01]
 [ 6.568144e+00  8.211911e+00  4.823509e+00  4.333030e-01]
 [ 6.614977e+00  8.216968e+00  4.683281e+00  5.056127e-01]
 [ 6.660137e+00  8.222706e+00  4.516030e+00  5.738418e-01]
 [ 6.703453e+00  8.229124e+00  4.331589e+00  6.417837e-01]
 [ 6.744796e+00  8.236222e+00  4.134243e+00  7.098221e-01]
 [ 6.784066e+00  8.243975e+00  3.926995e+00  7.752745e-01]
 [ 6.821186e+00  8.252424e+00  3.712054e+00  8.449816e-01]
 [ 6.856113e+00  8.261706e+00  3.492731e+00  9.281657e-01]
 [ 6.888842e+00  8.272052e+00  3.272819e+00  1.034525e+00]
 [ 6.919352e+00  8.283670e+00  3.050992e+00  1.161908e+00]
 [ 6.947658e+00  8.296769e+00  2.830611e+00  1.309862e+00]
 [ 6.973820e+00  8.311521e+00  2.616270e+00  1.475132e+00]
 [ 6.997913e+00  8.328015e+00  2.409311e+00  1.649514e+00]
 [ 7.019993e+00  8.346327e+00  2.207949e+00  1.831082e+00]
 [ 7.040132e+00  8.366480e+00  2.013868e+00  2.015334e+00]
 [ 7.058386e+00  8.388456e+00  1.825446e+00  2.197656e+00]
 [ 7.074800e+00  8.412196e+00  1.641385e+00  2.373939e+00]
 [ 7.089450e+00  8.437630e+00  1.465066e+00  2.543360e+00]
 [ 7.102474e+00  8.464685e+00  1.302303e+00  2.705637e+00]
 [ 7.114028e+00  8.493277e+00  1.155444e+00  2.859096e+00]
 [ 7.124280e+00  8.523338e+00  1.025205e+00  3.006170e+00]
 [ 7.133377e+00  8.554801e+00  9.096304e-01  3.146216e+00]
 [ 7.141472e+00  8.587577e+00  8.095556e-01  3.277652e+00]
 [ 7.148695e+00  8.621578e+00  7.223235e-01  3.400093e+00]
 [ 7.155208e+00  8.656502e+00  6.513016e-01  3.492402e+00]
 [ 7.161166e+00  8.691988e+00  5.957780e-01  3.548617e+00]
 [ 7.166717e+00  8.727617e+00  5.550662e-01  3.562885e+00]
 [ 7.171946e+00  8.763048e+00  5.228809e-01  3.543120e+00]
 [ 7.176918e+00  8.797962e+00  4.972044e-01  3.491427e+00]
 [ 7.181675e+00  8.832140e+00  4.757924e-01  3.417735e+00]
 [ 7.186236e+00  8.865452e+00  4.560878e-01  3.331138e+00]
 [ 7.190600e+00  8.897925e+00  4.364152e-01  3.247408e+00]
 [ 7.194777e+00  8.929573e+00  4.177035e-01  3.164796e+00]
 [ 7.198779e+00  8.960481e+00  4.001795e-01  3.090712e+00]
 [ 7.198533e+00  8.990832e+00 -2.460932e-02  3.035206e+00]
 [ 7.198397e+00  9.020908e+00 -1.358895e-02  3.007607e+00]
 [ 7.198306e+00  9.050706e+00 -9.185287e-03  2.979684e+00]
 [ 7.198237e+00  9.080353e+00 -6.806803e-03  2.964737e+00]
 [ 7.197917e+00  9.110065e+00 -3.203123e-02  2.971234e+00]
 [ 7.197588e+00  9.139922e+00 -3.286365e-02  2.985730e+00]
 [ 7.197438e+00  9.169748e+00 -1.500559e-02  2.982539e+00]
 [ 7.197306e+00  9.199679e+00 -1.321333e-02  2.993179e+00]
 [ 7.197252e+00  9.229417e+00 -5.380154e-03  2.973711e+00]
 [ 7.197224e+00  9.259184e+00 -2.891468e-03  2.976695e+00]
 [ 7.197186e+00  9.288845e+00 -3.710448e-03  2.966120e+00]
 [ 7.197271e+00  9.318442e+00  8.483764e-03  2.959718e+00]
 [ 7.197351e+00  9.347809e+00  7.992066e-03  2.936643e+00]
 [ 7.197435e+00  9.377162e+00  8.373158e-03  2.935342e+00]
 [ 7.197613e+00  9.406380e+00  1.777953e-02  2.921822e+00]
 [ 7.197767e+00  9.435420e+00  1.544709e-02  2.903996e+00]
 [ 7.197716e+00  9.464527e+00 -5.141137e-03  2.910744e+00]
 [ 7.197675e+00  9.493576e+00 -4.062186e-03  2.904812e+00]
 [ 7.197657e+00  9.522635e+00 -1.866402e-03  2.905900e+00]
 [ 7.197291e+00  9.551702e+00 -3.655335e-02  2.906816e+00]
 [ 5.020729e+00  3.985501e+00  2.963336e-01  6.115532e-02]
 [ 5.025342e+00  3.986935e+00  4.613485e-01  1.433768e-01]
 [ 5.031646e+00  3.989144e+00  6.303648e-01  2.209128e-01]
 [ 5.039652e+00  3.992041e+00  8.005838e-01  2.896967e-01]
 [ 5.049351e+00  3.995531e+00  9.699197e-01  3.489724e-01]
 [ 5.060730e+00  3.999523e+00  1.137898e+00  3.992002e-01]
 [ 5.073750e+00  4.003943e+00  1.301958e+00  4.420479e-01]
 [ 5.088389e+00  4.008714e+00  1.464006e+00  4.770848e-01]
 [ 5.104612e+00  4.013750e+00  1.622230e+00  5.035942e-01]
 [ 5.122437e+00  4.019025e+00  1.782522e+00  5.274733e-01]
 [ 5.141876e+00  4.024539e+00  1.943907e+00  5.514538e-01]
 [ 5.162917e+00  4.030315e+00  2.104083e+00  5.775465e-01]
 [ 5.185524e+00  4.036378e+00  2.260678e+00  6.062844e-01]
 [ 5.209697e+00  4.042744e+00  2.417307e+00  6.366177e-01]
 [ 5.235461e+00  4.049426e+00  2.576450e+00  6.681997e-01]
 [ 5.262822e+00  4.056449e+00  2.736050e+00  7.023300e-01]
 [ 5.291793e+00  4.063826e+00  2.897126e+00  7.376308e-01]
 [ 5.322347e+00  4.071568e+00  3.055411e+00  7.742515e-01]
 [ 5.354432e+00  4.079685e+00  3.208473e+00  8.117040e-01]
 [ 5.387953e+00  4.088176e+00  3.352101e+00  8.490760e-01]
 [ 5.422797e+00  4.097057e+00  3.484394e+00  8.881139e-01]
 [ 5.458794e+00  4.106346e+00  3.599747e+00  9.289223e-01]
 [ 5.495520e+00  4.116063e+00  3.672587e+00  9.717010e-01]
 [ 5.532524e+00  4.126218e+00  3.700323e+00  1.015492e+00]
 [ 5.569317e+00  4.136820e+00  3.679389e+00  1.060178e+00]
 [ 5.605525e+00  4.147851e+00  3.620812e+00  1.103067e+00]
 [ 5.640916e+00  4.159236e+00  3.539038e+00  1.138571e+00]
 [ 5.675466e+00  4.170895e+00  3.454961e+00  1.165879e+00]
 [ 5.709141e+00  4.182752e+00  3.367582e+00  1.185694e+00]
 [ 5.741968e+00  4.194763e+00  3.282682e+00  1.201053e+00]
 [ 5.774131e+00  4.206901e+00  3.216293e+00  1.213835e+00]
 [ 5.806157e+00  4.204471e+00  3.202578e+00 -2.430131e-01]
 [ 5.838037e+00  4.202898e+00  3.188032e+00 -1.573407e-01]
 [ 5.870316e+00  4.201708e+00  3.227843e+00 -1.188779e-01]
 [ 5.903364e+00  4.200816e+00  3.304875e+00 -8.929423e-02]
 [ 5.937461e+00  4.200146e+00  3.409691e+00 -6.698585e-02]
 [ 5.972921e+00  4.199643e+00  3.545996e+00 -5.028420e-02]
 [ 6.009837e+00  4.199265e+00  3.691612e+00 -3.779723e-02]
 [ 6.048249e+00  4.198980e+00  3.841131e+00 -2.851005e-02]
 [ 6.088164e+00  4.198764e+00  3.991548e+00 -2.159600e-02]
 [ 6.129591e+00  4.198604e+00  4.142720e+00 -1.595590e-02]
 [ 6.172511e+00  4.198490e+00  4.291914e+00 -1.146066e-02]
 [ 6.216915e+00  4.198409e+00  4.440496e+00 -8.121661e-03]
 [ 6.262763e+00  4.198352e+00  4.584742e+00 -5.651212e-03]
 [ 6.309971e+00  4.198311e+00  4.720859e+00 -4.041089e-03]
 [ 6.358370e+00  4.199001e+00  4.839913e+00  6.893600e-02]
 [ 6.407457e+00  4.200389e+00  4.908669e+00  1.388402e-01]
 [ 6.456637e+00  4.202431e+00  4.917998e+00  2.041450e-01]
 [ 6.505325e+00  4.205078e+00  4.868772e+00  2.647590e-01]
 [ 6.552881e+00  4.208276e+00  4.755600e+00  3.197540e-01]
 [ 6.598861e+00  4.211959e+00  4.598005e+00  3.683454e-01]
 [ 6.643015e+00  4.216090e+00  4.415386e+00  4.130678e-01]
 [ 6.685276e+00  4.220656e+00  4.226077e+00  4.565806e-01]
 [ 6.725586e+00  4.225659e+00  4.031032e+00  5.003604e-01]
 [ 6.763896e+00  4.231123e+00  3.830946e+00  5.463991e-01]
 [ 6.800151e+00  4.237070e+00  3.625540e+00  5.945942e-01]
 [ 6.834341e+00  4.243576e+00  3.418960e+00  6.506413e-01]
 [ 6.866455e+00  4.250858e+00  3.211403e+00  7.281922e-01]
 [ 6.896477e+00  4.259179e+00  3.002244e+00  8.320741e-01]
 [ 6.924386e+00  4.268807e+00  2.790873e+00  9.628678e-01]
 [ 6.950203e+00  4.279909e+00  2.581774e+00  1.110138e+00]
 [ 6.973952e+00  4.292583e+00  2.374911e+00  1.267379e+00]
 [ 6.995634e+00  4.306914e+00  2.168166e+00  1.433187e+00]
 [ 7.015221e+00  4.322969e+00  1.958722e+00  1.605515e+00]
 [ 7.032693e+00  4.340770e+00  1.747225e+00  1.780021e+00]
 [ 7.048042e+00  4.360318e+00  1.534825e+00  1.954803e+00]
 [ 7.061265e+00  4.381612e+00  1.322340e+00  2.129474e+00]
 [ 7.072402e+00  4.404631e+00  1.113651e+00  2.301904e+00]
 [ 7.081510e+00  4.429338e+00  9.108416e-01  2.470689e+00]
 [ 7.088758e+00  4.455689e+00  7.247719e-01  2.635086e+00]
 [ 7.094319e+00  4.483588e+00  5.561134e-01  2.789875e+00]
 [ 7.098411e+00  4.512800e+00  4.091979e-01  2.921213e+00]
 [ 7.101208e+00  4.543092e+00  2.797339e-01  3.029166e+00]
 [ 7.102854e+00  4.574221e+00  1.645291e-01  3.112905e+00]
 [ 7.103440e+00  4.605929e+00  5.867202e-02  3.170855e+00]
 [ 7.103042e+00  4.637956e+00 -3.987342e-02  3.202707e+00]
 [ 7.101720e+00  4.670124e+00 -1.321195e-01  3.216772e+00]
 [ 7.099509e+00  4.702343e+00 -2.211819e-01  3.221873e+00]
 [ 7.096427e+00  4.734803e+00 -3.081574e-01  3.246066e+00]
 [ 7.092487e+00  4.767882e+00 -3.939416e-01  3.307832e+00]
 [ 7.087713e+00  4.801902e+00 -4.774705e-01  3.402077e+00]
 [ 7.082147e+00  4.837192e+00 -5.565736e-01  3.528890e+00]
 [ 7.075828e+00  4.874078e+00 -6.319284e-01  3.688709e+00]
 [ 7.068823e+00  4.912869e+00 -7.004790e-01  3.879074e+00]
 [ 7.061207e+00  4.953645e+00 -7.615702e-01  4.077607e+00]
 [ 7.053071e+00  4.996438e+00 -8.136847e-01  4.279209e+00]
 [ 7.044528e+00  5.041264e+00 -8.542548e-01  4.482603e+00]
 [ 7.035694e+00  5.088126e+00 -8.833932e-01  4.686238e+00]
 [ 7.026682e+00  5.136995e+00 -9.012222e-01  4.886933e+00]
 [ 7.017606e+00  5.187839e+00 -9.075360e-01  5.084372e+00]
 [ 7.008558e+00  5.239774e+00 -9.048405e-01  5.193546e+00]
 [ 6.999599e+00  5.291658e+00 -8.959057e-01  5.188405e+00]
 [ 6.990775e+00  5.343291e+00 -8.824235e-01  5.163250e+00]
 [ 6.982129e+00  5.394552e+00 -8.646101e-01  5.126107e+00]
 [ 6.973697e+00  5.445446e+00 -8.431806e-01  5.089344e+00]
 [ 6.965516e+00  5.495944e+00 -8.181178e-01  5.049899e+00]
 [ 6.957617e+00  5.546021e+00 -7.898889e-01  5.007607e+00]
 [ 6.950037e+00  5.595688e+00 -7.579129e-01  4.966729e+00]
 [ 6.942799e+00  5.644605e+00 -7.238818e-01  4.891740e+00]
 [ 6.935896e+00  5.692423e+00 -6.902385e-01  4.781772e+00]
 [ 6.929300e+00  5.738979e+00 -6.596330e-01  4.655631e+00]
 [ 6.922942e+00  5.784157e+00 -6.357938e-01  4.517784e+00]
 [ 6.916735e+00  5.827863e+00 -6.207680e-01  4.370643e+00]
 [ 6.910576e+00  5.870061e+00 -6.158615e-01  4.219756e+00]
 [ 6.904351e+00  5.910699e+00 -6.224753e-01  4.063778e+00]
 [ 6.897917e+00  5.949734e+00 -6.434298e-01  3.903556e+00]
 [ 6.891099e+00  5.987141e+00 -6.818044e-01  3.740647e+00]
 [ 6.883682e+00  6.022880e+00 -7.416394e-01  3.573917e+00]
 [ 6.875415e+00  6.056921e+00 -8.267094e-01  3.404092e+00]
 [ 6.866036e+00  6.089208e+00 -9.378794e-01  3.228716e+00]
 [ 6.855314e+00  6.119699e+00 -1.072247e+00  3.049046e+00]
 [ 6.843027e+00  6.148369e+00 -1.228752e+00  2.867016e+00]
 [ 6.828990e+00  6.175213e+00 -1.403608e+00  2.684435e+00]
 [ 6.813116e+00  6.200264e+00 -1.587492e+00  2.505084e+00]
 [ 6.795372e+00  6.199266e+00 -1.774415e+00 -9.973920e-02]
 [ 6.775519e+00  6.197314e+00 -1.985188e+00 -1.952229e-01]
 [ 6.753596e+00  6.194448e+00 -2.192328e+00 -2.866828e-01]
 [ 6.729626e+00  6.190639e+00 -2.397005e+00 -3.808840e-01]
 [ 6.703634e+00  6.185853e+00 -2.599239e+00 -4.784945e-01]
 [ 6.675649e+00  6.180091e+00 -2.798513e+00 -5.762393e-01]
 [ 6.645694e+00  6.173421e+00 -2.995495e+00 -6.670538e-01]
 [ 6.613773e+00  6.165918e+00 -3.192092e+00 -7.502438e-01]
 [ 6.579884e+00  6.157672e+00 -3.388907e+00 -8.246142e-01]
 [ 6.544049e+00  6.148778e+00 -3.583466e+00 -8.893873e-01]
 [ 6.506322e+00  6.139384e+00 -3.772654e+00 -9.394298e-01]
 [ 6.466788e+00  6.129681e+00 -3.953415e+00 -9.703413e-01]
 [ 6.425519e+00  6.119787e+00 -4.126950e+00 -9.893308e-01]
 [ 6.382667e+00  6.109806e+00 -4.285236e+00 -9.980970e-01]
 [ 6.338606e+00  6.099900e+00 -4.406075e+00 -9.906114e-01]
 [ 6.293946e+00  6.090235e+00 -4.465930e+00 -9.664811e-01]
 [ 6.249268e+00  6.080943e+00 -4.467880e+00 -9.292873e-01]
 [ 6.205181e+00  6.072120e+00 -4.408705e+00 -8.822570e-01]
 [ 6.162192e+00  6.063836e+00 -4.298882e+00 -8.283647e-01]
 [ 6.120636e+00  6.056170e+00 -4.155512e+00 -7.665994e-01]
 [ 6.080691e+00  6.049202e+00 -3.994548e+00 -6.967990e-01]
 [ 6.042410e+00  6.043005e+00 -3.828054e+00 -6.197898e-01]
 [ 6.005655e+00  6.037632e+00 -3.675515e+00 -5.372895e-01]
 [ 5.970157e+00  6.033099e+00 -3.549865e+00 -4.532356e-01]
 [ 5.935205e+00  6.029447e+00 -3.495212e+00 -3.652642e-01]
 [ 5.900002e+00  6.026685e+00 -3.520259e+00 -2.761341e-01]
 [ 5.863817e+00  6.024775e+00 -3.618524e+00 -1.910233e-01]
 [ 5.826257e+00  6.023669e+00 -3.755941e+00 -1.105787e-01]
 [ 5.787232e+00  6.023325e+00 -3.902567e+00 -3.443325e-02]
 [ 5.746697e+00  6.023697e+00 -4.053480e+00  3.721826e-02]
 [ 5.704653e+00  6.024738e+00 -4.204400e+00  1.041168e-01]
 [ 5.661128e+00  6.026379e+00 -4.352496e+00  1.641049e-01]
 [ 5.616210e+00  6.028505e+00 -4.491841e+00  2.125673e-01]
 [ 5.570007e+00  6.030964e+00 -4.620275e+00  2.459549e-01]
 [ 5.522597e+00  6.033629e+00 -4.741024e+00  2.664965e-01]
 [ 5.474359e+00  6.036366e+00 -4.823797e+00  2.736960e-01]
 [ 5.426031e+00  6.039062e+00 -4.832819e+00  2.695431e-01]
 [ 5.378307e+00  6.041653e+00 -4.772352e+00  2.590796e-01]
 [ 5.331839e+00  6.044122e+00 -4.646770e+00  2.469171e-01]
 [ 5.287231e+00  6.046493e+00 -4.460845e+00  2.371112e-01]
 [ 5.244764e+00  6.048844e+00 -4.246669e+00  2.350983e-01]
 [ 5.204524e+00  6.051301e+00 -4.023987e+00  2.457626e-01]
 [ 5.166504e+00  6.054051e+00 -3.802038e+00  2.749301e-01]
 [ 5.130698e+00  6.057268e+00 -3.580592e+00  3.217155e-01]
 [ 5.097069e+00  6.061132e+00 -3.362887e+00  3.864587e-01]
 [ 5.065497e+00  6.065894e+00 -3.157190e+00  4.761823e-01]
 [ 5.035923e+00  6.071744e+00 -2.957412e+00  5.850113e-01]
 [ 5.008319e+00  6.078788e+00 -2.760378e+00  7.043554e-01]
 [ 4.982631e+00  6.087266e+00 -2.568864e+00  8.478001e-01]
 [ 4.958769e+00  6.097425e+00 -2.386173e+00  1.015933e+00]
 [ 4.936709e+00  6.109433e+00 -2.205951e+00  1.200733e+00]
 [ 4.916449e+00  6.123387e+00 -2.026092e+00  1.395465e+00]
 [ 4.898002e+00  6.139383e+00 -1.844689e+00  1.599608e+00]
 [ 4.881369e+00  6.157438e+00 -1.663225e+00  1.805512e+00]
 [ 4.866507e+00  6.177570e+00 -1.486265e+00  2.013122e+00]
 [ 4.853375e+00  6.199786e+00 -1.313162e+00  2.221662e+00]
 [ 4.841907e+00  6.224093e+00 -1.146813e+00  2.430695e+00]
 [ 4.832127e+00  6.250461e+00 -9.780033e-01  2.636765e+00]
 [ 4.824034e+00  6.278831e+00 -8.092455e-01  2.837067e+00]
 [ 4.817514e+00  6.309167e+00 -6.519927e-01  3.033598e+00]
 [ 4.812390e+00  6.341398e+00 -5.124116e-01  3.223021e+00]
 [ 4.808492e+00  6.375286e+00 -3.898059e-01  3.388852e+00]
 [ 4.805697e+00  6.410590e+00 -2.795333e-01  3.530404e+00]
 [ 4.803880e+00  6.447002e+00 -1.817138e-01  3.641207e+00]
 [ 4.802922e+00  6.484226e+00 -9.574590e-02  3.722354e+00]
 [ 4.802697e+00  6.521965e+00 -2.254776e-02  3.773913e+00]
 [ 4.803087e+00  6.559895e+00  3.901594e-02  3.793001e+00]
 [ 4.804013e+00  6.597642e+00  9.256802e-02  3.774736e+00]
 [ 4.805399e+00  6.634847e+00  1.386597e-01  3.720481e+00]
 [ 4.807173e+00  6.671369e+00  1.774111e-01  3.652146e+00]
 [ 4.809277e+00  6.707157e+00  2.103702e-01  3.578842e+00]
 [ 4.811677e+00  6.742298e+00  2.400163e-01  3.514079e+00]
 [ 4.814350e+00  6.777313e+00  2.672693e-01  3.501532e+00]
 [ 4.817276e+00  6.812664e+00  2.926223e-01  3.535072e+00]
 [ 4.820435e+00  6.848723e+00  3.158467e-01  3.605879e+00]
 [ 4.823796e+00  6.885808e+00  3.360885e-01  3.708524e+00]
 [ 4.827317e+00  6.924223e+00  3.521809e-01  3.841495e+00]
 [ 4.830951e+00  6.964284e+00  3.633972e-01  4.006092e+00]
 [ 4.834660e+00  7.006094e+00  3.708021e-01  4.180958e+00]
 [ 4.838408e+00  7.049633e+00  3.749008e-01  4.353945e+00]
 [ 4.842160e+00  7.094855e+00  3.751716e-01  4.522193e+00]
 [ 4.845882e+00  7.141693e+00  3.721856e-01  4.683855e+00]
 [ 4.849518e+00  7.190017e+00  3.636213e-01  4.832376e+00]
 [ 4.853041e+00  7.239571e+00  3.523176e-01  4.955390e+00]
 [ 4.856503e+00  7.289867e+00  3.461932e-01  5.029643e+00]
 [ 4.859987e+00  7.339981e+00  3.483625e-01  5.011377e+00]
 [ 4.863562e+00  7.389439e+00  3.575048e-01  4.945796e+00]
 [ 4.867270e+00  7.437765e+00  3.708734e-01  4.832608e+00]
 [ 4.871148e+00  7.484354e+00  3.877116e-01  4.658828e+00]
 [ 4.875249e+00  7.528977e+00  4.100999e-01  4.462316e+00]
 [ 4.879670e+00  7.571530e+00  4.421031e-01  4.255386e+00]
 [ 4.884553e+00  7.612033e+00  4.883367e-01  4.050286e+00]
 [ 4.890126e+00  7.650526e+00  5.573190e-01  3.849211e+00]
 [ 4.896619e+00  7.687111e+00  6.492263e-01  3.658576e+00]
 [ 4.904330e+00  7.721809e+00  7.711737e-01  3.469749e+00]
 [ 4.913548e+00  7.754613e+00  9.217439e-01  3.280393e+00]
 [ 4.924510e+00  7.785499e+00  1.096263e+00  3.088623e+00]
 [ 4.937390e+00  7.814415e+00  1.287921e+00  2.891591e+00]
 [ 4.952322e+00  7.841557e+00  1.493258e+00  2.714190e+00]
 [ 4.969385e+00  7.867069e+00  1.706222e+00  2.551206e+00]
 [ 4.988600e+00  7.891015e+00  1.921550e+00  2.394645e+00]
 [ 5.009979e+00  7.913522e+00  2.137856e+00  2.250650e+00]
 [ 5.033523e+00  7.934660e+00  2.354419e+00  2.113884e+00]
 [ 5.059228e+00  7.954272e+00  2.570559e+00  1.961138e+00]
 [ 5.087080e+00  7.972254e+00  2.785154e+00  1.798193e+00]
 [ 5.117054e+00  7.988753e+00  2.997475e+00  1.649928e+00]
 [ 5.149137e+00  8.003942e+00  3.208253e+00  1.518863e+00]
 [ 5.183310e+00  8.017967e+00  3.417281e+00  1.402543e+00]
 [ 5.219584e+00  8.030907e+00  3.627407e+00  1.293989e+00]
 [ 5.257965e+00  8.042808e+00  3.838055e+00  1.190073e+00]
 [ 5.298445e+00  8.053798e+00  4.048005e+00  1.098982e+00]
 [ 5.340976e+00  8.063989e+00  4.253181e+00  1.019138e+00]
 [ 5.385499e+00  8.073500e+00  4.452318e+00  9.510882e-01]
 [ 5.431894e+00  8.082515e+00  4.639458e+00  9.014876e-01]
 [ 5.479828e+00  8.091136e+00  4.793349e+00  8.620801e-01]
 [ 5.528860e+00  8.099476e+00  4.903172e+00  8.340216e-01]
 [ 5.578461e+00  8.107680e+00  4.960186e+00  8.204525e-01]
 [ 5.628090e+00  8.115871e+00  4.962888e+00  8.191060e-01]
 [ 5.677192e+00  8.124144e+00  4.910151e+00  8.272497e-01]
 [ 5.725209e+00  8.132536e+00  4.801701e+00  8.392045e-01]
 [ 5.771719e+00  8.141047e+00  4.651027e+00  8.511536e-01]
 [ 5.816639e+00  8.149696e+00  4.492016e+00  8.648585e-01]
 [ 5.859924e+00  8.158533e+00  4.328506e+00  8.837047e-01]
 [ 5.902400e+00  8.167580e+00  4.247607e+00  9.046275e-01]
 [ 5.944848e+00  8.176872e+00  4.244741e+00  9.292517e-01]
 [ 5.987944e+00  8.186439e+00  4.309588e+00  9.567065e-01]
 [ 6.032053e+00  8.196313e+00  4.410987e+00  9.873586e-01]
 [ 6.077229e+00  8.206531e+00  4.517636e+00  1.021773e+00]
 [ 6.123559e+00  8.204231e+00  4.632865e+00 -2.298964e-01]
 [ 6.170808e+00  8.202725e+00  4.724953e+00 -1.505727e-01]
 [ 6.219025e+00  8.201588e+00  4.821676e+00 -1.137979e-01]
 [ 6.268189e+00  8.200731e+00  4.916486e+00 -8.565238e-02]
 [ 6.318282e+00  8.200087e+00  5.009265e+00 -6.446739e-02]
 [ 6.368981e+00  8.200485e+00  5.069937e+00  3.983685e-02]
 [ 6.419338e+00  8.201868e+00  5.035668e+00  1.383387e-01]
 [ 6.469212e+00  8.204190e+00  4.987314e+00  2.322380e-01]
 [ 6.518485e+00  8.207405e+00  4.927381e+00  3.214912e-01]
 [ 6.566728e+00  8.211451e+00  4.824224e+00  4.045186e-01]
 [ 6.613564e+00  8.216235e+00  4.683661e+00  4.784318e-01]
 [ 6.658725e+00  8.221715e+00  4.516104e+00  5.480134e-01]
 [ 6.702033e+00  8.227887e+00  4.330767e+00  6.171739e-01]
 [ 6.743364e+00  8.234759e+00  4.133179e+00  6.872219e-01]
 [ 6.782620e+00  8.242306e+00  3.925521e+00  7.546805e-01]
 [ 6.819726e+00  8.250566e+00  3.710641e+00  8.260945e-01]
 [ 6.854646e+00  8.259663e+00  3.491935e+00  9.095600e-01]
 [ 6.887365e+00  8.269822e+00  3.271977e+00  1.015938e+00]
 [ 6.917874e+00  8.281254e+00  3.050910e+00  1.143156e+00]
 [ 6.946188e+00  8.294162e+00  2.831379e+00  1.290848e+00]
 [ 6.972362e+00  8.308730e+00  2.617337e+00  1.456845e+00]
 [ 6.996471e+00  8.325050e+00  2.410931e+00  1.632016e+00]
 [ 7.018578e+00  8.343195e+00  2.210668e+00  1.814464e+00]
 [ 7.038744e+00  8.363191e+00  2.016652e+00  1.999575e+00]
 [ 7.057032e+00  8.385021e+00  1.828744e+00  2.183045e+00]
 [ 7.073482e+00  8.408626e+00  1.645077e+00  2.360475e+00]
 [ 7.088170e+00  8.433936e+00  1.468718e+00  2.531037e+00]
 [ 7.101229e+00  8.460879e+00  1.305980e+00  2.694326e+00]
 [ 7.112818e+00  8.489367e+00  1.158845e+00  2.848726e+00]
 [ 7.123101e+00  8.519330e+00  1.028363e+00  2.996262e+00]
 [ 7.132226e+00  8.550697e+00  9.124985e-01  3.136772e+00]
 [ 7.140344e+00  8.583387e+00  8.117595e-01  3.269044e+00]
 [ 7.147583e+00  8.617312e+00  7.239279e-01  3.392488e+00]
 [ 7.154097e+00  8.652204e+00  6.513484e-01  3.489055e+00]
 [ 7.160056e+00  8.687671e+00  5.959154e-01  3.546765e+00]
 [ 7.165596e+00  8.723336e+00  5.539913e-01  3.566519e+00]
 [ 7.170816e+00  8.758834e+00  5.220496e-01  3.549824e+00]
 [ 7.175782e+00  8.793839e+00  4.965692e-01  3.500473e+00]
 [ 7.180532e+00  8.828138e+00  4.749612e-01  3.429945e+00]
 [ 7.185091e+00  8.861565e+00  4.560147e-01  3.342617e+00]
 [ 7.189461e+00  8.894152e+00  4.369599e-01  3.258663e+00]
 [ 7.193643e+00  8.925916e+00  4.181182e-01  3.176419e+00]
 [ 7.197649e+00  8.956909e+00  4.007204e-01  3.099406e+00]
 [ 7.201496e+00  8.987336e+00  3.845815e-01  3.042712e+00]
 [ 7.200548e+00  9.017249e+00 -9.479760e-02  2.991292e+00]
 [ 7.199932e+00  9.046595e+00 -6.155715e-02  2.934473e+00]
 [ 7.199465e+00  9.075324e+00 -4.670642e-02  2.872963e+00]
 [ 7.199111e+00  9.103322e+00 -3.532797e-02  2.799815e+00]
 [ 7.198844e+00  9.130319e+00 -2.675466e-02  2.699697e+00]
 [ 7.198642e+00  9.156129e+00 -2.024581e-02  2.580946e+00]
 [ 7.198490e+00  9.180651e+00 -1.520487e-02  2.452260e+00]
 [ 7.198375e+00  9.203889e+00 -1.147176e-02  2.323795e+00]
 [ 7.198287e+00  9.225932e+00 -8.769000e-03  2.204317e+00]
 [ 7.198216e+00  9.246819e+00 -7.124761e-03  2.088696e+00]
 [ 7.198137e+00  9.266603e+00 -7.884547e-03  1.978451e+00]
 [ 7.198030e+00  9.285302e+00 -1.076194e-02  1.869873e+00]
 [ 7.197877e+00  9.302908e+00 -1.518766e-02  1.760604e+00]
 [ 7.197668e+00  9.319414e+00 -2.098851e-02  1.650578e+00]
 [ 7.197394e+00  9.334805e+00 -2.737175e-02  1.539091e+00]
 [ 7.197058e+00  9.349062e+00 -3.357572e-02  1.425678e+00]
 [ 7.196667e+00  9.362178e+00 -3.914903e-02  1.311636e+00]
 [ 7.196222e+00  9.374157e+00 -4.443376e-02  1.197869e+00]
 [ 7.195730e+00  9.384988e+00 -4.923032e-02  1.083101e+00]
 [ 7.195186e+00  9.394670e+00 -5.443023e-02  9.681962e-01]
 [ 7.194585e+00  9.403205e+00 -6.005270e-02  8.535061e-01]
 [ 7.193935e+00  9.410598e+00 -6.500516e-02  7.392486e-01]
 [ 7.193238e+00  9.416858e+00 -6.968112e-02  6.260691e-01]
 [ 7.192498e+00  9.421994e+00 -7.404819e-02  5.136454e-01]
 [ 7.191716e+00  9.426013e+00 -7.820660e-02  4.018084e-01]
 [ 7.190890e+00  9.428919e+00 -8.253026e-02  2.906349e-01]
 [ 7.190030e+00  9.430706e+00 -8.608864e-02  1.787380e-01]
 [ 7.189134e+00  9.431384e+00 -8.957495e-02  6.775996e-02]
 [ 7.188211e+00  9.430953e+00 -9.225562e-02 -4.305875e-02]
 [ 7.187263e+00  9.429426e+00 -9.482949e-02 -1.526964e-01]
 [ 7.186295e+00  9.426816e+00 -9.678556e-02 -2.610882e-01]
 [ 7.185314e+00  9.423148e+00 -9.809619e-02 -3.667635e-01]
 [ 7.184328e+00  9.418450e+00 -9.859337e-02 -4.697203e-01]
 [ 7.183340e+00  9.412754e+00 -9.888622e-02 -5.696774e-01]
 [ 7.182357e+00  9.406090e+00 -9.820003e-02 -6.664103e-01]
 [ 7.181391e+00  9.398485e+00 -9.663959e-02 -7.604274e-01]
 [ 7.180437e+00  9.389976e+00 -9.541923e-02 -8.510256e-01]
 [ 7.179497e+00  9.380601e+00 -9.394182e-02 -9.374003e-01]
 [ 7.178571e+00  9.370403e+00 -9.264839e-02 -1.019811e+00]
 [ 7.177660e+00  9.359419e+00 -9.113427e-02 -1.098403e+00]
 [ 7.176766e+00  9.347695e+00 -8.933803e-02 -1.172428e+00]
 [ 7.175907e+00  9.335277e+00 -8.595139e-02 -1.241793e+00]
 [ 7.175091e+00  9.322214e+00 -8.155786e-02 -1.306317e+00]
 [ 7.174334e+00  9.308552e+00 -7.573053e-02 -1.366221e+00]
 [ 7.173642e+00  9.294338e+00 -6.922822e-02 -1.421350e+00]
 [ 7.173023e+00  9.279620e+00 -6.186978e-02 -1.471761e+00]
 [ 7.172488e+00  9.264443e+00 -5.348906e-02 -1.517740e+00]
 [ 7.172041e+00  9.248851e+00 -4.463052e-02 -1.559201e+00]
 [ 7.171687e+00  9.232883e+00 -3.549161e-02 -1.596717e+00]
 [ 7.171429e+00  9.216544e+00 -2.580242e-02 -1.633984e+00]
 [ 7.171263e+00  9.199814e+00 -1.652643e-02 -1.673039e+00]
 [ 7.171180e+00  9.182670e+00 -8.317584e-03 -1.714438e+00]
 [ 7.171176e+00  9.165086e+00 -3.702957e-04 -1.758332e+00]
 [ 7.171247e+00  9.147052e+00  7.111962e-03 -1.803410e+00]
 [ 7.171389e+00  9.128579e+00  1.408738e-02 -1.847272e+00]
 [ 7.171588e+00  9.109700e+00  1.997815e-02 -1.887915e+00]
 [ 7.171840e+00  9.090464e+00  2.519104e-02 -1.923591e+00]
 [ 7.171964e+00  9.071340e+00  1.234108e-02 -1.912419e+00]
 [ 7.172074e+00  9.052281e+00  1.102391e-02 -1.905823e+00]
 [ 7.172185e+00  9.033455e+00  1.108541e-02 -1.882670e+00]
 [ 7.172127e+00  9.014798e+00 -5.764875e-03 -1.865674e+00]
 [ 7.171932e+00  8.996325e+00 -1.952874e-02 -1.847338e+00]
 [ 7.171678e+00  8.977917e+00 -2.540631e-02 -1.840806e+00]
 [ 7.171286e+00  8.959427e+00 -3.914126e-02 -1.848956e+00]
 [ 7.170943e+00  8.941161e+00 -3.435248e-02 -1.826629e+00]
 [ 7.170675e+00  8.922926e+00 -2.681946e-02 -1.823508e+00]
 [ 7.170364e+00  8.904756e+00 -3.100871e-02 -1.817062e+00]
 [ 7.170018e+00  8.886678e+00 -3.468298e-02 -1.807775e+00]
 [ 7.169720e+00  8.868424e+00 -2.974260e-02 -1.825295e+00]
 [ 7.169405e+00  8.850279e+00 -3.153120e-02 -1.814552e+00]
 [ 7.169183e+00  8.832399e+00 -2.219350e-02 -1.787932e+00]
 [ 7.168983e+00  8.814719e+00 -2.006534e-02 -1.768052e+00]
 [ 7.168733e+00  8.797105e+00 -2.490266e-02 -1.761434e+00]
 [ 7.168350e+00  8.779469e+00 -3.833024e-02 -1.763492e+00]
 [ 7.167751e+00  8.761902e+00 -5.988709e-02 -1.756839e+00]
 [ 7.167105e+00  8.744499e+00 -6.460696e-02 -1.740244e+00]
 [ 6.944903e+00  1.020638e+00 -1.328368e-02  2.324683e-01]
 [ 6.944125e+00  1.024695e+00 -7.784770e-02  4.057418e-01]
 [ 6.942742e+00  1.030454e+00 -1.382812e-01  5.758789e-01]
 [ 6.940796e+00  1.037902e+00 -1.945941e-01  7.447702e-01]
 [ 6.938328e+00  1.047030e+00 -2.467750e-01  9.128312e-01]
 [ 6.935384e+00  1.057824e+00 -2.944023e-01  1.079375e+00]
 [ 6.932001e+00  1.070285e+00 -3.383684e-01  1.246089e+00]
 [ 6.928202e+00  1.084422e+00 -3.798794e-01  1.413696e+00]
 [ 6.924024e+00  1.100253e+00 -4.177531e-01  1.583128e+00]
 [ 6.919507e+00  1.117809e+00 -4.517825e-01  1.755594e+00]
 [ 6.914690e+00  1.137116e+00 -4.817089e-01  1.930673e+00]
 [ 6.909607e+00  1.158197e+00 -5.082206e-01  2.108161e+00]
 [ 6.904294e+00  1.181063e+00 -5.312536e-01  2.286595e+00]
 [ 6.898783e+00  1.205719e+00 -5.511433e-01  2.465594e+00]
 [ 6.893154e+00  1.232172e+00 -5.628968e-01  2.645303e+00]
 [ 6.887527e+00  1.260425e+00 -5.627090e-01  2.825317e+00]
 [ 6.882008e+00  1.290498e+00 -5.518854e-01  3.007304e+00]
 [ 6.876621e+00  1.322387e+00 -5.387126e-01  3.188913e+00]
 [ 6.871383e+00  1.356063e+00 -5.238516e-01  3.367525e+00]
 [ 6.866324e+00  1.391497e+00 -5.058557e-01  3.543409e+00]
 [ 6.861485e+00  1.428612e+00 -4.839813e-01  3.711495e+00]
 [ 6.856904e+00  1.467158e+00 -4.580865e-01  3.854589e+00]
 [ 6.852632e+00  1.506776e+00 -4.271376e-01  3.961831e+00]
 [ 6.848674e+00  1.547085e+00 -3.957975e-01  4.030930e+00]
 [ 6.845016e+00  1.587669e+00 -3.658752e-01  4.058386e+00]
 [ 6.841656e+00  1.628075e+00 -3.359576e-01  4.040610e+00]
 [ 6.838583e+00  1.667802e+00 -3.073115e-01  3.972652e+00]
 [ 6.835763e+00  1.706421e+00 -2.819627e-01  3.861904e+00]
 [ 6.833127e+00  1.743721e+00 -2.635322e-01  3.730025e+00]
 [ 6.830597e+00  1.779621e+00 -2.530125e-01  3.590039e+00]
 [ 6.828061e+00  1.814040e+00 -2.537051e-01  3.441833e+00]
 [ 6.825397e+00  1.846899e+00 -2.663543e-01  3.285927e+00]
 [ 6.822472e+00  1.878120e+00 -2.925344e-01  3.122094e+00]
 [ 6.819103e+00  1.907654e+00 -3.368534e-01  2.953361e+00]
 [ 6.815064e+00  1.935497e+00 -4.038428e-01  2.784337e+00]
 [ 6.810147e+00  1.961653e+00 -4.917807e-01  2.615566e+00]
 [ 6.804122e+00  1.986141e+00 -6.024238e-01  2.448836e+00]
 [ 6.796783e+00  2.008977e+00 -7.339732e-01  2.283653e+00]
 [ 6.787961e+00  2.030180e+00 -8.821285e-01  2.120259e+00]
 [ 6.777494e+00  2.049754e+00 -1.046766e+00  1.957371e+00]
 [ 6.765214e+00  2.067687e+00 -1.227999e+00  1.793296e+00]
 [ 6.751059e+00  2.083981e+00 -1.415524e+00  1.629415e+00]
 [ 6.735023e+00  2.098645e+00 -1.603540e+00  1.466398e+00]
 [ 6.717101e+00  2.111694e+00 -1.792231e+00  1.304921e+00]
 [ 6.697304e+00  2.123173e+00 -1.979666e+00  1.147893e+00]
 [ 6.675653e+00  2.133155e+00 -2.165206e+00  9.981618e-01]
 [ 6.652158e+00  2.141722e+00 -2.349401e+00  8.567078e-01]
 [ 6.626838e+00  2.148971e+00 -2.532039e+00  7.249193e-01]
 [ 6.599701e+00  2.155014e+00 -2.713630e+00  6.042695e-01]
 [ 6.570756e+00  2.159958e+00 -2.894499e+00  4.944611e-01]
 [ 6.540028e+00  2.163879e+00 -3.072842e+00  3.921046e-01]
 [ 6.507548e+00  2.166840e+00 -3.248054e+00  2.961001e-01]
 [ 6.473344e+00  2.168903e+00 -3.420387e+00  2.062847e-01]
 [ 6.437505e+00  2.170153e+00 -3.583830e+00  1.250191e-01]
 [ 6.400225e+00  2.170680e+00 -3.728010e+00  5.263117e-02]
 [ 6.361956e+00  2.170560e+00 -3.826974e+00 -1.199658e-02]
 [ 6.323192e+00  2.169879e+00 -3.876383e+00 -6.805559e-02]
 [ 6.284392e+00  2.168706e+00 -3.879937e+00 -1.172645e-01]
 [ 6.245985e+00  2.167092e+00 -3.840769e+00 -1.614158e-01]
 [ 6.208362e+00  2.165069e+00 -3.762255e+00 -2.023697e-01]
 [ 6.171881e+00  2.162653e+00 -3.648108e+00 -2.415488e-01]
 [ 6.136658e+00  2.159852e+00 -3.522323e+00 -2.800791e-01]
 [ 6.102698e+00  2.156668e+00 -3.395935e+00 -3.183981e-01]
 [ 6.069967e+00  2.153115e+00 -3.273139e+00 -3.552945e-01]
 [ 6.038151e+00  2.149237e+00 -3.181598e+00 -3.877898e-01]
 [ 6.006629e+00  2.145096e+00 -3.152159e+00 -4.141271e-01]
 [ 5.974874e+00  2.140779e+00 -3.175512e+00 -4.316865e-01]
 [ 5.942470e+00  2.136333e+00 -3.240447e+00 -4.446086e-01]
 [ 5.909066e+00  2.131798e+00 -3.340419e+00 -4.535167e-01]
 [ 5.874343e+00  2.127208e+00 -3.472215e+00 -4.589950e-01]
 [ 5.838137e+00  2.122604e+00 -3.620635e+00 -4.604332e-01]
 [ 5.800425e+00  2.118021e+00 -3.771215e+00 -4.582261e-01]
 [ 5.761185e+00  2.113498e+00 -3.924003e+00 -4.523021e-01]
 [ 5.720381e+00  2.109062e+00 -4.080454e+00 -4.436402e-01]
 [ 5.677971e+00  2.104748e+00 -4.240943e+00 -4.313580e-01]
 [ 5.633933e+00  2.100583e+00 -4.403870e+00 -4.165761e-01]
 [ 5.588254e+00  2.096532e+00 -4.567853e+00 -4.050675e-01]
 [ 5.540960e+00  2.092555e+00 -4.729339e+00 -3.977502e-01]
 [ 5.492151e+00  2.088673e+00 -4.880939e+00 -3.881547e-01]
 [ 5.442204e+00  2.084918e+00 -4.994648e+00 -3.755115e-01]
 [ 5.391772e+00  2.081286e+00 -5.043223e+00 -3.631469e-01]
 [ 5.341858e+00  2.077766e+00 -4.991432e+00 -3.520418e-01]
 [ 5.292661e+00  2.074354e+00 -4.919725e+00 -3.411757e-01]
 [ 5.244691e+00  2.071061e+00 -4.796994e+00 -3.293609e-01]
 [ 5.198348e+00  2.067904e+00 -4.634313e+00 -3.156553e-01]
 [ 5.153775e+00  2.064904e+00 -4.457234e+00 -3.000106e-01]
 [ 5.111138e+00  2.062060e+00 -4.263702e+00 -2.844205e-01]
 [ 5.070575e+00  2.059315e+00 -4.056291e+00 -2.744593e-01]
 [ 5.032210e+00  2.056568e+00 -3.836543e+00 -2.747112e-01]
 [ 4.996112e+00  2.053670e+00 -3.609802e+00 -2.897758e-01]
 [ 4.962296e+00  2.050404e+00 -3.381562e+00 -3.266210e-01]
 [ 4.930730e+00  2.046513e+00 -3.156621e+00 -3.891604e-01]
 [ 4.901347e+00  2.041721e+00 -2.938361e+00 -4.791245e-01]
 [ 4.874096e+00  2.035767e+00 -2.725085e+00 -5.954733e-01]
 [ 4.848951e+00  2.028474e+00 -2.514453e+00 -7.292613e-01]
 [ 4.825891e+00  2.019710e+00 -2.305990e+00 -8.764214e-01]
 [ 4.804884e+00  2.009345e+00 -2.100757e+00 -1.036511e+00]
 [ 4.785927e+00  1.997314e+00 -1.895676e+00 -1.203091e+00]
 [ 4.769009e+00  1.983561e+00 -1.691831e+00 -1.375260e+00]
 [ 4.754115e+00  1.968040e+00 -1.489362e+00 -1.552091e+00]
 [ 4.741230e+00  1.950711e+00 -1.288522e+00 -1.732893e+00]
 [ 4.730336e+00  1.931561e+00 -1.089347e+00 -1.915064e+00]
 [ 4.721387e+00  1.910579e+00 -8.949559e-01 -2.098150e+00]
 [ 4.714338e+00  1.887767e+00 -7.048412e-01 -2.281177e+00]
 [ 4.709130e+00  1.863131e+00 -5.208451e-01 -2.463631e+00]
 [ 4.705702e+00  1.836672e+00 -3.427683e-01 -2.645856e+00]
 [ 4.703984e+00  1.808392e+00 -1.717778e-01 -2.828005e+00]
 [ 4.703859e+00  1.778237e+00 -1.250100e-02 -3.015509e+00]
 [ 4.705218e+00  1.746204e+00  1.358537e-01 -3.203325e+00]
 [ 4.707965e+00  1.712300e+00  2.747496e-01 -3.390390e+00]
 [ 4.711950e+00  1.676533e+00  3.984141e-01 -3.576732e+00]
 [ 4.716995e+00  1.638917e+00  5.045640e-01 -3.761540e+00]
 [ 4.722962e+00  1.599484e+00  5.966897e-01 -3.943328e+00]
 [ 4.729723e+00  1.558262e+00  6.760773e-01 -4.122264e+00]
 [ 4.737128e+00  1.515310e+00  7.405118e-01 -4.295132e+00]
 [ 4.745039e+00  1.470735e+00  7.910897e-01 -4.457539e+00]
 [ 4.753309e+00  1.424714e+00  8.269968e-01 -4.602043e+00]
 [ 4.761778e+00  1.377785e+00  8.468813e-01 -4.692979e+00]
 [ 4.770237e+00  1.330509e+00  8.459110e-01 -4.727536e+00]
 [ 4.778549e+00  1.283452e+00  8.312377e-01 -4.705708e+00]
 [ 4.786575e+00  1.237150e+00  8.025592e-01 -4.630237e+00]
 [ 4.794145e+00  1.192030e+00  7.569999e-01 -4.511974e+00]
 [ 4.801178e+00  1.148400e+00  7.033517e-01 -4.363015e+00]
 [ 4.807624e+00  1.106471e+00  6.446080e-01 -4.192888e+00]
 [ 4.813399e+00  1.066385e+00  5.774969e-01 -4.008628e+00]
 [ 4.818429e+00  1.028229e+00  5.029322e-01 -3.815596e+00]
 [ 4.822655e+00  9.920489e-01  4.225868e-01 -3.617983e+00]
 [ 4.826005e+00  9.578663e-01  3.350846e-01 -3.418266e+00]
 [ 4.828356e+00  9.256888e-01  2.350888e-01 -3.217749e+00]
 [ 4.829495e+00  8.955032e-01  1.139186e-01 -3.018559e+00]
 [ 4.829196e+00  8.672953e-01 -2.989032e-02 -2.820796e+00]
 [ 4.827142e+00  8.410597e-01 -2.054542e-01 -2.623559e+00]
 [ 4.823182e+00  8.167771e-01 -3.960654e-01 -2.428258e+00]
 [ 4.817238e+00  7.944266e-01 -5.943196e-01 -2.235049e+00]
 [ 4.809277e+00  7.739970e-01 -7.961028e-01 -2.042956e+00]
 [ 4.799286e+00  7.554818e-01 -9.991217e-01 -1.851524e+00]
 [ 4.787273e+00  7.388772e-01 -1.201246e+00 -1.660460e+00]
 [ 4.773253e+00  7.241752e-01 -1.402038e+00 -1.470197e+00]
 [ 4.757240e+00  7.113442e-01 -1.601314e+00 -1.283105e+00]
 [ 4.739254e+00  7.003464e-01 -1.798614e+00 -1.099781e+00]
 [ 4.719311e+00  6.911543e-01 -1.994277e+00 -9.192081e-01]
 [ 4.697440e+00  6.837531e-01 -2.187110e+00 -7.401229e-01]
 [ 4.673623e+00  6.781165e-01 -2.381724e+00 -5.636531e-01]
 [ 4.647900e+00  6.742170e-01 -2.572260e+00 -3.899469e-01]
 [ 4.620310e+00  6.720144e-01 -2.759051e+00 -2.202710e-01]
 [ 4.590855e+00  6.714380e-01 -2.945501e+00 -5.763701e-02]
 [ 4.559517e+00  6.723824e-01 -3.133736e+00  9.444237e-02]
 [ 4.526329e+00  6.747667e-01 -3.318835e+00  2.384324e-01]
 [ 4.491308e+00  6.784933e-01 -3.502052e+00  3.726556e-01]
 [ 4.454564e+00  6.834568e-01 -3.674488e+00  4.963554e-01]
 [ 4.416311e+00  6.895573e-01 -3.825229e+00  6.100445e-01]
 [ 4.376919e+00  6.967260e-01 -3.939247e+00  7.168741e-01]
 [ 4.336824e+00  7.049059e-01 -4.009433e+00  8.179833e-01]
 [ 4.296537e+00  7.139977e-01 -4.028708e+00  9.091813e-01]
 [ 4.256552e+00  7.239173e-01 -3.998526e+00  9.919623e-01]
 [ 4.217394e+00  7.345926e-01 -3.915819e+00  1.067533e+00]
 [ 4.179587e+00  7.459747e-01 -3.780705e+00  1.138210e+00]
 [ 4.143513e+00  7.579890e-01 -3.607359e+00  1.201427e+00]
 [ 4.109273e+00  7.705193e-01 -3.424048e+00  1.253024e+00]
 [ 4.076921e+00  7.833862e-01 -3.235191e+00  1.286698e+00]
 [ 4.046411e+00  7.964642e-01 -3.051019e+00  1.307796e+00]
 [ 4.017638e+00  8.096608e-01 -2.877275e+00  1.319663e+00]
 [ 3.990426e+00  8.228759e-01 -2.721230e+00  1.321502e+00]
 [ 3.964133e+00  8.360887e-01 -2.629253e+00  1.321287e+00]
 [ 3.938198e+00  8.492680e-01 -2.593534e+00  1.317934e+00]
 [ 3.912184e+00  8.624125e-01 -2.601428e+00  1.314440e+00]
 [ 3.885719e+00  8.755265e-01 -2.646472e+00  1.311405e+00]
 [ 3.858567e+00  8.886117e-01 -2.715147e+00  1.308519e+00]
 [ 3.830585e+00  9.016724e-01 -2.798236e+00  1.306066e+00]
 [ 3.801587e+00  9.147242e-01 -2.899791e+00  1.305189e+00]
 [ 3.771441e+00  9.278120e-01 -3.014654e+00  1.308781e+00]
 [ 3.740069e+00  9.409841e-01 -3.137188e+00  1.317207e+00]
 [ 3.707409e+00  9.542866e-01 -3.265953e+00  1.330250e+00]
 [ 3.673410e+00  9.677302e-01 -3.399922e+00  1.344364e+00]
 [ 3.638040e+00  9.813299e-01 -3.536995e+00  1.359959e+00]
 [ 3.601282e+00  9.950413e-01 -3.675755e+00  1.371143e+00]
 [ 3.563102e+00  1.008798e+00 -3.818087e+00  1.375662e+00]
 [ 3.523484e+00  1.022540e+00 -3.961750e+00  1.374166e+00]
 [ 3.482467e+00  1.036191e+00 -4.101650e+00  1.365099e+00]
 [ 3.440266e+00  1.049657e+00 -4.220112e+00  1.346688e+00]
 [ 3.397207e+00  1.062837e+00 -4.305916e+00  1.317919e+00]
 [ 3.354003e+00  1.075647e+00 -4.320446e+00  1.281039e+00]
 [ 3.311334e+00  1.088062e+00 -4.266901e+00  1.241511e+00]
 [ 3.269738e+00  1.100111e+00 -4.159585e+00  1.204925e+00]
 [ 3.229662e+00  1.111864e+00 -4.007564e+00  1.175230e+00]
 [ 3.191340e+00  1.123436e+00 -3.832208e+00  1.157258e+00]
 [ 3.154899e+00  1.134979e+00 -3.644082e+00  1.154315e+00]
 [ 3.120416e+00  1.146636e+00 -3.448314e+00  1.165680e+00]
 [ 3.087895e+00  1.158562e+00 -3.252139e+00  1.192562e+00]
 [ 3.057316e+00  1.170920e+00 -3.057875e+00  1.235841e+00]
 [ 3.028661e+00  1.183891e+00 -2.865476e+00  1.297116e+00]
 [ 3.001894e+00  1.197658e+00 -2.676750e+00  1.376690e+00]
 [ 2.976975e+00  1.212350e+00 -2.491888e+00  1.469208e+00]
 [ 2.953870e+00  1.228095e+00 -2.310457e+00  1.574461e+00]
 [ 2.932561e+00  1.245010e+00 -2.130908e+00  1.691525e+00]
 [ 2.913064e+00  1.263187e+00 -1.949690e+00  1.817694e+00]
 [ 2.895381e+00  1.282693e+00 -1.768322e+00  1.950600e+00]
 [ 2.879495e+00  1.303583e+00 -1.588643e+00  2.088938e+00]
 [ 2.865375e+00  1.325881e+00 -1.412025e+00  2.229885e+00]
 [ 2.852967e+00  1.349621e+00 -1.240764e+00  2.373940e+00]
 [ 2.842212e+00  1.374788e+00 -1.075480e+00  2.516689e+00]
 [ 2.833002e+00  1.401183e+00 -9.209875e-01  2.639483e+00]
 [ 2.825222e+00  1.428551e+00 -7.780397e-01  2.736818e+00]
 [ 2.818774e+00  1.456609e+00 -6.447830e-01  2.805834e+00]
 [ 2.813533e+00  1.485064e+00 -5.240867e-01  2.845450e+00]
 [ 2.809383e+00  1.513618e+00 -4.149598e-01  2.855401e+00]
 [ 2.806206e+00  1.541942e+00 -3.177399e-01  2.832469e+00]
 [ 2.803894e+00  1.569735e+00 -2.312310e-01  2.779319e+00]
 [ 2.802350e+00  1.596733e+00 -1.544098e-01  2.699768e+00]
 [ 2.801521e+00  1.622908e+00 -8.289967e-02  2.617477e+00]
 [ 2.801357e+00  1.648367e+00 -1.638550e-02  2.545893e+00]
 [ 2.801761e+00  1.673294e+00  4.039703e-02  2.492685e+00]
 [ 2.802649e+00  1.697872e+00  8.880630e-02  2.457834e+00]
 [ 2.803945e+00  1.722248e+00  1.296363e-01  2.437612e+00]
 [ 2.805573e+00  1.746746e+00  1.627210e-01  2.449814e+00]
 [ 2.807460e+00  1.771769e+00  1.887170e-01  2.502248e+00]
 [ 2.809551e+00  1.797644e+00  2.091280e-01  2.587507e+00]
 [ 2.811788e+00  1.824637e+00  2.236869e-01  2.699342e+00]
 [ 2.814111e+00  1.853015e+00  2.322806e-01  2.837807e+00]
 [ 2.816491e+00  1.882903e+00  2.380706e-01  2.988750e+00]
 [ 2.818871e+00  1.914420e+00  2.379481e-01  3.151670e+00]
 [ 2.821190e+00  1.947585e+00  2.318860e-01  3.316545e+00]
 [ 2.823406e+00  1.982396e+00  2.216605e-01  3.481080e+00]
 [ 2.825464e+00  2.018858e+00  2.057388e-01  3.646265e+00]
 [ 2.827305e+00  2.057020e+00  1.840923e-01  3.816189e+00]
 [ 2.828881e+00  2.096899e+00  1.576272e-01  3.987891e+00]
 [ 2.830172e+00  2.138474e+00  1.291187e-01  4.157508e+00]
 [ 2.831186e+00  2.181720e+00  1.013576e-01  4.324584e+00]
 [ 2.831948e+00  2.226568e+00  7.624415e-02  4.484749e+00]
 [ 2.832501e+00  2.272943e+00  5.526162e-02  4.637583e+00]
 [ 2.832897e+00  2.320645e+00  3.969393e-02  4.770146e+00]
 [ 2.833195e+00  2.369421e+00  2.979773e-02  4.877589e+00]
 [ 2.833437e+00  2.418990e+00  2.416058e-02  4.956920e+00]
 [ 2.833674e+00  2.468924e+00  2.367614e-02  4.993386e+00]
 [ 2.833949e+00  2.518747e+00  2.746568e-02  4.982327e+00]
 [ 2.834294e+00  2.568059e+00  3.458819e-02  4.931207e+00]
 [ 2.834734e+00  2.616593e+00  4.394125e-02  4.853395e+00]
 [ 2.835279e+00  2.664096e+00  5.454808e-02  4.750239e+00]
 [ 2.835937e+00  2.710439e+00  6.578237e-02  4.634359e+00]
 [ 2.836703e+00  2.755658e+00  7.660510e-02  4.521920e+00]
 [ 2.837573e+00  2.799829e+00  8.696721e-02  4.417008e+00]
 [ 2.838551e+00  2.843146e+00  9.785377e-02  4.331728e+00]
 [ 2.839610e+00  2.886168e+00  1.058648e-01  4.302207e+00]
 [ 2.840734e+00  2.929431e+00  1.124327e-01  4.326340e+00]
 [ 2.841918e+00  2.973435e+00  1.184192e-01  4.400412e+00]
 [ 2.843153e+00  3.018605e+00  1.234604e-01  4.517001e+00]
 [ 2.844433e+00  3.065346e+00  1.279646e-01  4.674086e+00]
 [ 2.845774e+00  3.113722e+00  1.341492e-01  4.837615e+00]
 [ 2.847212e+00  3.163733e+00  1.437888e-01  5.001077e+00]
 [ 2.848779e+00  3.215339e+00  1.566867e-01  5.160592e+00]
 [ 2.850519e+00  3.266874e+00  1.739621e-01  5.153502e+00]
 [ 2.852429e+00  3.318381e+00  1.910300e-01  5.150738e+00]
 [ 2.854517e+00  3.369716e+00  2.087740e-01  5.133472e+00]
 [ 2.856803e+00  3.420722e+00  2.286374e-01  5.100626e+00]
 [ 2.859308e+00  3.471371e+00  2.504602e-01  5.064890e+00]
 [ 2.862053e+00  3.521643e+00  2.745721e-01  5.027157e+00]
 [ 2.865035e+00  3.571543e+00  2.981620e-01  4.990042e+00]
 [ 2.868243e+00  3.621004e+00  3.207663e-01  4.946035e+00]
 [ 2.871658e+00  3.669838e+00  3.415220e-01  4.883426e+00]
 [ 2.875253e+00  3.717956e+00  3.595044e-01  4.811794e+00]
 [ 2.878997e+00  3.765301e+00  3.744474e-01  4.734538e+00]
 [ 2.882826e+00  3.812038e+00  3.828086e-01  4.673721e+00]
 [ 2.886684e+00  3.858682e+00  3.858617e-01  4.664365e+00]
 [ 2.890545e+00  3.905731e+00  3.861304e-01  4.704928e+00]
 [ 2.894379e+00  3.953604e+00  3.833181e-01  4.787227e+00]
 [ 2.898130e+00  4.002713e+00  3.751383e-01  4.910908e+00]
 [ 2.901754e+00  4.053320e+00  3.623716e-01  5.060774e+00]
 [ 2.905217e+00  4.104908e+00  3.463372e-01  5.158775e+00]
 [ 2.908495e+00  4.156590e+00  3.278443e-01  5.168208e+00]
 [ 2.911567e+00  4.208326e+00  3.071909e-01  5.173621e+00]
 [ 2.914432e+00  4.260067e+00  2.864388e-01  5.174052e+00]
 [ 2.917089e+00  4.311814e+00  2.657146e-01  5.174710e+00]
 [ 2.919566e+00  4.363350e+00  2.476953e-01  5.153607e+00]
 [ 2.921907e+00  4.414359e+00  2.340700e-01  5.100865e+00]
 [ 2.924139e+00  4.464858e+00  2.232851e-01  5.049854e+00]
 [ 2.926296e+00  4.514881e+00  2.156452e-01  5.002396e+00]
 [ 2.928402e+00  4.564428e+00  2.105791e-01  4.954694e+00]
 [ 2.930479e+00  4.613055e+00  2.077615e-01  4.862679e+00]
 [ 2.932544e+00  4.660360e+00  2.064905e-01  4.730508e+00]
 [ 2.934604e+00  4.706117e+00  2.059670e-01  4.575708e+00]
 [ 2.936658e+00  4.750236e+00  2.054164e-01  4.411905e+00]
 [ 2.938712e+00  4.792765e+00  2.053497e-01  4.252825e+00]
 [ 2.940769e+00  4.833792e+00  2.057807e-01  4.102748e+00]
 [ 2.942843e+00  4.873817e+00  2.073276e-01  4.002524e+00]
 [ 2.944966e+00  4.913752e+00  2.123237e-01  3.993459e+00]
 [ 2.947172e+00  4.954466e+00  2.206035e-01  4.071459e+00]
 [ 2.949496e+00  4.996686e+00  2.324214e-01  4.221965e+00]
 [ 2.951905e+00  5.040425e+00  2.408976e-01  4.373909e+00]
 [ 2.954324e+00  5.085665e+00  2.419338e-01  4.524025e+00]
 [ 2.956697e+00  5.132387e+00  2.372759e-01  4.672149e+00]
 [ 2.958969e+00  5.180561e+00  2.271921e-01  4.817408e+00]
 [ 2.961112e+00  5.230174e+00  2.142642e-01  4.961321e+00]
 [ 2.963115e+00  5.281122e+00  2.003622e-01  5.094781e+00]
 [ 2.965006e+00  5.332105e+00  1.890124e-01  5.098316e+00]
 [ 2.966841e+00  5.382513e+00  1.836048e-01  5.040795e+00]
 [ 2.968686e+00  5.432216e+00  1.844273e-01  4.970255e+00]
 [ 2.970620e+00  5.480923e+00  1.934437e-01  4.870775e+00]
 [ 2.972690e+00  5.528108e+00  2.070040e-01  4.718444e+00]
 [ 2.974918e+00  5.573382e+00  2.227749e-01  4.527404e+00]
 [ 2.977318e+00  5.616574e+00  2.399886e-01  4.319219e+00]
 [ 2.979911e+00  5.657686e+00  2.593164e-01  4.111185e+00]
 [ 2.982786e+00  5.696727e+00  2.874636e-01  3.904105e+00]
 [ 2.985996e+00  5.733721e+00  3.210692e-01  3.699403e+00]
 [ 2.989618e+00  5.768723e+00  3.621928e-01  3.500261e+00]
 [ 2.993924e+00  5.801805e+00  4.305407e-01  3.308114e+00]
 [ 2.999291e+00  5.833027e+00  5.367594e-01  3.122265e+00]
 [ 3.006148e+00  5.862439e+00  6.856914e-01  2.941126e+00]
 [ 3.014819e+00  5.890059e+00  8.670578e-01  2.762086e+00]
 [ 3.025478e+00  5.915874e+00  1.065883e+00  2.581497e+00]
 [ 3.038219e+00  5.939869e+00  1.274101e+00  2.399434e+00]
 [ 3.053158e+00  5.962052e+00  1.493881e+00  2.218309e+00]
 [ 3.070358e+00  5.982409e+00  1.720076e+00  2.035733e+00]
 [ 3.089823e+00  6.000961e+00  1.946423e+00  1.855193e+00]
 [ 3.111535e+00  6.017759e+00  2.171278e+00  1.679809e+00]
 [ 3.135458e+00  6.032864e+00  2.392287e+00  1.510465e+00]
 [ 3.161561e+00  6.046342e+00  2.610242e+00  1.347778e+00]
 [ 3.189813e+00  6.058292e+00  2.825212e+00  1.195037e+00]
 [ 3.220225e+00  6.068788e+00  3.041190e+00  1.049606e+00]
 [ 3.252799e+00  6.077882e+00  3.257478e+00  9.094098e-01]
 [ 3.287541e+00  6.085596e+00  3.474140e+00  7.713475e-01]
 [ 3.324398e+00  6.092028e+00  3.685710e+00  6.431869e-01]
 [ 3.363250e+00  6.097323e+00  3.885166e+00  5.295520e-01]
 [ 3.403977e+00  6.101614e+00  4.072766e+00  4.291092e-01]
 [ 3.446324e+00  6.105060e+00  4.234647e+00  3.445197e-01]
 [ 3.489829e+00  6.107797e+00  4.350536e+00  2.737440e-01]
 [ 3.533995e+00  6.109919e+00  4.416588e+00  2.122195e-01]
 [ 3.578201e+00  6.111547e+00  4.420570e+00  1.627965e-01]
 [ 3.621931e+00  6.112759e+00  4.372997e+00  1.211810e-01]
 [ 3.664717e+00  6.113651e+00  4.278656e+00  8.917721e-02]
 [ 3.706156e+00  6.114312e+00  4.143831e+00  6.616566e-02]
 [ 3.746129e+00  6.114824e+00  3.997329e+00  5.115157e-02]
 [ 3.784553e+00  6.115283e+00  3.842442e+00  4.591829e-02]
 [ 3.821595e+00  6.115784e+00  3.704190e+00  5.014271e-02]
 [ 3.857622e+00  6.116343e+00  3.602691e+00  5.584963e-02]
 [ 3.893243e+00  6.116961e+00  3.562103e+00  6.186531e-02]
 [ 3.929064e+00  6.117643e+00  3.582078e+00  6.812482e-02]
 [ 3.965599e+00  6.118392e+00  3.653469e+00  7.485684e-02]
 [ 4.003231e+00  6.119196e+00  3.763261e+00  8.052417e-02]
 [ 4.042291e+00  6.120030e+00  3.906022e+00  8.335729e-02]
 [ 4.082952e+00  6.120879e+00  4.066051e+00  8.486056e-02]
 [ 4.125240e+00  6.121722e+00  4.228789e+00  8.430488e-02]
 [ 4.169143e+00  6.122544e+00  4.390296e+00  8.217956e-02]
 [ 4.214617e+00  6.123359e+00  4.547408e+00  8.157060e-02]
 [ 4.261410e+00  6.124155e+00  4.679286e+00  7.953291e-02]
 [ 4.309169e+00  6.124912e+00  4.775980e+00  7.578459e-02]
 [ 4.357592e+00  6.125620e+00  4.842220e+00  7.076906e-02]
 [ 4.406241e+00  6.126279e+00  4.865005e+00  6.591506e-02]
 [ 4.454590e+00  6.126903e+00  4.834861e+00  6.230493e-02]
 [ 4.502161e+00  6.127546e+00  4.757072e+00  6.438355e-02]
 [ 4.548518e+00  6.128290e+00  4.635715e+00  7.434309e-02]
 [ 4.593262e+00  6.129226e+00  4.474382e+00  9.363724e-02]
 [ 4.636023e+00  6.130435e+00  4.276038e+00  1.209009e-01]
 [ 4.676659e+00  6.131971e+00  4.063655e+00  1.536203e-01]
 [ 4.715138e+00  6.133860e+00  3.847978e+00  1.888381e-01]
 [ 4.751433e+00  6.136153e+00  3.629460e+00  2.293511e-01]
 [ 4.785594e+00  6.138942e+00  3.416026e+00  2.788820e-01]
 [ 4.817729e+00  6.142357e+00  3.213484e+00  3.414868e-01]
 [ 4.847911e+00  6.146639e+00  3.018269e+00  4.282279e-01]
 [ 4.876132e+00  6.152190e+00  2.822051e+00  5.550768e-01]
 [ 4.902345e+00  6.159349e+00  2.621294e+00  7.158982e-01]
 [ 4.926503e+00  6.168402e+00  2.415875e+00  9.053501e-01]
 [ 4.948549e+00  6.179536e+00  2.204592e+00  1.113332e+00]
 [ 4.968489e+00  6.192817e+00  1.993978e+00  1.328116e+00]
 [ 4.986322e+00  6.208256e+00  1.783294e+00  1.543897e+00]
 [ 5.002035e+00  6.225828e+00  1.571333e+00  1.757256e+00]
 [ 5.015642e+00  6.245452e+00  1.360703e+00  1.962420e+00]
 [ 5.027148e+00  6.267104e+00  1.150584e+00  2.165167e+00]
 [ 5.036585e+00  6.290784e+00  9.437040e-01  2.367979e+00]
 [ 5.043944e+00  6.316503e+00  7.359086e-01  2.571859e+00]
 [ 5.049251e+00  6.344285e+00  5.307061e-01  2.778178e+00]
 [ 5.052568e+00  6.374154e+00  3.316899e-01  2.986914e+00]
 [ 5.053970e+00  6.406117e+00  1.401585e-01  3.196358e+00]
 [ 5.053686e+00  6.440127e+00 -2.837953e-02  3.401049e+00]
 [ 5.052041e+00  6.476038e+00 -1.645168e-01  3.591052e+00]
 [ 5.049345e+00  6.513632e+00 -2.695435e-01  3.759441e+00]
 [ 5.045902e+00  6.552287e+00 -3.443224e-01  3.865430e+00]
 [ 5.041976e+00  6.591409e+00 -3.925962e-01  3.912197e+00]
 [ 5.037741e+00  6.630416e+00 -4.234823e-01  3.900719e+00]
 [ 5.033322e+00  6.668802e+00 -4.419585e-01  3.838611e+00]
 [ 5.028766e+00  6.706193e+00 -4.555600e-01  3.739134e+00]
 [ 5.024072e+00  6.742318e+00 -4.694474e-01  3.612410e+00]
 [ 5.019204e+00  6.777188e+00 -4.867330e-01  3.487059e+00]
 [ 5.014114e+00  6.811223e+00 -5.090011e-01  3.403470e+00]
 [ 5.008795e+00  6.844992e+00 -5.319312e-01  3.376941e+00]
 [ 5.003256e+00  6.879042e+00 -5.539103e-01  3.404952e+00]
 [ 4.997523e+00  6.913812e+00 -5.732901e-01  3.477032e+00]
 [ 4.991611e+00  6.949653e+00 -5.912006e-01  3.584071e+00]
 [ 4.985546e+00  6.986901e+00 -6.065182e-01  3.724844e+00]
 [ 4.979369e+00  7.025767e+00 -6.176667e-01  3.886604e+00]
 [ 4.973196e+00  7.066316e+00 -6.173131e-01  4.054876e+00]
 [ 4.967158e+00  7.108589e+00 -6.038225e-01  4.227310e+00]
 [ 4.961364e+00  7.152608e+00 -5.793356e-01  4.401919e+00]
 [ 4.955925e+00  7.198289e+00 -5.439083e-01  4.568099e+00]
 [ 4.950911e+00  7.245461e+00 -5.014275e-01  4.717224e+00]
 [ 4.946393e+00  7.293868e+00 -4.518656e-01  4.840623e+00]
 [ 4.942439e+00  7.343026e+00 -3.953783e-01  4.915789e+00]
 [ 4.939105e+00  7.392253e+00 -3.333819e-01  4.922724e+00]
 [ 4.936410e+00  7.440849e+00 -2.695035e-01  4.859622e+00]
 [ 4.934401e+00  7.488126e+00 -2.009300e-01  4.727671e+00]
 [ 4.933144e+00  7.533594e+00 -1.256915e-01  4.546846e+00]
 [ 4.932723e+00  7.576918e+00 -4.209351e-02  4.332376e+00]
 [ 4.933157e+00  7.618064e+00  4.343731e-02  4.114579e+00]
 [ 4.934471e+00  7.657069e+00  1.313801e-01  3.900503e+00]
 [ 4.936703e+00  7.693963e+00  2.231872e-01  3.689426e+00]
 [ 4.939883e+00  7.728792e+00  3.180293e-01  3.482906e+00]
 [ 4.944212e+00  7.761715e+00  4.329661e-01  3.292311e+00]
 [ 4.950022e+00  7.792727e+00  5.808966e-01  3.101141e+00]
 [ 4.957654e+00  7.821777e+00  7.632152e-01  2.905075e+00]
 [ 4.967271e+00  7.848824e+00  9.617185e-01  2.704612e+00]
 [ 4.978961e+00  7.873974e+00  1.168935e+00  2.515052e+00]
 [ 4.992814e+00  7.897343e+00  1.385318e+00  2.336845e+00]
 [ 5.008886e+00  7.918995e+00  1.607264e+00  2.165245e+00]
 [ 5.027203e+00  7.939115e+00  1.831687e+00  2.011984e+00]
 [ 5.047756e+00  7.957632e+00  2.055272e+00  1.851676e+00]
 [ 5.070508e+00  7.974447e+00  2.275168e+00  1.681553e+00]
 [ 5.095437e+00  7.989596e+00  2.492918e+00  1.514938e+00]
 [ 5.122521e+00  8.003176e+00  2.708431e+00  1.357875e+00]
 [ 5.151737e+00  8.015333e+00  2.921636e+00  1.215776e+00]
 [ 5.183062e+00  8.026229e+00  3.132453e+00  1.089620e+00]
 [ 5.216487e+00  8.036004e+00  3.342587e+00  9.774892e-01]
 [ 5.252043e+00  8.044744e+00  3.555515e+00  8.739787e-01]
 [ 5.289722e+00  8.052584e+00  3.767957e+00  7.839777e-01]
 [ 5.329494e+00  8.059666e+00  3.977147e+00  7.081627e-01]
 [ 5.371311e+00  8.066215e+00  4.181726e+00  6.549547e-01]
 [ 5.415107e+00  8.072447e+00  4.379572e+00  6.231992e-01]
 [ 5.460713e+00  8.078555e+00  4.560596e+00  6.107941e-01]
 [ 5.507728e+00  8.084636e+00  4.701550e+00  6.080601e-01]
 [ 5.555634e+00  8.090806e+00  4.790560e+00  6.170362e-01]
 [ 5.603848e+00  8.097153e+00  4.821480e+00  6.347055e-01]
 [ 5.651805e+00  8.103722e+00  4.795639e+00  6.569052e-01]
 [ 5.698945e+00  8.110565e+00  4.713963e+00  6.842967e-01]
 [ 5.744752e+00  8.117713e+00  4.580796e+00  7.148438e-01]
 [ 5.789050e+00  8.125146e+00  4.429746e+00  7.433075e-01]
 [ 5.831796e+00  8.132875e+00  4.274566e+00  7.729099e-01]
 [ 5.873301e+00  8.140909e+00  4.150531e+00  8.034198e-01]
 [ 5.914372e+00  8.149280e+00  4.107110e+00  8.370391e-01]
 [ 5.955714e+00  8.158017e+00  4.134186e+00  8.736783e-01]
 [ 5.997900e+00  8.167136e+00  4.218620e+00  9.118972e-01]
 [ 6.041162e+00  8.176658e+00  4.326194e+00  9.522042e-01]
 [ 6.085544e+00  8.186626e+00  4.438177e+00  9.969005e-01]
 [ 6.131126e+00  8.197041e+00  4.558254e+00  1.041399e+00]
 [ 6.177892e+00  8.207874e+00  4.676525e+00  1.083313e+00]
 [ 6.225819e+00  8.205226e+00  4.792691e+00 -2.648180e-01]
 [ 6.274699e+00  8.203472e+00  4.888022e+00 -1.753314e-01]
 [ 6.324471e+00  8.202147e+00  4.977254e+00 -1.324589e-01]
 [ 6.374856e+00  8.201916e+00  5.038411e+00 -2.324254e-02]
 [ 6.425076e+00  8.202715e+00  5.022015e+00  7.998440e-02]
 [ 6.474844e+00  8.204495e+00  4.976860e+00  1.780249e-01]
 [ 6.523928e+00  8.207209e+00  4.908341e+00  2.713518e-01]
 [ 6.571908e+00  8.210793e+00  4.798093e+00  3.583513e-01]
 [ 6.618421e+00  8.215151e+00  4.651230e+00  4.358631e-01]
 [ 6.663217e+00  8.220233e+00  4.479639e+00  5.081446e-01]
 [ 6.706128e+00  8.226038e+00  4.291103e+00  5.805071e-01]
 [ 6.747050e+00  8.232574e+00  4.092133e+00  6.535462e-01]
 [ 6.785883e+00  8.239819e+00  3.883335e+00  7.245804e-01]
 [ 6.822561e+00  8.247825e+00  3.667825e+00  8.005444e-01]
 [ 6.857058e+00  8.256712e+00  3.449659e+00  8.887106e-01]
 [ 6.889374e+00  8.266702e+00  3.231574e+00  9.990399e-01]
 [ 6.919498e+00  8.278003e+00  3.012435e+00  1.130060e+00]
 [ 6.947447e+00  8.290819e+00  2.794949e+00  1.281663e+00]
 [ 6.973291e+00  8.305333e+00  2.584418e+00  1.451379e+00]
 [ 6.997099e+00  8.321631e+00  2.380760e+00  1.629824e+00]
 [ 7.018928e+00  8.339778e+00  2.182850e+00  1.814638e+00]
 [ 7.038843e+00  8.359797e+00  1.991541e+00  2.001876e+00]
 [ 7.056898e+00  8.381660e+00  1.805511e+00  2.186308e+00]
 [ 7.073132e+00  8.405306e+00  1.623404e+00  2.364665e+00]
 [ 7.087617e+00  8.430668e+00  1.448516e+00  2.536183e+00]
 [ 7.100494e+00  8.457669e+00  1.287627e+00  2.700140e+00]
 [ 7.111920e+00  8.486218e+00  1.142625e+00  2.854889e+00]
 [ 7.122058e+00  8.516250e+00  1.013839e+00  3.003120e+00]
 [ 7.131057e+00  8.547688e+00  8.998954e-01  3.143836e+00]
 [ 7.139071e+00  8.580450e+00  8.013471e-01  3.276231e+00]
 [ 7.146219e+00  8.614447e+00  7.147996e-01  3.399644e+00]
 [ 7.152653e+00  8.649416e+00  6.434233e-01  3.496966e+00]
 [ 7.158536e+00  8.684979e+00  5.882981e-01  3.556286e+00]
 [ 7.164011e+00  8.720740e+00  5.474333e-01  3.576081e+00]
 [ 7.169173e+00  8.756340e+00  5.162986e-01  3.559973e+00]
 [ 7.174091e+00  8.791451e+00  4.917367e-01  3.511194e+00]
 [ 7.178803e+00  8.825848e+00  4.712621e-01  3.439583e+00]
 [ 7.183337e+00  8.859357e+00  4.533443e-01  3.350911e+00]
 [ 7.187687e+00  8.892015e+00  4.350202e-01  3.265797e+00]
 [ 7.191857e+00  8.923841e+00  4.170475e-01  3.182686e+00]
 [ 7.195860e+00  8.954864e+00  4.002667e-01  3.102259e+00]
 [ 7.199707e+00  8.985298e+00  3.846645e-01  3.043417e+00]
 [ 7.199213e+00  9.015202e+00 -4.941808e-02  2.990357e+00]
 [ 7.198604e+00  9.045070e+00 -6.088775e-02  2.986768e+00]
 [ 7.198075e+00  9.074893e+00 -5.283075e-02  2.982373e+00]
 [ 7.197528e+00  9.104596e+00 -5.475215e-02  2.970353e+00]
 [ 7.196813e+00  9.133954e+00 -7.148279e-02  2.935721e+00]
 [ 7.196101e+00  9.163169e+00 -7.124335e-02  2.921490e+00]
 [ 7.195167e+00  9.192297e+00 -9.334899e-02  2.912804e+00]
 [ 7.194309e+00  9.221263e+00 -8.580568e-02  2.896610e+00]
 [ 7.193577e+00  9.250303e+00 -7.319476e-02  2.904032e+00]
 [ 7.192987e+00  9.279146e+00 -5.898859e-02  2.884264e+00]
 [ 7.192501e+00  9.307833e+00 -4.859863e-02  2.868722e+00]
 [ 7.191999e+00  9.336522e+00 -5.022233e-02  2.868957e+00]
 [ 7.191420e+00  9.365142e+00 -5.791429e-02  2.861972e+00]
 [ 7.190893e+00  9.393659e+00 -5.269664e-02  2.851605e+00]
 [ 7.190444e+00  9.422261e+00 -4.493892e-02  2.860312e+00]
 [ 7.189956e+00  9.450579e+00 -4.876327e-02  2.831727e+00]
 [ 7.189633e+00  9.478910e+00 -3.229409e-02  2.833138e+00]
 [ 7.189464e+00  9.506940e+00 -1.692556e-02  2.802990e+00]
 [ 7.189181e+00  9.534969e+00 -2.822725e-02  2.802966e+00]
 [ 7.189090e+00  9.562859e+00 -9.179403e-03  2.788858e+00]]

[Dataset] observations
  shape: (1658, 4)
  dtype: float32
  min: -5.0432233810424805
  max: 9.534969329833984
  mean: 3.138427734375
  content:
[[ 1.022106e+00  9.164975e-01  1.294925e-01  4.006489e-02]
 [ 1.024627e+00  9.178753e-01  2.521475e-01  1.377859e-01]
 [ 1.028372e+00  9.201977e-01  3.744791e-01  2.322391e-01]
 [ 1.033331e+00  9.234401e-01  4.958735e-01  3.242361e-01]
 [ 1.039449e+00  9.275898e-01  6.117758e-01  4.149745e-01]
 [ 1.046672e+00  9.326283e-01  7.223303e-01  5.038423e-01]
 [ 1.054954e+00  9.385442e-01  8.282217e-01  5.915970e-01]
 [ 1.064252e+00  9.453184e-01  9.297856e-01  6.774177e-01]
 [ 1.074507e+00  9.529068e-01  1.025498e+00  7.588398e-01]
 [ 1.085633e+00  9.612656e-01  1.112545e+00  8.358814e-01]
 [ 1.097522e+00  9.703623e-01  1.188892e+00  9.096704e-01]
 [ 1.110069e+00  9.801491e-01  1.254723e+00  9.786747e-01]
 [ 1.123185e+00  9.905602e-01  1.311614e+00  1.041114e+00]
 [ 1.136780e+00  1.001528e+00  1.359543e+00  1.096814e+00]
 [ 1.150750e+00  1.012991e+00  1.397007e+00  1.146285e+00]
 [ 1.164997e+00  1.024895e+00  1.424670e+00  1.190342e+00]
 [ 1.179397e+00  1.037178e+00  1.439993e+00  1.228326e+00]
 [ 1.193765e+00  1.049779e+00  1.436774e+00  1.260133e+00]
 [ 1.207906e+00  1.062645e+00  1.414093e+00  1.286540e+00]
 [ 1.221620e+00  1.075736e+00  1.371461e+00  1.309185e+00]
 [ 1.234695e+00  1.089021e+00  1.307425e+00  1.328426e+00]
 [ 1.246925e+00  1.102504e+00  1.223068e+00  1.348370e+00]
 [ 1.258200e+00  1.116212e+00  1.127513e+00  1.370728e+00]
 [ 1.268533e+00  1.130194e+00  1.033212e+00  1.398218e+00]
 [ 1.277956e+00  1.144513e+00  9.423280e-01  1.431909e+00]
 [ 1.286512e+00  1.159236e+00  8.556296e-01  1.472300e+00]
 [ 1.294244e+00  1.174417e+00  7.732115e-01  1.518125e+00]
 [ 1.301163e+00  1.190092e+00  6.918412e-01  1.567454e+00]
 [ 1.307278e+00  1.206304e+00  6.115448e-01  1.621240e+00]
 [ 1.312599e+00  1.203982e+00  5.320840e-01 -2.322580e-01]
 [ 1.317965e+00  1.202234e+00  5.365900e-01 -1.747951e-01]
 [ 1.323374e+00  1.201008e+00  5.408748e-01 -1.225239e-01]
 [ 1.328825e+00  1.200261e+00  5.451713e-01 -7.472802e-02]
 [ 1.334316e+00  1.199713e+00  5.490564e-01 -5.476705e-02]
 [ 1.339842e+00  1.199301e+00  5.526072e-01 -4.122600e-02]
 [ 1.345407e+00  1.198991e+00  5.564824e-01 -3.101681e-02]
 [ 1.351008e+00  1.198758e+00  5.601401e-01 -2.333337e-02]
 [ 1.356646e+00  1.198585e+00  5.637968e-01 -1.730230e-02]
 [ 1.362321e+00  1.198459e+00  5.674600e-01 -1.260649e-02]
 [ 1.368031e+00  1.198367e+00  5.710645e-01 -9.106735e-03]
 [ 1.373778e+00  1.198301e+00  5.746503e-01 -6.660726e-03]
 [ 1.379559e+00  1.198252e+00  5.781271e-01 -4.932599e-03]
 [ 1.385375e+00  1.198215e+00  5.815406e-01 -3.698145e-03]
 [ 1.391223e+00  1.198187e+00  5.848518e-01 -2.793412e-03]
 [ 1.397104e+00  1.198166e+00  5.881195e-01 -2.118148e-03]
 [ 1.403018e+00  1.198149e+00  5.913819e-01 -1.639073e-03]
 [ 1.408964e+00  1.198136e+00  5.945503e-01 -1.263530e-03]
 [ 1.414941e+00  1.198127e+00  5.977327e-01 -9.798681e-04]
 [ 1.420950e+00  1.198119e+00  6.008736e-01 -7.787623e-04]
 [ 1.426990e+00  1.198113e+00  6.040664e-01 -6.178383e-04]
 [ 1.433064e+00  1.198108e+00  6.073198e-01 -5.149257e-04]
 [ 1.439168e+00  1.198103e+00  6.104690e-01 -4.191041e-04]
 [ 1.445305e+00  1.198100e+00  6.136459e-01 -3.447318e-04]
 [ 1.451473e+00  1.198097e+00  6.168206e-01 -3.034243e-04]
 [ 1.457673e+00  1.198094e+00  6.200037e-01 -2.600200e-04]
 [ 1.463908e+00  1.198092e+00  6.235038e-01 -2.424632e-04]
 [ 1.470188e+00  1.198090e+00  6.279903e-01 -2.132782e-04]
 [ 1.476526e+00  1.198088e+00  6.337796e-01 -2.025575e-04]
 [ 1.482934e+00  1.198086e+00  6.408391e-01 -1.961994e-04]
 [ 1.489428e+00  1.198084e+00  6.494421e-01 -1.838899e-04]
 [ 1.496057e+00  1.198082e+00  6.628747e-01 -2.076622e-04]
 [ 1.502871e+00  1.198080e+00  6.813840e-01 -2.279355e-04]
 [ 1.509916e+00  1.198077e+00  7.044865e-01 -2.356951e-04]
 [ 1.517235e+00  1.198075e+00  7.319533e-01 -2.475268e-04]
 [ 1.524872e+00  1.198072e+00  7.636248e-01 -2.591674e-04]
 [ 1.532866e+00  1.198069e+00  7.994419e-01 -2.646775e-04]
 [ 1.541277e+00  1.198067e+00  8.410933e-01 -2.871968e-04]
 [ 1.550140e+00  1.198064e+00  8.862590e-01 -2.784849e-04]
 [ 1.559497e+00  1.198061e+00  9.357792e-01 -2.889090e-04]
 [ 1.569400e+00  1.198057e+00  9.903089e-01 -3.745095e-04]
 [ 1.579869e+00  1.198053e+00  1.046876e+00 -4.601355e-04]
 [ 1.590934e+00  1.198047e+00  1.106490e+00 -5.464624e-04]
 [ 1.602620e+00  1.198041e+00  1.168623e+00 -6.263704e-04]
 [ 1.614961e+00  1.198034e+00  1.234101e+00 -7.312891e-04]
 [ 1.627988e+00  1.198026e+00  1.302635e+00 -7.436068e-04]
 [ 1.641736e+00  1.197999e+00  1.374804e+00 -2.733944e-03]
 [ 1.656237e+00  1.197930e+00  1.450078e+00 -6.909527e-03]
 [ 1.671553e+00  1.197793e+00  1.531625e+00 -1.366787e-02]
 [ 1.687709e+00  1.197572e+00  1.615581e+00 -2.212754e-02]
 [ 1.704730e+00  1.197252e+00  1.702164e+00 -3.194548e-02]
 [ 1.722654e+00  1.196828e+00  1.792376e+00 -4.247389e-02]
 [ 1.741517e+00  1.196284e+00  1.886280e+00 -5.439290e-02]
 [ 1.761469e+00  1.195598e+00  1.995253e+00 -6.859128e-02]
 [ 1.782628e+00  1.194752e+00  2.115912e+00 -8.460250e-02]
 [ 1.805048e+00  1.193722e+00  2.241917e+00 -1.029403e-01]
 [ 1.828655e+00  1.192484e+00  2.360772e+00 -1.238449e-01]
 [ 1.853392e+00  1.191014e+00  2.473653e+00 -1.469745e-01]
 [ 1.879210e+00  1.189289e+00  2.581863e+00 -1.725362e-01]
 [ 1.906065e+00  1.187304e+00  2.685487e+00 -1.984471e-01]
 [ 1.933926e+00  1.185076e+00  2.786075e+00 -2.227926e-01]
 [ 1.962771e+00  1.182624e+00  2.884474e+00 -2.452097e-01]
 [ 1.992604e+00  1.179976e+00  2.983304e+00 -2.647713e-01]
 [ 2.023440e+00  1.177175e+00  3.083579e+00 -2.801471e-01]
 [ 2.055300e+00  1.174266e+00  3.186041e+00 -2.908520e-01]
 [ 2.088214e+00  1.171298e+00  3.291380e+00 -2.968117e-01]
 [ 2.122200e+00  1.168321e+00  3.398554e+00 -2.976981e-01]
 [ 2.157283e+00  1.165389e+00  3.508389e+00 -2.932253e-01]
 [ 2.193483e+00  1.162530e+00  3.620000e+00 -2.858790e-01]
 [ 2.230795e+00  1.159715e+00  3.731130e+00 -2.815606e-01]
 [ 2.269143e+00  1.156894e+00  3.834801e+00 -2.821057e-01]
 [ 2.308434e+00  1.154031e+00  3.929190e+00 -2.862620e-01]
 [ 2.348397e+00  1.151106e+00  3.996238e+00 -2.924850e-01]
 [ 2.388598e+00  1.148094e+00  4.020149e+00 -3.011879e-01]
 [ 2.428552e+00  1.144989e+00  3.995395e+00 -3.105784e-01]
 [ 2.467716e+00  1.141805e+00  3.916344e+00 -3.183714e-01]
 [ 2.505604e+00  1.138568e+00  3.788784e+00 -3.237027e-01]
 [ 2.541773e+00  1.135301e+00  3.616977e+00 -3.266323e-01]
 [ 2.575869e+00  1.132032e+00  3.409601e+00 -3.269180e-01]
 [ 2.607803e+00  1.128810e+00  3.193390e+00 -3.222526e-01]
 [ 2.637649e+00  1.125669e+00  2.984596e+00 -3.140929e-01]
 [ 2.665498e+00  1.122666e+00  2.784831e+00 -3.003240e-01]
 [ 2.691415e+00  1.119871e+00  2.591766e+00 -2.794107e-01]
 [ 2.715448e+00  1.117445e+00  2.403301e+00 -2.426109e-01]
 [ 2.737716e+00  1.115502e+00  2.226755e+00 -1.943716e-01]
 [ 2.758412e+00  1.114165e+00  2.069631e+00 -1.337044e-01]
 [ 2.777705e+00  1.113592e+00  1.929315e+00 -5.727339e-02]
 [ 2.795716e+00  1.113935e+00  1.801041e+00  3.434649e-02]
 [ 2.812505e+00  1.115274e+00  1.678979e+00  1.338763e-01]
 [ 2.828106e+00  1.117686e+00  1.560073e+00  2.411810e-01]
 [ 2.842515e+00  1.121268e+00  1.440886e+00  3.581893e-01]
 [ 2.855651e+00  1.126115e+00  1.313626e+00  4.846875e-01]
 [ 2.867406e+00  1.132301e+00  1.175437e+00  6.186410e-01]
 [ 2.877746e+00  1.139901e+00  1.034057e+00  7.599756e-01]
 [ 2.886608e+00  1.148979e+00  8.861697e-01  9.077876e-01]
 [ 2.893985e+00  1.159595e+00  7.376769e-01  1.061582e+00]
 [ 2.899907e+00  1.171767e+00  5.921978e-01  1.217231e+00]
 [ 2.904441e+00  1.185521e+00  4.534600e-01  1.375363e+00]
 [ 2.907735e+00  1.200889e+00  3.293752e-01  1.536863e+00]
 [ 2.909926e+00  1.217890e+00  2.190537e-01  1.700050e+00]
 [ 2.911257e+00  1.236554e+00  1.331485e-01  1.866423e+00]
 [ 2.911966e+00  1.256931e+00  7.084629e-02  2.037691e+00]
 [ 2.912197e+00  1.279063e+00  2.317885e-02  2.213238e+00]
 [ 2.912097e+00  1.302969e+00 -1.001858e-02  2.390628e+00]
 [ 2.911751e+00  1.328614e+00 -3.458723e-02  2.564476e+00]
 [ 2.911172e+00  1.355930e+00 -5.791523e-02  2.731562e+00]
 [ 2.910351e+00  1.384828e+00 -8.208870e-02  2.889860e+00]
 [ 2.909275e+00  1.415170e+00 -1.076746e-01  3.034113e+00]
 [ 2.907940e+00  1.446684e+00 -1.334459e-01  3.151412e+00]
 [ 2.906361e+00  1.479040e+00 -1.578953e-01  3.235615e+00]
 [ 2.904559e+00  1.511837e+00 -1.802122e-01  3.279770e+00]
 [ 2.902566e+00  1.544679e+00 -1.992720e-01  3.284172e+00]
 [ 2.900415e+00  1.577152e+00 -2.151095e-01  3.247284e+00]
 [ 2.898132e+00  1.608855e+00 -2.282852e-01  3.170331e+00]
 [ 2.895758e+00  1.639418e+00 -2.374035e-01  3.056289e+00]
 [ 2.893348e+00  1.668955e+00 -2.410341e-01  2.953627e+00]
 [ 2.890945e+00  1.697592e+00 -2.403018e-01  2.863728e+00]
 [ 2.888590e+00  1.725468e+00 -2.354626e-01  2.787619e+00]
 [ 2.886312e+00  1.752788e+00 -2.278118e-01  2.732029e+00]
 [ 2.884120e+00  1.780109e+00 -2.192439e-01  2.732057e+00]
 [ 2.881992e+00  1.807869e+00 -2.127615e-01  2.776024e+00]
 [ 2.879899e+00  1.836431e+00 -2.092855e-01  2.856140e+00]
 [ 2.877816e+00  1.866119e+00 -2.083425e-01  2.968858e+00]
 [ 2.875708e+00  1.897147e+00 -2.107801e-01  3.102809e+00]
 [ 2.873538e+00  1.929797e+00 -2.169769e-01  3.265000e+00]
 [ 2.871269e+00  1.964135e+00 -2.268815e-01  3.433754e+00]
 [ 2.868899e+00  2.000160e+00 -2.370088e-01  3.602507e+00]
 [ 2.866425e+00  2.037909e+00 -2.474402e-01  3.774899e+00]
 [ 2.863832e+00  2.077432e+00 -2.593211e-01  3.952360e+00]
 [ 2.861119e+00  2.118708e+00 -2.712574e-01  4.127561e+00]
 [ 2.858297e+00  2.161710e+00 -2.822426e-01  4.300154e+00]
 [ 2.855411e+00  2.206370e+00 -2.886232e-01  4.466051e+00]
 [ 2.852522e+00  2.252616e+00 -2.888280e-01  4.624557e+00]
 [ 2.849695e+00  2.300379e+00 -2.827427e-01  4.776377e+00]
 [ 2.847017e+00  2.349377e+00 -2.677985e-01  4.899739e+00]
 [ 2.844535e+00  2.399345e+00 -2.481506e-01  4.996860e+00]
 [ 2.842288e+00  2.449905e+00 -2.247283e-01  5.055964e+00]
 [ 2.840312e+00  2.500058e+00 -1.976432e-01  5.015334e+00]
 [ 2.838627e+00  2.549669e+00 -1.684676e-01  4.961091e+00]
 [ 2.837242e+00  2.598622e+00 -1.384539e-01  4.895241e+00]
 [ 2.836156e+00  2.646647e+00 -1.086740e-01  4.802575e+00]
 [ 2.835356e+00  2.693512e+00 -8.000173e-02  4.686482e+00]
 [ 2.834825e+00  2.739258e+00 -5.303289e-02  4.574594e+00]
 [ 2.834548e+00  2.783935e+00 -2.777633e-02  4.467712e+00]
 [ 2.834510e+00  2.827643e+00 -3.763820e-03  4.370779e+00]
 [ 2.834676e+00  2.870839e+00  1.662856e-02  4.319634e+00]
 [ 2.835006e+00  2.914074e+00  3.295875e-02  4.323430e+00]
 [ 2.835479e+00  2.957857e+00  4.736883e-02  4.378356e+00]
 [ 2.836074e+00  3.002638e+00  5.947258e-02  4.478055e+00]
 [ 2.836774e+00  3.048815e+00  6.998163e-02  4.617772e+00]
 [ 2.837585e+00  3.096619e+00  8.109746e-02  4.780385e+00]
 [ 2.838532e+00  3.146056e+00  9.471769e-02  4.943702e+00]
 [ 2.839651e+00  3.197120e+00  1.118711e-01  5.106337e+00]
 [ 2.840979e+00  3.248671e+00  1.328557e-01  5.155076e+00]
 [ 2.842524e+00  3.300182e+00  1.544474e-01  5.151113e+00]
 [ 2.844283e+00  3.351620e+00  1.759164e-01  5.143883e+00]
 [ 2.846269e+00  3.402756e+00  1.986295e-01  5.113542e+00]
 [ 2.848497e+00  3.453541e+00  2.228145e-01  5.078482e+00]
 [ 2.850988e+00  3.503953e+00  2.490123e-01  5.041185e+00]
 [ 2.853757e+00  3.553994e+00  2.769465e-01  5.004128e+00]
 [ 2.856793e+00  3.603661e+00  3.035892e-01  4.966679e+00]
 [ 2.860081e+00  3.652722e+00  3.288505e-01  4.906177e+00]
 [ 2.863593e+00  3.701094e+00  3.511520e-01  4.837205e+00]
 [ 2.867294e+00  3.748704e+00  3.701357e-01  4.760993e+00]
 [ 2.871145e+00  3.795577e+00  3.850487e-01  4.687216e+00]
 [ 2.875071e+00  3.842173e+00  3.926359e-01  4.659656e+00]
 [ 2.879040e+00  3.889021e+00  3.969201e-01  4.684804e+00]
 [ 2.883023e+00  3.936567e+00  3.982343e-01  4.754609e+00]
 [ 2.886973e+00  3.985216e+00  3.950213e-01  4.864861e+00]
 [ 2.890824e+00  4.035321e+00  3.850610e-01  5.010504e+00]
 [ 2.894538e+00  4.086879e+00  3.714672e-01  5.155838e+00]
 [ 2.898087e+00  4.138531e+00  3.548346e-01  5.165167e+00]
 [ 2.901435e+00  4.190266e+00  3.348458e-01  5.173506e+00]
 [ 2.904577e+00  4.241999e+00  3.141764e-01  5.173314e+00]
 [ 2.907509e+00  4.293738e+00  2.932434e-01  5.173923e+00]
 [ 2.910245e+00  4.345403e+00  2.735973e-01  5.166451e+00]
 [ 2.912834e+00  4.396543e+00  2.589045e-01  5.113956e+00]
 [ 2.915305e+00  4.447154e+00  2.470330e-01  5.061178e+00]
 [ 2.917682e+00  4.497294e+00  2.377553e-01  5.013973e+00]
 [ 2.919991e+00  4.546962e+00  2.308867e-01  4.966804e+00]
 [ 2.922255e+00  4.595832e+00  2.263942e-01  4.887003e+00]
 [ 2.924497e+00  4.643447e+00  2.241739e-01  4.761542e+00]
 [ 2.926723e+00  4.689545e+00  2.225958e-01  4.609720e+00]
 [ 2.928939e+00  4.733995e+00  2.216352e-01  4.445065e+00]
 [ 2.931152e+00  4.776828e+00  2.212923e-01  4.283250e+00]
 [ 2.933366e+00  4.818124e+00  2.214327e-01  4.129671e+00]
 [ 2.935602e+00  4.858096e+00  2.235940e-01  3.997146e+00]
 [ 2.937898e+00  4.897662e+00  2.295972e-01  3.956635e+00]
 [ 2.940292e+00  4.937711e+00  2.394101e-01  4.004827e+00]
 [ 2.942827e+00  4.979076e+00  2.534916e-01  4.136569e+00]
 [ 2.945491e+00  5.021963e+00  2.663815e-01  4.288687e+00]
 [ 2.948223e+00  5.066364e+00  2.732194e-01  4.440058e+00]
 [ 2.950944e+00  5.112266e+00  2.721266e-01  4.590240e+00]
 [ 2.953602e+00  5.159634e+00  2.657699e-01  4.736736e+00]
 [ 2.956146e+00  5.208447e+00  2.544194e-01  4.881413e+00]
 [ 2.958552e+00  5.258675e+00  2.405605e-01  5.022757e+00]
 [ 2.960814e+00  5.309838e+00  2.262592e-01  5.116333e+00]
 [ 2.962975e+00  5.360531e+00  2.160314e-01  5.069282e+00]
 [ 2.965087e+00  5.410537e+00  2.112470e-01  5.000611e+00]
 [ 2.967230e+00  5.459828e+00  2.142273e-01  4.929044e+00]
 [ 2.969476e+00  5.507752e+00  2.245817e-01  4.792391e+00]
 [ 2.971849e+00  5.553929e+00  2.373530e-01  4.617686e+00]
 [ 2.974373e+00  5.598055e+00  2.523575e-01  4.412659e+00]
 [ 2.977067e+00  5.640096e+00  2.694259e-01  4.204057e+00]
 [ 2.979987e+00  5.680060e+00  2.920145e-01  3.996443e+00]
 [ 2.983213e+00  5.717967e+00  3.226375e-01  3.790652e+00]
 [ 2.986803e+00  5.753850e+00  3.589547e-01  3.588389e+00]
 [ 2.990905e+00  5.787782e+00  4.101984e-01  3.393156e+00]
 [ 2.995901e+00  5.819828e+00  4.995815e-01  3.204590e+00]
 [ 3.002193e+00  5.850049e+00  6.292428e-01  3.022089e+00]
 [ 3.010175e+00  5.878468e+00  7.982298e-01  2.841896e+00]
 [ 3.020101e+00  5.905096e+00  9.925174e-01  2.662812e+00]
 [ 3.032067e+00  5.929902e+00  1.196598e+00  2.480552e+00]
 [ 3.046183e+00  5.952901e+00  1.411664e+00  2.299996e+00]
 [ 3.062548e+00  5.974076e+00  1.636489e+00  2.117467e+00]
 [ 3.081176e+00  5.993428e+00  1.862741e+00  1.935180e+00]
 [ 3.102056e+00  6.011008e+00  2.088055e+00  1.757988e+00]
 [ 3.125159e+00  6.026871e+00  2.310268e+00  1.586303e+00]
 [ 3.150453e+00  6.041074e+00  2.529469e+00  1.420302e+00]
 [ 3.177890e+00  6.053710e+00  2.743617e+00  1.263579e+00]
 [ 3.207481e+00  6.064867e+00  2.959102e+00  1.115740e+00]
 [ 3.239230e+00  6.074606e+00  3.174911e+00  9.738684e-01]
 [ 3.273139e+00  6.082952e+00  3.390882e+00  8.345726e-01]
 [ 3.309192e+00  6.089958e+00  3.605347e+00  7.006343e-01]
 [ 3.347288e+00  6.095760e+00  3.809623e+00  5.801963e-01]
 [ 3.387308e+00  6.100504e+00  4.001970e+00  4.744777e-01]
 [ 3.429066e+00  6.104347e+00  4.175803e+00  3.841906e-01]
 [ 3.472187e+00  6.107427e+00  4.312085e+00  3.080324e-01]
 [ 3.516173e+00  6.109849e+00  4.398662e+00  2.422791e-01]
 [ 3.560451e+00  6.111723e+00  4.427730e+00  1.873337e-01]
 [ 3.604450e+00  6.113148e+00  4.399891e+00  1.425301e-01]
 [ 3.647689e+00  6.114209e+00  4.323915e+00  1.060230e-01]
 [ 3.689731e+00  6.114994e+00  4.204246e+00  7.855158e-02]
 [ 3.730345e+00  6.115589e+00  4.061354e+00  5.946532e-02]
 [ 3.769437e+00  6.116076e+00  3.909209e+00  4.867456e-02]
 [ 3.807035e+00  6.116564e+00  3.759851e+00  4.887673e-02]
 [ 3.843460e+00  6.117108e+00  3.642451e+00  5.443209e-02]
 [ 3.879237e+00  6.117708e+00  3.577697e+00  5.990851e-02]
 [ 3.914953e+00  6.118362e+00  3.571557e+00  6.549086e-02]
 [ 3.951199e+00  6.119081e+00  3.624674e+00  7.180229e-02]
 [ 3.988399e+00  6.119858e+00  3.719982e+00  7.776514e-02]
 [ 4.026913e+00  6.120674e+00  3.851430e+00  8.159366e-02]
 [ 4.066987e+00  6.121510e+00  4.007319e+00  8.356282e-02]
 [ 4.108676e+00  6.122346e+00  4.168945e+00  8.364384e-02]
 [ 4.151988e+00  6.123160e+00  4.331200e+00  8.138330e-02]
 [ 4.196891e+00  6.123958e+00  4.490325e+00  7.974249e-02]
 [ 4.243235e+00  6.124735e+00  4.634335e+00  7.778958e-02]
 [ 4.290676e+00  6.125490e+00  4.744122e+00  7.543078e-02]
 [ 4.338895e+00  6.126199e+00  4.821932e+00  7.095336e-02]
 [ 4.387557e+00  6.126855e+00  4.866138e+00  6.560503e-02]
 [ 4.436118e+00  6.127470e+00  4.856141e+00  6.141563e-02]
 [ 4.484085e+00  6.128082e+00  4.796658e+00  6.124609e-02]
 [ 4.531001e+00  6.128760e+00  4.691612e+00  6.778300e-02]
 [ 4.576465e+00  6.129596e+00  4.546437e+00  8.366700e-02]
 [ 4.620084e+00  6.130677e+00  4.361878e+00  1.080772e-01]
 [ 4.661602e+00  6.132073e+00  4.151898e+00  1.396134e-01]
 [ 4.700975e+00  6.133816e+00  3.937283e+00  1.742358e-01]
 [ 4.738168e+00  6.135933e+00  3.719204e+00  2.117130e-01]
 [ 4.773198e+00  6.138508e+00  3.503016e+00  2.575283e-01]
 [ 4.806152e+00  6.141648e+00  3.295462e+00  3.140163e-01]
 [ 4.837139e+00  6.145521e+00  3.098618e+00  3.873128e-01]
 [ 4.866180e+00  6.150485e+00  2.904145e+00  4.963046e-01]
 [ 4.893230e+00  6.156939e+00  2.704995e+00  6.454492e-01]
 [ 4.918254e+00  6.165169e+00  2.502401e+00  8.229738e-01]
 [ 4.941176e+00  6.175408e+00  2.292199e+00  1.023948e+00]
 [ 4.961989e+00  6.187784e+00  2.081328e+00  1.237615e+00]
 [ 4.980691e+00  6.202313e+00  1.870227e+00  1.452897e+00]
 [ 4.997282e+00  6.218999e+00  1.659039e+00  1.668585e+00]
 [ 5.011754e+00  6.237775e+00  1.447175e+00  1.877596e+00]
 [ 5.024122e+00  6.258587e+00  1.236846e+00  2.081172e+00]
 [ 5.034406e+00  6.281422e+00  1.028357e+00  2.283512e+00]
 [ 5.042619e+00  6.306288e+00  8.213008e-01  2.486629e+00]
 [ 5.048761e+00  6.333201e+00  6.142042e-01  2.691330e+00]
 [ 5.052881e+00  6.362192e+00  4.120349e-01  2.899029e+00]
 [ 5.055026e+00  6.393272e+00  2.145040e-01  3.108033e+00]
 [ 5.055356e+00  6.426435e+00  3.300611e-02  3.316305e+00]
 [ 5.054191e+00  6.461563e+00 -1.165356e-01  3.512785e+00]
 [ 5.051847e+00  6.498508e+00 -2.343070e-01  3.694516e+00]
 [ 5.048638e+00  6.536760e+00 -3.209882e-01  3.825189e+00]
 [ 5.044839e+00  6.575725e+00 -3.798185e-01  3.896509e+00]
 [ 5.040670e+00  6.614810e+00 -4.169053e-01  3.908522e+00]
 [ 5.036268e+00  6.653468e+00 -4.402108e-01  3.865777e+00]
 [ 5.031719e+00  6.691275e+00 -4.549035e-01  3.780722e+00]
 [ 5.027039e+00  6.727888e+00 -4.680229e-01  3.661244e+00]
 [ 5.022199e+00  6.763236e+00 -4.839821e-01  3.534767e+00]
 [ 5.017156e+00  6.797545e+00 -5.043439e-01  3.430942e+00]
 [ 5.011884e+00  6.831351e+00 -5.272109e-01  3.380581e+00]
 [ 5.006387e+00  6.865225e+00 -5.496601e-01  3.387414e+00]
 [ 5.000686e+00  6.899641e+00 -5.701273e-01  3.441589e+00]
 [ 4.994802e+00  6.934987e+00 -5.883862e-01  3.534654e+00]
 [ 4.988753e+00  6.971592e+00 -6.048620e-01  3.660505e+00]
 [ 4.982569e+00  7.009759e+00 -6.184073e-01  3.816678e+00]
 [ 4.976334e+00  7.049590e+00 -6.235389e-01  3.983124e+00]
 [ 4.970181e+00  7.091128e+00 -6.152591e-01  4.153799e+00]
 [ 4.964232e+00  7.134414e+00 -5.949661e-01  4.328580e+00]
 [ 4.958595e+00  7.179401e+00 -5.636817e-01  4.498699e+00]
 [ 4.953355e+00  7.225967e+00 -5.239778e-01  4.656607e+00]
 [ 4.948588e+00  7.273886e+00 -4.766974e-01  4.791921e+00]
 [ 4.944363e+00  7.322779e+00 -4.225159e-01  4.889237e+00]
 [ 4.940737e+00  7.372044e+00 -3.626238e-01  4.926498e+00]
 [ 4.937743e+00  7.420963e+00 -2.993650e-01  4.891904e+00]
 [ 4.935420e+00  7.468835e+00 -2.323382e-01  4.787231e+00]
 [ 4.933819e+00  7.515088e+00 -1.600554e-01  4.625272e+00]
 [ 4.933024e+00  7.559307e+00 -7.949415e-02  4.421942e+00]
 [ 4.933088e+00  7.601337e+00  6.338220e-03  4.203041e+00]
 [ 4.934020e+00  7.641209e+00  9.317992e-02  3.987117e+00]
 [ 4.935863e+00  7.678961e+00  1.843855e-01  3.775249e+00]
 [ 4.938645e+00  7.714622e+00  2.781802e-01  3.566125e+00]
 [ 4.942460e+00  7.748314e+00  3.814331e-01  3.369148e+00]
 [ 4.947599e+00  7.780107e+00  5.139844e-01  3.179286e+00]
 [ 4.954422e+00  7.809972e+00  6.822631e-01  2.986477e+00]
 [ 4.963178e+00  7.837830e+00  8.755792e-01  2.785830e+00]
 [ 4.973974e+00  7.863717e+00  1.079619e+00  2.588724e+00]
 [ 4.986897e+00  7.887817e+00  1.292312e+00  2.409971e+00]
 [ 5.002014e+00  7.910157e+00  1.511689e+00  2.234020e+00]
 [ 5.019372e+00  7.930860e+00  1.735869e+00  2.070300e+00]
 [ 5.038980e+00  7.949994e+00  1.960686e+00  1.913352e+00]
 [ 5.060800e+00  7.967427e+00  2.182060e+00  1.743361e+00]
 [ 5.084808e+00  7.983179e+00  2.400797e+00  1.575132e+00]
 [ 5.110978e+00  7.997300e+00  2.616996e+00  1.412184e+00]
 [ 5.139291e+00  8.009938e+00  2.831340e+00  1.263749e+00]
 [ 5.169725e+00  8.021253e+00  3.043365e+00  1.131494e+00]
 [ 5.202258e+00  8.031405e+00  3.253305e+00  1.015292e+00]
 [ 5.236907e+00  8.040491e+00  3.464936e+00  9.085417e-01]
 [ 5.273692e+00  8.048614e+00  3.678481e+00  8.121995e-01]
 [ 5.312583e+00  8.055932e+00  3.889082e+00  7.318825e-01]
 [ 5.353542e+00  8.062617e+00  4.095909e+00  6.685562e-01]
 [ 5.396511e+00  8.068905e+00  4.296864e+00  6.287151e-01]
 [ 5.441394e+00  8.075007e+00  4.488326e+00  6.102659e-01]
 [ 5.487859e+00  8.081047e+00  4.646478e+00  6.040096e-01]
 [ 5.535455e+00  8.087135e+00  4.759636e+00  6.088278e-01]
 [ 5.583581e+00  8.093383e+00  4.812565e+00  6.247208e-01]
 [ 5.631678e+00  8.099840e+00  4.809723e+00  6.456904e-01]
 [ 5.679171e+00  8.106552e+00  4.749263e+00  6.712593e-01]
 [ 5.725536e+00  8.113581e+00  4.636583e+00  7.028328e-01]
 [ 5.770417e+00  8.120891e+00  4.488055e+00  7.310045e-01]
 [ 5.813759e+00  8.128500e+00  4.334186e+00  7.609175e-01]
 [ 5.855559e+00  8.136408e+00  4.179982e+00  7.908062e-01]
 [ 5.896610e+00  8.144645e+00  4.105150e+00  8.236382e-01]
 [ 5.937650e+00  8.153239e+00  4.103952e+00  8.594688e-01]
 [ 5.979321e+00  8.162211e+00  4.167130e+00  8.972281e-01]
 [ 6.022062e+00  8.171582e+00  4.274049e+00  9.370785e-01]
 [ 6.065874e+00  8.181378e+00  4.381199e+00  9.795901e-01]
 [ 6.110878e+00  8.191630e+00  4.500489e+00  1.025199e+00]
 [ 6.157078e+00  8.202312e+00  4.619975e+00  1.068284e+00]
 [ 6.204451e+00  8.201077e+00  4.737258e+00 -1.235117e-01]
 [ 6.252799e+00  8.200353e+00  4.834769e+00 -7.249451e-02]
 [ 6.302089e+00  8.199802e+00  4.929095e+00 -5.507024e-02]
 [ 6.352156e+00  8.200290e+00  5.006647e+00  4.873809e-02]
 [ 6.402623e+00  8.201756e+00  5.046691e+00  1.466490e-01]
 [ 6.452684e+00  8.204145e+00  5.006118e+00  2.389184e-01]
 [ 6.502249e+00  8.207413e+00  4.956481e+00  3.267099e-01]
 [ 6.550920e+00  8.211511e+00  4.867115e+00  4.097991e-01]
 [ 6.598327e+00  8.216349e+00  4.740659e+00  4.838376e-01]
 [ 6.644140e+00  8.221874e+00  4.581320e+00  5.525932e-01]
 [ 6.688175e+00  8.228074e+00  4.403564e+00  6.199316e-01]
 [ 6.730277e+00  8.234953e+00  4.210097e+00  6.878811e-01]
 [ 6.770338e+00  8.242493e+00  4.006157e+00  7.539785e-01]
 [ 6.808272e+00  8.250696e+00  3.793380e+00  8.203510e-01]
 [ 6.844029e+00  8.259648e+00  3.575710e+00  8.952426e-01]
 [ 6.877580e+00  8.269575e+00  3.355111e+00  9.926752e-01]
 [ 6.908920e+00  8.280695e+00  3.134001e+00  1.111944e+00]
 [ 6.938047e+00  8.293206e+00  2.912762e+00  1.251145e+00]
 [ 6.964999e+00  8.307313e+00  2.695158e+00  1.410658e+00]
 [ 6.989855e+00  8.323135e+00  2.485541e+00  1.582263e+00]
 [ 7.012688e+00  8.340745e+00  2.283289e+00  1.760966e+00]
 [ 7.033552e+00  8.360194e+00  2.086479e+00  1.944909e+00]
 [ 7.052516e+00  8.381480e+00  1.896423e+00  2.128652e+00]
 [ 7.069620e+00  8.404555e+00  1.710371e+00  2.307480e+00]
 [ 7.084924e+00  8.429351e+00  1.530405e+00  2.479561e+00]
 [ 7.098547e+00  8.455797e+00  1.362302e+00  2.644668e+00]
 [ 7.110635e+00  8.483810e+00  1.208730e+00  2.801308e+00]
 [ 7.121361e+00  8.513315e+00  1.072629e+00  2.950484e+00]
 [ 7.130875e+00  8.544248e+00  9.514164e-01  3.093193e+00]
 [ 7.139328e+00  8.576526e+00  8.452579e-01  3.227789e+00]
 [ 7.146863e+00  8.610058e+00  7.535861e-01  3.353282e+00]
 [ 7.153609e+00  8.644651e+00  6.745235e-01  3.459370e+00]
 [ 7.159747e+00  8.679936e+00  6.137723e-01  3.528409e+00]
 [ 7.165421e+00  8.715522e+00  5.674189e-01  3.558609e+00]
 [ 7.170746e+00  8.751038e+00  5.325796e-01  3.551505e+00]
 [ 7.175794e+00  8.786149e+00  5.047877e-01  3.511233e+00]
 [ 7.180612e+00  8.820611e+00  4.817433e-01  3.446179e+00]
 [ 7.185228e+00  8.854242e+00  4.616671e-01  3.363131e+00]
 [ 7.189649e+00  8.887032e+00  4.420628e-01  3.278877e+00]
 [ 7.193878e+00  8.918995e+00  4.229117e-01  3.196348e+00]
 [ 7.197929e+00  8.950151e+00  4.050790e-01  3.115634e+00]
 [ 7.201817e+00  8.980703e+00  3.887453e-01  3.055231e+00]
 [ 7.200786e+00  9.010738e+00 -1.030077e-01  3.003456e+00]
 [ 7.200112e+00  9.040200e+00 -6.743173e-02  2.946265e+00]
 [ 7.199601e+00  9.069067e+00 -5.114439e-02  2.886658e+00]
 [ 7.199214e+00  9.097267e+00 -3.863326e-02  2.819976e+00]
 [ 7.198922e+00  9.124544e+00 -2.925012e-02  2.727699e+00]
 [ 7.198700e+00  9.150686e+00 -2.216535e-02  2.614211e+00]
 [ 7.198533e+00  9.175546e+00 -1.668551e-02  2.485936e+00]
 [ 7.198408e+00  9.199097e+00 -1.254644e-02  2.355076e+00]
 [ 7.198312e+00  9.221426e+00 -9.564364e-03  2.232994e+00]
 [ 7.198238e+00  9.242588e+00 -7.365961e-03  2.116194e+00]
 [ 7.198164e+00  9.262635e+00 -7.374759e-03  2.004684e+00]
 [ 7.198067e+00  9.281601e+00 -9.735744e-03  1.896582e+00]
 [ 7.197927e+00  9.299469e+00 -1.409671e-02  1.786806e+00]
 [ 7.197726e+00  9.316236e+00 -2.004812e-02  1.676724e+00]
 [ 7.197464e+00  9.331890e+00 -2.621629e-02  1.565361e+00]
 [ 7.197137e+00  9.346411e+00 -3.264182e-02  1.452089e+00]
 [ 7.196753e+00  9.359791e+00 -3.843264e-02  1.337978e+00]
 [ 7.196316e+00  9.372031e+00 -4.368264e-02  1.224084e+00]
 [ 7.195833e+00  9.383123e+00 -4.828230e-02  1.109204e+00]
 [ 7.195301e+00  9.393068e+00 -5.323970e-02  9.944654e-01]
 [ 7.194712e+00  9.401865e+00 -5.888030e-02  8.797440e-01]
 [ 7.194071e+00  9.409512e+00 -6.406780e-02  7.646614e-01]
 [ 7.193382e+00  9.416020e+00 -6.890550e-02  6.508187e-01]
 [ 7.192649e+00  9.421399e+00 -7.333404e-02  5.378912e-01]
 [ 7.191873e+00  9.425657e+00 -7.763734e-02  4.258198e-01]
 [ 7.191054e+00  9.428802e+00 -8.188435e-02  3.143884e-01]
 [ 7.190198e+00  9.430824e+00 -8.557130e-02  2.023328e-01]
 [ 7.189308e+00  9.431735e+00 -8.900409e-02  9.110510e-02]
 [ 7.188391e+00  9.431536e+00 -9.169723e-02 -1.996819e-02]
 [ 7.187449e+00  9.430233e+00 -9.419190e-02 -1.302879e-01]
 [ 7.186489e+00  9.427841e+00 -9.604991e-02 -2.391377e-01]
 [ 7.185513e+00  9.424388e+00 -9.762634e-02 -3.453404e-01]
 [ 7.184531e+00  9.419898e+00 -9.817706e-02 -4.490209e-01]
 [ 7.183547e+00  9.414398e+00 -9.840071e-02 -5.499747e-01]
 [ 7.182569e+00  9.407922e+00 -9.775532e-02 -6.476217e-01]
 [ 7.181603e+00  9.400504e+00 -9.654385e-02 -7.418097e-01]
 [ 7.180652e+00  9.392176e+00 -9.520692e-02 -8.328578e-01]
 [ 7.179708e+00  9.382974e+00 -9.430081e-02 -9.201375e-01]
 [ 7.178777e+00  9.372940e+00 -9.317110e-02 -1.003357e+00]
 [ 7.177860e+00  9.362111e+00 -9.171517e-02 -1.082887e+00]
 [ 7.176961e+00  9.350532e+00 -8.987053e-02 -1.158024e+00]
 [ 7.176095e+00  9.338246e+00 -8.662458e-02 -1.228448e+00]
 [ 7.175272e+00  9.325307e+00 -8.228246e-02 -1.293979e+00]
 [ 7.174505e+00  9.311758e+00 -7.667740e-02 -1.354879e+00]
 [ 7.173801e+00  9.297647e+00 -7.035252e-02 -1.411088e+00]
 [ 7.173171e+00  9.283023e+00 -6.312861e-02 -1.462435e+00]
 [ 7.172621e+00  9.267931e+00 -5.494116e-02 -1.509242e+00]
 [ 7.172159e+00  9.252417e+00 -4.616120e-02 -1.551422e+00]
 [ 7.171790e+00  9.236520e+00 -3.699023e-02 -1.589694e+00]
 [ 7.171516e+00  9.220260e+00 -2.734991e-02 -1.625991e+00]
 [ 7.171341e+00  9.203609e+00 -1.745055e-02 -1.664979e+00]
 [ 7.171248e+00  9.186552e+00 -9.356312e-03 -1.705739e+00]
 [ 7.171232e+00  9.169060e+00 -1.619209e-03 -1.749260e+00]
 [ 7.171292e+00  9.151116e+00  6.014928e-03 -1.794302e+00]
 [ 7.171423e+00  9.132732e+00  1.312634e-02 -1.838381e+00]
 [ 7.171615e+00  9.113935e+00  1.920530e-02 -1.879728e+00]
 [ 7.171864e+00  9.094771e+00  2.484192e-02 -1.916417e+00]
 [ 7.171979e+00  9.075566e+00  1.158715e-02 -1.920494e+00]
 [ 7.172157e+00  9.056554e+00  1.778521e-02 -1.901221e+00]
 [ 7.172346e+00  9.037470e+00  1.889671e-02 -1.908457e+00]
 [ 7.172543e+00  9.018360e+00  1.965232e-02 -1.910968e+00]
 [ 7.172628e+00  8.999421e+00  8.509810e-03 -1.893850e+00]
 [ 7.172809e+00  8.980687e+00  1.807769e-02 -1.873434e+00]
 [ 7.172938e+00  8.961960e+00  1.297213e-02 -1.872765e+00]
 [ 7.172965e+00  8.943068e+00  2.648149e-03 -1.889183e+00]
 [ 7.173023e+00  8.924096e+00  5.784019e-03 -1.897163e+00]
 [ 7.173231e+00  8.904966e+00  2.085450e-02 -1.913008e+00]
 [ 7.173499e+00  8.885931e+00  2.677302e-02 -1.903510e+00]
 [ 7.173872e+00  8.866941e+00  3.727579e-02 -1.898965e+00]
 [ 7.174385e+00  8.847994e+00  5.129814e-02 -1.894711e+00]
 [ 7.174835e+00  8.829162e+00  4.502725e-02 -1.883275e+00]
 [ 7.175245e+00  8.810340e+00  4.096067e-02 -1.882111e+00]
 [ 7.175727e+00  8.791646e+00  4.820996e-02 -1.869417e+00]
 [ 7.176288e+00  8.772907e+00  5.616003e-02 -1.873870e+00]
 [ 7.176922e+00  8.754262e+00  6.340877e-02 -1.864511e+00]
 [ 1.028197e+00  7.986413e+00 -1.618273e-01 -2.320006e-01]
 [ 1.026684e+00  7.982679e+00 -1.513210e-01 -3.734270e-01]
 [ 1.025229e+00  7.977499e+00 -1.455639e-01 -5.180647e-01]
 [ 1.023793e+00  7.970854e+00 -1.435268e-01 -6.644727e-01]
 [ 1.022355e+00  7.962736e+00 -1.438309e-01 -8.118381e-01]
 [ 1.020898e+00  7.953126e+00 -1.457144e-01 -9.609028e-01]
 [ 1.019410e+00  7.942000e+00 -1.487907e-01 -1.112635e+00]
 [ 1.017878e+00  7.929296e+00 -1.531699e-01 -1.270443e+00]
 [ 1.016273e+00  7.914942e+00 -1.604761e-01 -1.435332e+00]
 [ 1.014553e+00  7.898912e+00 -1.720745e-01 -1.603064e+00]
 [ 1.012656e+00  7.881175e+00 -1.896594e-01 -1.773735e+00]
 [ 1.010511e+00  7.861716e+00 -2.145332e-01 -1.945863e+00]
 [ 1.008072e+00  7.840573e+00 -2.438932e-01 -2.114326e+00]
 [ 1.005315e+00  7.817765e+00 -2.757227e-01 -2.280797e+00]
 [ 1.002216e+00  7.793363e+00 -3.098882e-01 -2.440201e+00]
 [ 9.987510e-01  7.767318e+00 -3.464716e-01 -2.604504e+00]
 [ 9.948823e-01  7.739420e+00 -3.868653e-01 -2.789757e+00]
 [ 9.905868e-01  7.709722e+00 -4.295499e-01 -2.969828e+00]
 [ 9.858581e-01  7.678342e+00 -4.728664e-01 -3.137931e+00]
 [ 9.807530e-01  7.645459e+00 -5.105157e-01 -3.288324e+00]
 [ 9.753183e-01  7.611197e+00 -5.434656e-01 -3.426177e+00]
 [ 9.696054e-01  7.575643e+00 -5.712904e-01 -3.555461e+00]
 [ 9.636694e-01  7.538876e+00 -5.936005e-01 -3.676682e+00]
 [ 9.575567e-01  7.501010e+00 -6.112767e-01 -3.786618e+00]
 [ 9.513028e-01  7.462160e+00 -6.253908e-01 -3.884968e+00]
 [ 9.449367e-01  7.422468e+00 -6.366043e-01 -3.969175e+00]
 [ 9.384935e-01  7.382165e+00 -6.443160e-01 -4.030318e+00]
 [ 9.320052e-01  7.341560e+00 -6.488405e-01 -4.060512e+00]
 [ 9.254947e-01  7.300922e+00 -6.510448e-01 -4.063756e+00]
 [ 9.189925e-01  7.260503e+00 -6.502253e-01 -4.041922e+00]
 [ 9.125252e-01  7.220510e+00 -6.467245e-01 -3.999286e+00]
 [ 9.061092e-01  7.181133e+00 -6.416025e-01 -3.937703e+00]
 [ 8.997680e-01  7.142450e+00 -6.341197e-01 -3.868307e+00]
 [ 8.935210e-01  7.104471e+00 -6.246940e-01 -3.797926e+00]
 [ 8.873879e-01  7.067201e+00 -6.133189e-01 -3.727000e+00]
 [ 8.813831e-01  7.030578e+00 -6.004806e-01 -3.662319e+00]
 [ 8.755553e-01  6.994153e+00 -5.827709e-01 -3.642448e+00]
 [ 8.699486e-01  6.957509e+00 -5.606723e-01 -3.664441e+00]
 [ 8.646050e-01  6.920271e+00 -5.343566e-01 -3.723768e+00]
 [ 8.595573e-01  6.882156e+00 -5.047774e-01 -3.811541e+00]
 [ 8.548403e-01  6.842893e+00 -4.717009e-01 -3.926256e+00]
 [ 8.504871e-01  6.802446e+00 -4.353209e-01 -4.044737e+00]
 [ 8.465224e-01  6.760767e+00 -3.964640e-01 -4.167953e+00]
 [ 8.429787e-01  6.717817e+00 -3.543705e-01 -4.294908e+00]
 [ 8.398809e-01  6.673556e+00 -3.097813e-01 -4.426149e+00]
 [ 8.372378e-01  6.627938e+00 -2.643140e-01 -4.561818e+00]
 [ 8.350520e-01  6.580949e+00 -2.185749e-01 -4.698897e+00]
 [ 8.333178e-01  6.532611e+00 -1.734248e-01 -4.833798e+00]
 [ 8.319895e-01  6.483120e+00 -1.328271e-01 -4.949053e+00]
 [ 8.310143e-01  6.433066e+00 -9.751610e-02 -5.005446e+00]
 [ 8.303609e-01  6.383140e+00 -6.533649e-02 -4.992598e+00]
 [ 8.300042e-01  6.333958e+00 -3.567426e-02 -4.918146e+00]
 [ 8.299114e-01  6.286105e+00 -9.280046e-03 -4.785326e+00]
 [ 8.300617e-01  6.240083e+00  1.503035e-02 -4.602216e+00]
 [ 8.304585e-01  6.196134e+00  3.967544e-02 -4.394862e+00]
 [ 8.311589e-01  6.154345e+00  7.004138e-02 -4.178914e+00]
 [ 8.322393e-01  6.114773e+00  1.080436e-01 -3.957242e+00]
 [ 8.337849e-01  6.077437e+00  1.545577e-01 -3.733543e+00]
 [ 8.359290e-01  6.042323e+00  2.144128e-01 -3.511400e+00]
 [ 8.389541e-01  6.009403e+00  3.025042e-01 -3.292024e+00]
 [ 8.432376e-01  5.978698e+00  4.283486e-01 -3.070484e+00]
 [ 8.490297e-01  5.950210e+00  5.792169e-01 -2.848866e+00]
 [ 8.565014e-01  5.923912e+00  7.471699e-01 -2.629781e+00]
 [ 8.657795e-01  5.899786e+00  9.278069e-01 -2.412539e+00]
 [ 8.769414e-01  5.877869e+00  1.116192e+00 -2.191703e+00]
 [ 8.900497e-01  5.858176e+00  1.310826e+00 -1.969296e+00]
 [ 9.051805e-01  5.840693e+00  1.513081e+00 -1.748378e+00]
 [ 9.223756e-01  5.825391e+00  1.719505e+00 -1.530174e+00]
 [ 9.416673e-01  5.812232e+00  1.929177e+00 -1.315869e+00]
 [ 9.630773e-01  5.801168e+00  2.141000e+00 -1.106422e+00]
 [ 9.865890e-01  5.792097e+00  2.351167e+00 -9.070641e-01]
 [ 1.012190e+00  5.784962e+00  2.560059e+00 -7.135010e-01]
 [ 1.039862e+00  5.779666e+00  2.767253e+00 -5.295790e-01]
 [ 1.069592e+00  5.776072e+00  2.972944e+00 -3.595088e-01]
 [ 1.101380e+00  5.773952e+00  3.178848e+00 -2.119672e-01]
 [ 1.135191e+00  5.773095e+00  3.381075e+00 -8.568212e-02]
 [ 1.170984e+00  5.773311e+00  3.579288e+00  2.155250e-02]
 [ 1.208736e+00  5.774376e+00  3.775187e+00  1.066020e-01]
 [ 1.248414e+00  5.776122e+00  3.967829e+00  1.745308e-01]
 [ 1.289982e+00  5.778412e+00  4.156820e+00  2.289888e-01]
 [ 1.333374e+00  5.781087e+00  4.339232e+00  2.675198e-01]
 [ 1.378509e+00  5.784018e+00  4.513489e+00  2.930722e-01]
 [ 1.425263e+00  5.787076e+00  4.675408e+00  3.058704e-01]
 [ 1.473256e+00  5.790193e+00  4.799285e+00  3.116623e-01]
 [ 1.521891e+00  5.793315e+00  4.863501e+00  3.122672e-01]
 [ 1.570551e+00  5.796392e+00  4.865997e+00  3.076724e-01]
 [ 1.618646e+00  5.799386e+00  4.809525e+00  2.993614e-01]
 [ 1.665672e+00  5.802264e+00  4.702571e+00  2.878314e-01]
 [ 1.711176e+00  5.804969e+00  4.550398e+00  2.704748e-01]
 [ 1.755151e+00  5.807500e+00  4.397490e+00  2.531041e-01]
 [ 1.797580e+00  5.809857e+00  4.242889e+00  2.357068e-01]
 [ 1.838510e+00  5.812050e+00  4.093026e+00  2.193370e-01]
 [ 1.878370e+00  5.814067e+00  3.985951e+00  2.017030e-01]
 [ 1.917985e+00  5.815905e+00  3.961529e+00  1.837762e-01]
 [ 1.958328e+00  5.817610e+00  4.034359e+00  1.704512e-01]
 [ 2.000209e+00  5.819209e+00  4.188054e+00  1.599537e-01]
 [ 2.043664e+00  5.820677e+00  4.345509e+00  1.467569e-01]
 [ 2.088712e+00  5.821971e+00  4.504832e+00  1.294117e-01]
 [ 2.135401e+00  5.823062e+00  4.668888e+00  1.091213e-01]
 [ 2.183777e+00  5.823921e+00  4.837547e+00  8.587123e-02]
 [ 2.233829e+00  5.824548e+00  5.005165e+00  6.275035e-02]
 [ 2.285436e+00  5.824974e+00  5.160731e+00  4.256967e-02]
 [ 2.336732e+00  5.825237e+00  5.129656e+00  2.628243e-02]
 [ 2.387687e+00  5.825396e+00  5.095487e+00  1.587370e-02]
 [ 2.438100e+00  5.825517e+00  5.041312e+00  1.216732e-02]
 [ 2.487983e+00  5.825693e+00  4.988221e+00  1.753283e-02]
 [ 2.537227e+00  5.825964e+00  4.924479e+00  2.717965e-02]
 [ 2.585545e+00  5.826367e+00  4.831769e+00  4.025325e-02]
 [ 2.632526e+00  5.826931e+00  4.698086e+00  5.644574e-02]
 [ 2.678129e+00  5.827680e+00  4.560310e+00  7.481764e-02]
 [ 2.722338e+00  5.828630e+00  4.420925e+00  9.503784e-02]
 [ 2.765277e+00  5.829791e+00  4.293879e+00  1.160899e-01]
 [ 2.807297e+00  5.831203e+00  4.202046e+00  1.412189e-01]
 [ 2.848859e+00  5.832889e+00  4.156147e+00  1.685701e-01]
 [ 2.890599e+00  5.834883e+00  4.173986e+00  1.994277e-01]
 [ 2.933147e+00  5.837223e+00  4.254846e+00  2.339292e-01]
 [ 2.976976e+00  5.839906e+00  4.382850e+00  2.683825e-01]
 [ 3.022400e+00  5.842925e+00  4.542380e+00  3.018645e-01]
 [ 3.069539e+00  5.846246e+00  4.713924e+00  3.321044e-01]
 [ 3.118451e+00  5.849842e+00  4.891265e+00  3.595577e-01]
 [ 3.169144e+00  5.853711e+00  5.069253e+00  3.869027e-01]
 [ 3.220748e+00  5.857848e+00  5.160373e+00  4.137235e-01]
 [ 3.272086e+00  5.862202e+00  5.133836e+00  4.353871e-01]
 [ 3.323232e+00  5.866742e+00  5.114625e+00  4.540419e-01]
 [ 3.374132e+00  5.871430e+00  5.089996e+00  4.688413e-01]
 [ 3.424640e+00  5.876206e+00  5.050804e+00  4.775867e-01]
 [ 3.474712e+00  5.881018e+00  5.007210e+00  4.811415e-01]
 [ 3.524322e+00  5.885847e+00  4.960935e+00  4.829350e-01]
 [ 3.573033e+00  5.890700e+00  4.871097e+00  4.852917e-01]
 [ 3.620400e+00  5.895578e+00  4.736702e+00  4.877774e-01]
 [ 3.666221e+00  5.900483e+00  4.582170e+00  4.905488e-01]
 [ 3.710464e+00  5.905443e+00  4.424260e+00  4.959382e-01]
 [ 3.753139e+00  5.910515e+00  4.267479e+00  5.072489e-01]
 [ 3.794302e+00  5.915736e+00  4.116268e+00  5.221149e-01]
 [ 3.834389e+00  5.921111e+00  4.008732e+00  5.374731e-01]
 [ 3.874094e+00  5.926685e+00  3.970569e+00  5.573692e-01]
 [ 3.914250e+00  5.932483e+00  4.015566e+00  5.798450e-01]
 [ 3.955539e+00  5.938498e+00  4.128894e+00  6.015271e-01]
 [ 3.998268e+00  5.944728e+00  4.272878e+00  6.229922e-01]
 [ 4.042580e+00  5.951159e+00  4.431170e+00  6.430992e-01]
 [ 4.088501e+00  5.957741e+00  4.592169e+00  6.581377e-01]
 [ 4.135981e+00  5.964367e+00  4.747931e+00  6.626600e-01]
 [ 4.184951e+00  5.970934e+00  4.897045e+00  6.567056e-01]
 [ 4.235298e+00  5.977337e+00  5.034661e+00  6.402689e-01]
 [ 4.286499e+00  5.983471e+00  5.120128e+00  6.133786e-01]
 [ 4.337368e+00  5.989271e+00  5.086932e+00  5.800424e-01]
 [ 4.387621e+00  5.994736e+00  5.025329e+00  5.465123e-01]
 [ 4.437189e+00  5.999910e+00  4.956714e+00  5.173341e-01]
 [ 4.485626e+00  6.004832e+00  4.843684e+00  4.922434e-01]
 [ 4.532354e+00  6.009565e+00  4.672831e+00  4.732711e-01]
 [ 4.577019e+00  6.014216e+00  4.466521e+00  4.650912e-01]
 [ 4.619459e+00  6.018878e+00  4.243958e+00  4.662852e-01]
 [ 4.659685e+00  6.023628e+00  4.022598e+00  4.749077e-01]
 [ 4.697703e+00  6.028557e+00  3.801846e+00  4.929777e-01]
 [ 4.733536e+00  6.033802e+00  3.583290e+00  5.244510e-01]
 [ 4.767233e+00  6.039548e+00  3.369710e+00  5.745904e-01]
 [ 4.798889e+00  6.046037e+00  3.165625e+00  6.489530e-01]
 [ 4.828487e+00  6.053703e+00  2.959798e+00  7.665373e-01]
 [ 4.855993e+00  6.062917e+00  2.750566e+00  9.214489e-01]
 [ 4.881360e+00  6.073917e+00  2.536690e+00  1.099972e+00]
 [ 4.904580e+00  6.086838e+00  2.321951e+00  1.292144e+00]
 [ 4.925683e+00  6.101766e+00  2.110405e+00  1.492711e+00]
 [ 4.944681e+00  6.118738e+00  1.899789e+00  1.697231e+00]
 [ 4.961651e+00  6.137791e+00  1.696947e+00  1.905326e+00]
 [ 4.976572e+00  6.158909e+00  1.492075e+00  2.111820e+00]
 [ 4.989426e+00  6.182075e+00  1.285460e+00  2.316530e+00]
 [ 5.000228e+00  6.207294e+00  1.080246e+00  2.521905e+00]
 [ 5.008999e+00  6.234585e+00  8.770624e-01  2.729118e+00]
 [ 5.015770e+00  6.263982e+00  6.771166e-01  2.939737e+00]
 [ 5.020618e+00  6.295514e+00  4.848165e-01  3.153142e+00]
 [ 5.023659e+00  6.329197e+00  3.040318e-01  3.368316e+00]
 [ 5.025080e+00  6.365016e+00  1.421222e-01  3.581915e+00]
 [ 5.025174e+00  6.402910e+00  9.423118e-03  3.789425e+00]
 [ 5.024201e+00  6.442776e+00 -9.731952e-02  3.986547e+00]
 [ 5.022384e+00  6.484459e+00 -1.816931e-01  4.168317e+00]
 [ 5.019995e+00  6.527370e+00 -2.388796e-01  4.291112e+00]
 [ 5.017259e+00  6.570924e+00 -2.736184e-01  4.355429e+00]
 [ 5.014320e+00  6.614529e+00 -2.938793e-01  4.360510e+00]
 [ 5.011252e+00  6.657600e+00 -3.067990e-01  4.307042e+00]
 [ 5.008093e+00  6.699731e+00 -3.159618e-01  4.213103e+00]
 [ 5.004850e+00  6.740612e+00 -3.243016e-01  4.088138e+00]
 [ 5.001503e+00  6.780222e+00 -3.346886e-01  3.960994e+00]
 [ 4.998042e+00  6.818622e+00 -3.461421e-01  3.839939e+00]
 [ 4.994429e+00  6.856352e+00 -3.613074e-01  3.773046e+00]
 [ 4.990625e+00  6.894026e+00 -3.802849e-01  3.767415e+00]
 [ 4.986617e+00  6.932178e+00 -4.008352e-01  3.815198e+00]
 [ 4.982439e+00  6.971288e+00 -4.178860e-01  3.911018e+00]
 [ 4.978159e+00  7.011760e+00 -4.278785e-01  4.047163e+00]
 [ 4.973872e+00  7.053818e+00 -4.288101e-01  4.205797e+00]
 [ 4.969676e+00  7.097505e+00 -4.195252e-01  4.368670e+00]
 [ 4.965656e+00  7.142867e+00 -4.020091e-01  4.536184e+00]
 [ 4.961880e+00  7.189857e+00 -3.776368e-01  4.699124e+00]
 [ 4.958416e+00  7.238347e+00 -3.463387e-01  4.848881e+00]
 [ 4.955337e+00  7.288119e+00 -3.079433e-01  4.977217e+00]
 [ 4.952692e+00  7.338774e+00 -2.645565e-01  5.065533e+00]
 [ 4.950499e+00  7.388965e+00 -2.192144e-01  5.019103e+00]
 [ 4.948782e+00  7.438443e+00 -1.716831e-01  4.947793e+00]
 [ 4.947568e+00  7.486726e+00 -1.214360e-01  4.828328e+00]
 [ 4.946923e+00  7.533228e+00 -6.449769e-02  4.650182e+00]
 [ 4.946948e+00  7.577543e+00  2.478665e-03  4.431480e+00]
 [ 4.947715e+00  7.619627e+00  7.669118e-02  4.208358e+00]
 [ 4.949259e+00  7.659527e+00  1.543999e-01  3.990063e+00]
 [ 4.951638e+00  7.697283e+00  2.379155e-01  3.775556e+00]
 [ 4.954897e+00  7.732912e+00  3.258870e-01  3.562891e+00]
 [ 4.959184e+00  7.766564e+00  4.287554e-01  3.365266e+00]
 [ 4.964808e+00  7.798263e+00  5.623122e-01  3.169826e+00]
 [ 4.972119e+00  7.827969e+00  7.311528e-01  2.970688e+00]
 [ 4.981351e+00  7.855633e+00  9.232108e-01  2.766372e+00]
 [ 4.992596e+00  7.881293e+00  1.124515e+00  2.566056e+00]
 [ 5.005949e+00  7.905153e+00  1.335277e+00  2.385957e+00]
 [ 5.021488e+00  7.927249e+00  1.553907e+00  2.209636e+00]
 [ 5.039254e+00  7.947748e+00  1.776565e+00  2.049825e+00]
 [ 5.059254e+00  7.966524e+00  2.000037e+00  1.877634e+00]
 [ 5.081448e+00  7.983572e+00  2.219402e+00  1.704812e+00]
 [ 5.105813e+00  7.998919e+00  2.436475e+00  1.534690e+00]
 [ 5.132325e+00  8.012638e+00  2.651207e+00  1.371872e+00]
 [ 5.160964e+00  8.024876e+00  2.863880e+00  1.223831e+00]
 [ 5.191706e+00  8.035791e+00  3.074262e+00  1.091515e+00]
 [ 5.224541e+00  8.045543e+00  3.283453e+00  9.751092e-01]
 [ 5.259492e+00  8.054217e+00  3.495107e+00  8.674930e-01]
 [ 5.296568e+00  8.061941e+00  3.707581e+00  7.724141e-01]
 [ 5.335737e+00  8.068872e+00  3.916884e+00  6.931093e-01]
 [ 5.376956e+00  8.075231e+00  4.121969e+00  6.357954e-01]
 [ 5.420155e+00  8.081233e+00  4.319889e+00  6.002365e-01]
 [ 5.465162e+00  8.087074e+00  4.500639e+00  5.841572e-01]
 [ 5.511579e+00  8.092876e+00  4.641762e+00  5.802215e-01]
 [ 5.558915e+00  8.098743e+00  4.733524e+00  5.866513e-01]
 [ 5.606573e+00  8.104790e+00  4.765864e+00  6.046256e-01]
 [ 5.653981e+00  8.111062e+00  4.740796e+00  6.272651e-01]
 [ 5.700571e+00  8.117609e+00  4.658956e+00  6.546876e-01]
 [ 5.745859e+00  8.124437e+00  4.528861e+00  6.828156e-01]
 [ 5.789666e+00  8.131539e+00  4.380705e+00  7.102245e-01]
 [ 5.831954e+00  8.138923e+00  4.228796e+00  7.383367e-01]
 [ 5.873040e+00  8.146606e+00  4.108555e+00  7.684169e-01]
 [ 5.913726e+00  8.154620e+00  4.068614e+00  8.013299e-01]
 [ 5.954707e+00  8.163000e+00  4.098078e+00  8.379851e-01]
 [ 5.996536e+00  8.171759e+00  4.182942e+00  8.758417e-01]
 [ 6.039468e+00  8.180922e+00  4.293228e+00  9.163362e-01]
 [ 6.083511e+00  8.190527e+00  4.404258e+00  9.605278e-01]
 [ 6.128756e+00  8.200587e+00  4.524513e+00  1.005983e+00]
 [ 6.175186e+00  8.199799e+00  4.643013e+00 -7.879587e-02]
 [ 6.222630e+00  8.199391e+00  4.744323e+00 -4.073481e-02]
 [ 6.271074e+00  8.199080e+00  4.844425e+00 -3.111642e-02]
 [ 6.320441e+00  8.198846e+00  4.936750e+00 -2.348565e-02]
 [ 6.370467e+00  8.199632e+00  5.002530e+00  7.864207e-02]
 [ 6.420770e+00  8.201384e+00  5.030346e+00  1.751961e-01]
 [ 6.470640e+00  8.204047e+00  4.987027e+00  2.663428e-01]
 [ 6.519909e+00  8.207579e+00  4.926874e+00  3.531136e-01]
 [ 6.568144e+00  8.211911e+00  4.823509e+00  4.333030e-01]
 [ 6.614977e+00  8.216968e+00  4.683281e+00  5.056127e-01]
 [ 6.660137e+00  8.222706e+00  4.516030e+00  5.738418e-01]
 [ 6.703453e+00  8.229124e+00  4.331589e+00  6.417837e-01]
 [ 6.744796e+00  8.236222e+00  4.134243e+00  7.098221e-01]
 [ 6.784066e+00  8.243975e+00  3.926995e+00  7.752745e-01]
 [ 6.821186e+00  8.252424e+00  3.712054e+00  8.449816e-01]
 [ 6.856113e+00  8.261706e+00  3.492731e+00  9.281657e-01]
 [ 6.888842e+00  8.272052e+00  3.272819e+00  1.034525e+00]
 [ 6.919352e+00  8.283670e+00  3.050992e+00  1.161908e+00]
 [ 6.947658e+00  8.296769e+00  2.830611e+00  1.309862e+00]
 [ 6.973820e+00  8.311521e+00  2.616270e+00  1.475132e+00]
 [ 6.997913e+00  8.328015e+00  2.409311e+00  1.649514e+00]
 [ 7.019993e+00  8.346327e+00  2.207949e+00  1.831082e+00]
 [ 7.040132e+00  8.366480e+00  2.013868e+00  2.015334e+00]
 [ 7.058386e+00  8.388456e+00  1.825446e+00  2.197656e+00]
 [ 7.074800e+00  8.412196e+00  1.641385e+00  2.373939e+00]
 [ 7.089450e+00  8.437630e+00  1.465066e+00  2.543360e+00]
 [ 7.102474e+00  8.464685e+00  1.302303e+00  2.705637e+00]
 [ 7.114028e+00  8.493277e+00  1.155444e+00  2.859096e+00]
 [ 7.124280e+00  8.523338e+00  1.025205e+00  3.006170e+00]
 [ 7.133377e+00  8.554801e+00  9.096304e-01  3.146216e+00]
 [ 7.141472e+00  8.587577e+00  8.095556e-01  3.277652e+00]
 [ 7.148695e+00  8.621578e+00  7.223235e-01  3.400093e+00]
 [ 7.155208e+00  8.656502e+00  6.513016e-01  3.492402e+00]
 [ 7.161166e+00  8.691988e+00  5.957780e-01  3.548617e+00]
 [ 7.166717e+00  8.727617e+00  5.550662e-01  3.562885e+00]
 [ 7.171946e+00  8.763048e+00  5.228809e-01  3.543120e+00]
 [ 7.176918e+00  8.797962e+00  4.972044e-01  3.491427e+00]
 [ 7.181675e+00  8.832140e+00  4.757924e-01  3.417735e+00]
 [ 7.186236e+00  8.865452e+00  4.560878e-01  3.331138e+00]
 [ 7.190600e+00  8.897925e+00  4.364152e-01  3.247408e+00]
 [ 7.194777e+00  8.929573e+00  4.177035e-01  3.164796e+00]
 [ 7.198779e+00  8.960481e+00  4.001795e-01  3.090712e+00]
 [ 7.198533e+00  8.990832e+00 -2.460932e-02  3.035206e+00]
 [ 7.198397e+00  9.020908e+00 -1.358895e-02  3.007607e+00]
 [ 7.198306e+00  9.050706e+00 -9.185287e-03  2.979684e+00]
 [ 7.198237e+00  9.080353e+00 -6.806803e-03  2.964737e+00]
 [ 7.197917e+00  9.110065e+00 -3.203123e-02  2.971234e+00]
 [ 7.197588e+00  9.139922e+00 -3.286365e-02  2.985730e+00]
 [ 7.197438e+00  9.169748e+00 -1.500559e-02  2.982539e+00]
 [ 7.197306e+00  9.199679e+00 -1.321333e-02  2.993179e+00]
 [ 7.197252e+00  9.229417e+00 -5.380154e-03  2.973711e+00]
 [ 7.197224e+00  9.259184e+00 -2.891468e-03  2.976695e+00]
 [ 7.197186e+00  9.288845e+00 -3.710448e-03  2.966120e+00]
 [ 7.197271e+00  9.318442e+00  8.483764e-03  2.959718e+00]
 [ 7.197351e+00  9.347809e+00  7.992066e-03  2.936643e+00]
 [ 7.197435e+00  9.377162e+00  8.373158e-03  2.935342e+00]
 [ 7.197613e+00  9.406380e+00  1.777953e-02  2.921822e+00]
 [ 7.197767e+00  9.435420e+00  1.544709e-02  2.903996e+00]
 [ 7.197716e+00  9.464527e+00 -5.141137e-03  2.910744e+00]
 [ 7.197675e+00  9.493576e+00 -4.062186e-03  2.904812e+00]
 [ 7.197657e+00  9.522635e+00 -1.866402e-03  2.905900e+00]
 [ 5.017766e+00  3.984890e+00  1.374207e-01 -2.755731e-02]
 [ 5.020729e+00  3.985501e+00  2.963336e-01  6.115532e-02]
 [ 5.025342e+00  3.986935e+00  4.613485e-01  1.433768e-01]
 [ 5.031646e+00  3.989144e+00  6.303648e-01  2.209128e-01]
 [ 5.039652e+00  3.992041e+00  8.005838e-01  2.896967e-01]
 [ 5.049351e+00  3.995531e+00  9.699197e-01  3.489724e-01]
 [ 5.060730e+00  3.999523e+00  1.137898e+00  3.992002e-01]
 [ 5.073750e+00  4.003943e+00  1.301958e+00  4.420479e-01]
 [ 5.088389e+00  4.008714e+00  1.464006e+00  4.770848e-01]
 [ 5.104612e+00  4.013750e+00  1.622230e+00  5.035942e-01]
 [ 5.122437e+00  4.019025e+00  1.782522e+00  5.274733e-01]
 [ 5.141876e+00  4.024539e+00  1.943907e+00  5.514538e-01]
 [ 5.162917e+00  4.030315e+00  2.104083e+00  5.775465e-01]
 [ 5.185524e+00  4.036378e+00  2.260678e+00  6.062844e-01]
 [ 5.209697e+00  4.042744e+00  2.417307e+00  6.366177e-01]
 [ 5.235461e+00  4.049426e+00  2.576450e+00  6.681997e-01]
 [ 5.262822e+00  4.056449e+00  2.736050e+00  7.023300e-01]
 [ 5.291793e+00  4.063826e+00  2.897126e+00  7.376308e-01]
 [ 5.322347e+00  4.071568e+00  3.055411e+00  7.742515e-01]
 [ 5.354432e+00  4.079685e+00  3.208473e+00  8.117040e-01]
 [ 5.387953e+00  4.088176e+00  3.352101e+00  8.490760e-01]
 [ 5.422797e+00  4.097057e+00  3.484394e+00  8.881139e-01]
 [ 5.458794e+00  4.106346e+00  3.599747e+00  9.289223e-01]
 [ 5.495520e+00  4.116063e+00  3.672587e+00  9.717010e-01]
 [ 5.532524e+00  4.126218e+00  3.700323e+00  1.015492e+00]
 [ 5.569317e+00  4.136820e+00  3.679389e+00  1.060178e+00]
 [ 5.605525e+00  4.147851e+00  3.620812e+00  1.103067e+00]
 [ 5.640916e+00  4.159236e+00  3.539038e+00  1.138571e+00]
 [ 5.675466e+00  4.170895e+00  3.454961e+00  1.165879e+00]
 [ 5.709141e+00  4.182752e+00  3.367582e+00  1.185694e+00]
 [ 5.741968e+00  4.194763e+00  3.282682e+00  1.201053e+00]
 [ 5.774131e+00  4.206901e+00  3.216293e+00  1.213835e+00]
 [ 5.806157e+00  4.204471e+00  3.202578e+00 -2.430131e-01]
 [ 5.838037e+00  4.202898e+00  3.188032e+00 -1.573407e-01]
 [ 5.870316e+00  4.201708e+00  3.227843e+00 -1.188779e-01]
 [ 5.903364e+00  4.200816e+00  3.304875e+00 -8.929423e-02]
 [ 5.937461e+00  4.200146e+00  3.409691e+00 -6.698585e-02]
 [ 5.972921e+00  4.199643e+00  3.545996e+00 -5.028420e-02]
 [ 6.009837e+00  4.199265e+00  3.691612e+00 -3.779723e-02]
 [ 6.048249e+00  4.198980e+00  3.841131e+00 -2.851005e-02]
 [ 6.088164e+00  4.198764e+00  3.991548e+00 -2.159600e-02]
 [ 6.129591e+00  4.198604e+00  4.142720e+00 -1.595590e-02]
 [ 6.172511e+00  4.198490e+00  4.291914e+00 -1.146066e-02]
 [ 6.216915e+00  4.198409e+00  4.440496e+00 -8.121661e-03]
 [ 6.262763e+00  4.198352e+00  4.584742e+00 -5.651212e-03]
 [ 6.309971e+00  4.198311e+00  4.720859e+00 -4.041089e-03]
 [ 6.358370e+00  4.199001e+00  4.839913e+00  6.893600e-02]
 [ 6.407457e+00  4.200389e+00  4.908669e+00  1.388402e-01]
 [ 6.456637e+00  4.202431e+00  4.917998e+00  2.041450e-01]
 [ 6.505325e+00  4.205078e+00  4.868772e+00  2.647590e-01]
 [ 6.552881e+00  4.208276e+00  4.755600e+00  3.197540e-01]
 [ 6.598861e+00  4.211959e+00  4.598005e+00  3.683454e-01]
 [ 6.643015e+00  4.216090e+00  4.415386e+00  4.130678e-01]
 [ 6.685276e+00  4.220656e+00  4.226077e+00  4.565806e-01]
 [ 6.725586e+00  4.225659e+00  4.031032e+00  5.003604e-01]
 [ 6.763896e+00  4.231123e+00  3.830946e+00  5.463991e-01]
 [ 6.800151e+00  4.237070e+00  3.625540e+00  5.945942e-01]
 [ 6.834341e+00  4.243576e+00  3.418960e+00  6.506413e-01]
 [ 6.866455e+00  4.250858e+00  3.211403e+00  7.281922e-01]
 [ 6.896477e+00  4.259179e+00  3.002244e+00  8.320741e-01]
 [ 6.924386e+00  4.268807e+00  2.790873e+00  9.628678e-01]
 [ 6.950203e+00  4.279909e+00  2.581774e+00  1.110138e+00]
 [ 6.973952e+00  4.292583e+00  2.374911e+00  1.267379e+00]
 [ 6.995634e+00  4.306914e+00  2.168166e+00  1.433187e+00]
 [ 7.015221e+00  4.322969e+00  1.958722e+00  1.605515e+00]
 [ 7.032693e+00  4.340770e+00  1.747225e+00  1.780021e+00]
 [ 7.048042e+00  4.360318e+00  1.534825e+00  1.954803e+00]
 [ 7.061265e+00  4.381612e+00  1.322340e+00  2.129474e+00]
 [ 7.072402e+00  4.404631e+00  1.113651e+00  2.301904e+00]
 [ 7.081510e+00  4.429338e+00  9.108416e-01  2.470689e+00]
 [ 7.088758e+00  4.455689e+00  7.247719e-01  2.635086e+00]
 [ 7.094319e+00  4.483588e+00  5.561134e-01  2.789875e+00]
 [ 7.098411e+00  4.512800e+00  4.091979e-01  2.921213e+00]
 [ 7.101208e+00  4.543092e+00  2.797339e-01  3.029166e+00]
 [ 7.102854e+00  4.574221e+00  1.645291e-01  3.112905e+00]
 [ 7.103440e+00  4.605929e+00  5.867202e-02  3.170855e+00]
 [ 7.103042e+00  4.637956e+00 -3.987342e-02  3.202707e+00]
 [ 7.101720e+00  4.670124e+00 -1.321195e-01  3.216772e+00]
 [ 7.099509e+00  4.702343e+00 -2.211819e-01  3.221873e+00]
 [ 7.096427e+00  4.734803e+00 -3.081574e-01  3.246066e+00]
 [ 7.092487e+00  4.767882e+00 -3.939416e-01  3.307832e+00]
 [ 7.087713e+00  4.801902e+00 -4.774705e-01  3.402077e+00]
 [ 7.082147e+00  4.837192e+00 -5.565736e-01  3.528890e+00]
 [ 7.075828e+00  4.874078e+00 -6.319284e-01  3.688709e+00]
 [ 7.068823e+00  4.912869e+00 -7.004790e-01  3.879074e+00]
 [ 7.061207e+00  4.953645e+00 -7.615702e-01  4.077607e+00]
 [ 7.053071e+00  4.996438e+00 -8.136847e-01  4.279209e+00]
 [ 7.044528e+00  5.041264e+00 -8.542548e-01  4.482603e+00]
 [ 7.035694e+00  5.088126e+00 -8.833932e-01  4.686238e+00]
 [ 7.026682e+00  5.136995e+00 -9.012222e-01  4.886933e+00]
 [ 7.017606e+00  5.187839e+00 -9.075360e-01  5.084372e+00]
 [ 7.008558e+00  5.239774e+00 -9.048405e-01  5.193546e+00]
 [ 6.999599e+00  5.291658e+00 -8.959057e-01  5.188405e+00]
 [ 6.990775e+00  5.343291e+00 -8.824235e-01  5.163250e+00]
 [ 6.982129e+00  5.394552e+00 -8.646101e-01  5.126107e+00]
 [ 6.973697e+00  5.445446e+00 -8.431806e-01  5.089344e+00]
 [ 6.965516e+00  5.495944e+00 -8.181178e-01  5.049899e+00]
 [ 6.957617e+00  5.546021e+00 -7.898889e-01  5.007607e+00]
 [ 6.950037e+00  5.595688e+00 -7.579129e-01  4.966729e+00]
 [ 6.942799e+00  5.644605e+00 -7.238818e-01  4.891740e+00]
 [ 6.935896e+00  5.692423e+00 -6.902385e-01  4.781772e+00]
 [ 6.929300e+00  5.738979e+00 -6.596330e-01  4.655631e+00]
 [ 6.922942e+00  5.784157e+00 -6.357938e-01  4.517784e+00]
 [ 6.916735e+00  5.827863e+00 -6.207680e-01  4.370643e+00]
 [ 6.910576e+00  5.870061e+00 -6.158615e-01  4.219756e+00]
 [ 6.904351e+00  5.910699e+00 -6.224753e-01  4.063778e+00]
 [ 6.897917e+00  5.949734e+00 -6.434298e-01  3.903556e+00]
 [ 6.891099e+00  5.987141e+00 -6.818044e-01  3.740647e+00]
 [ 6.883682e+00  6.022880e+00 -7.416394e-01  3.573917e+00]
 [ 6.875415e+00  6.056921e+00 -8.267094e-01  3.404092e+00]
 [ 6.866036e+00  6.089208e+00 -9.378794e-01  3.228716e+00]
 [ 6.855314e+00  6.119699e+00 -1.072247e+00  3.049046e+00]
 [ 6.843027e+00  6.148369e+00 -1.228752e+00  2.867016e+00]
 [ 6.828990e+00  6.175213e+00 -1.403608e+00  2.684435e+00]
 [ 6.813116e+00  6.200264e+00 -1.587492e+00  2.505084e+00]
 [ 6.795372e+00  6.199266e+00 -1.774415e+00 -9.973920e-02]
 [ 6.775519e+00  6.197314e+00 -1.985188e+00 -1.952229e-01]
 [ 6.753596e+00  6.194448e+00 -2.192328e+00 -2.866828e-01]
 [ 6.729626e+00  6.190639e+00 -2.397005e+00 -3.808840e-01]
 [ 6.703634e+00  6.185853e+00 -2.599239e+00 -4.784945e-01]
 [ 6.675649e+00  6.180091e+00 -2.798513e+00 -5.762393e-01]
 [ 6.645694e+00  6.173421e+00 -2.995495e+00 -6.670538e-01]
 [ 6.613773e+00  6.165918e+00 -3.192092e+00 -7.502438e-01]
 [ 6.579884e+00  6.157672e+00 -3.388907e+00 -8.246142e-01]
 [ 6.544049e+00  6.148778e+00 -3.583466e+00 -8.893873e-01]
 [ 6.506322e+00  6.139384e+00 -3.772654e+00 -9.394298e-01]
 [ 6.466788e+00  6.129681e+00 -3.953415e+00 -9.703413e-01]
 [ 6.425519e+00  6.119787e+00 -4.126950e+00 -9.893308e-01]
 [ 6.382667e+00  6.109806e+00 -4.285236e+00 -9.980970e-01]
 [ 6.338606e+00  6.099900e+00 -4.406075e+00 -9.906114e-01]
 [ 6.293946e+00  6.090235e+00 -4.465930e+00 -9.664811e-01]
 [ 6.249268e+00  6.080943e+00 -4.467880e+00 -9.292873e-01]
 [ 6.205181e+00  6.072120e+00 -4.408705e+00 -8.822570e-01]
 [ 6.162192e+00  6.063836e+00 -4.298882e+00 -8.283647e-01]
 [ 6.120636e+00  6.056170e+00 -4.155512e+00 -7.665994e-01]
 [ 6.080691e+00  6.049202e+00 -3.994548e+00 -6.967990e-01]
 [ 6.042410e+00  6.043005e+00 -3.828054e+00 -6.197898e-01]
 [ 6.005655e+00  6.037632e+00 -3.675515e+00 -5.372895e-01]
 [ 5.970157e+00  6.033099e+00 -3.549865e+00 -4.532356e-01]
 [ 5.935205e+00  6.029447e+00 -3.495212e+00 -3.652642e-01]
 [ 5.900002e+00  6.026685e+00 -3.520259e+00 -2.761341e-01]
 [ 5.863817e+00  6.024775e+00 -3.618524e+00 -1.910233e-01]
 [ 5.826257e+00  6.023669e+00 -3.755941e+00 -1.105787e-01]
 [ 5.787232e+00  6.023325e+00 -3.902567e+00 -3.443325e-02]
 [ 5.746697e+00  6.023697e+00 -4.053480e+00  3.721826e-02]
 [ 5.704653e+00  6.024738e+00 -4.204400e+00  1.041168e-01]
 [ 5.661128e+00  6.026379e+00 -4.352496e+00  1.641049e-01]
 [ 5.616210e+00  6.028505e+00 -4.491841e+00  2.125673e-01]
 [ 5.570007e+00  6.030964e+00 -4.620275e+00  2.459549e-01]
 [ 5.522597e+00  6.033629e+00 -4.741024e+00  2.664965e-01]
 [ 5.474359e+00  6.036366e+00 -4.823797e+00  2.736960e-01]
 [ 5.426031e+00  6.039062e+00 -4.832819e+00  2.695431e-01]
 [ 5.378307e+00  6.041653e+00 -4.772352e+00  2.590796e-01]
 [ 5.331839e+00  6.044122e+00 -4.646770e+00  2.469171e-01]
 [ 5.287231e+00  6.046493e+00 -4.460845e+00  2.371112e-01]
 [ 5.244764e+00  6.048844e+00 -4.246669e+00  2.350983e-01]
 [ 5.204524e+00  6.051301e+00 -4.023987e+00  2.457626e-01]
 [ 5.166504e+00  6.054051e+00 -3.802038e+00  2.749301e-01]
 [ 5.130698e+00  6.057268e+00 -3.580592e+00  3.217155e-01]
 [ 5.097069e+00  6.061132e+00 -3.362887e+00  3.864587e-01]
 [ 5.065497e+00  6.065894e+00 -3.157190e+00  4.761823e-01]
 [ 5.035923e+00  6.071744e+00 -2.957412e+00  5.850113e-01]
 [ 5.008319e+00  6.078788e+00 -2.760378e+00  7.043554e-01]
 [ 4.982631e+00  6.087266e+00 -2.568864e+00  8.478001e-01]
 [ 4.958769e+00  6.097425e+00 -2.386173e+00  1.015933e+00]
 [ 4.936709e+00  6.109433e+00 -2.205951e+00  1.200733e+00]
 [ 4.916449e+00  6.123387e+00 -2.026092e+00  1.395465e+00]
 [ 4.898002e+00  6.139383e+00 -1.844689e+00  1.599608e+00]
 [ 4.881369e+00  6.157438e+00 -1.663225e+00  1.805512e+00]
 [ 4.866507e+00  6.177570e+00 -1.486265e+00  2.013122e+00]
 [ 4.853375e+00  6.199786e+00 -1.313162e+00  2.221662e+00]
 [ 4.841907e+00  6.224093e+00 -1.146813e+00  2.430695e+00]
 [ 4.832127e+00  6.250461e+00 -9.780033e-01  2.636765e+00]
 [ 4.824034e+00  6.278831e+00 -8.092455e-01  2.837067e+00]
 [ 4.817514e+00  6.309167e+00 -6.519927e-01  3.033598e+00]
 [ 4.812390e+00  6.341398e+00 -5.124116e-01  3.223021e+00]
 [ 4.808492e+00  6.375286e+00 -3.898059e-01  3.388852e+00]
 [ 4.805697e+00  6.410590e+00 -2.795333e-01  3.530404e+00]
 [ 4.803880e+00  6.447002e+00 -1.817138e-01  3.641207e+00]
 [ 4.802922e+00  6.484226e+00 -9.574590e-02  3.722354e+00]
 [ 4.802697e+00  6.521965e+00 -2.254776e-02  3.773913e+00]
 [ 4.803087e+00  6.559895e+00  3.901594e-02  3.793001e+00]
 [ 4.804013e+00  6.597642e+00  9.256802e-02  3.774736e+00]
 [ 4.805399e+00  6.634847e+00  1.386597e-01  3.720481e+00]
 [ 4.807173e+00  6.671369e+00  1.774111e-01  3.652146e+00]
 [ 4.809277e+00  6.707157e+00  2.103702e-01  3.578842e+00]
 [ 4.811677e+00  6.742298e+00  2.400163e-01  3.514079e+00]
 [ 4.814350e+00  6.777313e+00  2.672693e-01  3.501532e+00]
 [ 4.817276e+00  6.812664e+00  2.926223e-01  3.535072e+00]
 [ 4.820435e+00  6.848723e+00  3.158467e-01  3.605879e+00]
 [ 4.823796e+00  6.885808e+00  3.360885e-01  3.708524e+00]
 [ 4.827317e+00  6.924223e+00  3.521809e-01  3.841495e+00]
 [ 4.830951e+00  6.964284e+00  3.633972e-01  4.006092e+00]
 [ 4.834660e+00  7.006094e+00  3.708021e-01  4.180958e+00]
 [ 4.838408e+00  7.049633e+00  3.749008e-01  4.353945e+00]
 [ 4.842160e+00  7.094855e+00  3.751716e-01  4.522193e+00]
 [ 4.845882e+00  7.141693e+00  3.721856e-01  4.683855e+00]
 [ 4.849518e+00  7.190017e+00  3.636213e-01  4.832376e+00]
 [ 4.853041e+00  7.239571e+00  3.523176e-01  4.955390e+00]
 [ 4.856503e+00  7.289867e+00  3.461932e-01  5.029643e+00]
 [ 4.859987e+00  7.339981e+00  3.483625e-01  5.011377e+00]
 [ 4.863562e+00  7.389439e+00  3.575048e-01  4.945796e+00]
 [ 4.867270e+00  7.437765e+00  3.708734e-01  4.832608e+00]
 [ 4.871148e+00  7.484354e+00  3.877116e-01  4.658828e+00]
 [ 4.875249e+00  7.528977e+00  4.100999e-01  4.462316e+00]
 [ 4.879670e+00  7.571530e+00  4.421031e-01  4.255386e+00]
 [ 4.884553e+00  7.612033e+00  4.883367e-01  4.050286e+00]
 [ 4.890126e+00  7.650526e+00  5.573190e-01  3.849211e+00]
 [ 4.896619e+00  7.687111e+00  6.492263e-01  3.658576e+00]
 [ 4.904330e+00  7.721809e+00  7.711737e-01  3.469749e+00]
 [ 4.913548e+00  7.754613e+00  9.217439e-01  3.280393e+00]
 [ 4.924510e+00  7.785499e+00  1.096263e+00  3.088623e+00]
 [ 4.937390e+00  7.814415e+00  1.287921e+00  2.891591e+00]
 [ 4.952322e+00  7.841557e+00  1.493258e+00  2.714190e+00]
 [ 4.969385e+00  7.867069e+00  1.706222e+00  2.551206e+00]
 [ 4.988600e+00  7.891015e+00  1.921550e+00  2.394645e+00]
 [ 5.009979e+00  7.913522e+00  2.137856e+00  2.250650e+00]
 [ 5.033523e+00  7.934660e+00  2.354419e+00  2.113884e+00]
 [ 5.059228e+00  7.954272e+00  2.570559e+00  1.961138e+00]
 [ 5.087080e+00  7.972254e+00  2.785154e+00  1.798193e+00]
 [ 5.117054e+00  7.988753e+00  2.997475e+00  1.649928e+00]
 [ 5.149137e+00  8.003942e+00  3.208253e+00  1.518863e+00]
 [ 5.183310e+00  8.017967e+00  3.417281e+00  1.402543e+00]
 [ 5.219584e+00  8.030907e+00  3.627407e+00  1.293989e+00]
 [ 5.257965e+00  8.042808e+00  3.838055e+00  1.190073e+00]
 [ 5.298445e+00  8.053798e+00  4.048005e+00  1.098982e+00]
 [ 5.340976e+00  8.063989e+00  4.253181e+00  1.019138e+00]
 [ 5.385499e+00  8.073500e+00  4.452318e+00  9.510882e-01]
 [ 5.431894e+00  8.082515e+00  4.639458e+00  9.014876e-01]
 [ 5.479828e+00  8.091136e+00  4.793349e+00  8.620801e-01]
 [ 5.528860e+00  8.099476e+00  4.903172e+00  8.340216e-01]
 [ 5.578461e+00  8.107680e+00  4.960186e+00  8.204525e-01]
 [ 5.628090e+00  8.115871e+00  4.962888e+00  8.191060e-01]
 [ 5.677192e+00  8.124144e+00  4.910151e+00  8.272497e-01]
 [ 5.725209e+00  8.132536e+00  4.801701e+00  8.392045e-01]
 [ 5.771719e+00  8.141047e+00  4.651027e+00  8.511536e-01]
 [ 5.816639e+00  8.149696e+00  4.492016e+00  8.648585e-01]
 [ 5.859924e+00  8.158533e+00  4.328506e+00  8.837047e-01]
 [ 5.902400e+00  8.167580e+00  4.247607e+00  9.046275e-01]
 [ 5.944848e+00  8.176872e+00  4.244741e+00  9.292517e-01]
 [ 5.987944e+00  8.186439e+00  4.309588e+00  9.567065e-01]
 [ 6.032053e+00  8.196313e+00  4.410987e+00  9.873586e-01]
 [ 6.077229e+00  8.206531e+00  4.517636e+00  1.021773e+00]
 [ 6.123559e+00  8.204231e+00  4.632865e+00 -2.298964e-01]
 [ 6.170808e+00  8.202725e+00  4.724953e+00 -1.505727e-01]
 [ 6.219025e+00  8.201588e+00  4.821676e+00 -1.137979e-01]
 [ 6.268189e+00  8.200731e+00  4.916486e+00 -8.565238e-02]
 [ 6.318282e+00  8.200087e+00  5.009265e+00 -6.446739e-02]
 [ 6.368981e+00  8.200485e+00  5.069937e+00  3.983685e-02]
 [ 6.419338e+00  8.201868e+00  5.035668e+00  1.383387e-01]
 [ 6.469212e+00  8.204190e+00  4.987314e+00  2.322380e-01]
 [ 6.518485e+00  8.207405e+00  4.927381e+00  3.214912e-01]
 [ 6.566728e+00  8.211451e+00  4.824224e+00  4.045186e-01]
 [ 6.613564e+00  8.216235e+00  4.683661e+00  4.784318e-01]
 [ 6.658725e+00  8.221715e+00  4.516104e+00  5.480134e-01]
 [ 6.702033e+00  8.227887e+00  4.330767e+00  6.171739e-01]
 [ 6.743364e+00  8.234759e+00  4.133179e+00  6.872219e-01]
 [ 6.782620e+00  8.242306e+00  3.925521e+00  7.546805e-01]
 [ 6.819726e+00  8.250566e+00  3.710641e+00  8.260945e-01]
 [ 6.854646e+00  8.259663e+00  3.491935e+00  9.095600e-01]
 [ 6.887365e+00  8.269822e+00  3.271977e+00  1.015938e+00]
 [ 6.917874e+00  8.281254e+00  3.050910e+00  1.143156e+00]
 [ 6.946188e+00  8.294162e+00  2.831379e+00  1.290848e+00]
 [ 6.972362e+00  8.308730e+00  2.617337e+00  1.456845e+00]
 [ 6.996471e+00  8.325050e+00  2.410931e+00  1.632016e+00]
 [ 7.018578e+00  8.343195e+00  2.210668e+00  1.814464e+00]
 [ 7.038744e+00  8.363191e+00  2.016652e+00  1.999575e+00]
 [ 7.057032e+00  8.385021e+00  1.828744e+00  2.183045e+00]
 [ 7.073482e+00  8.408626e+00  1.645077e+00  2.360475e+00]
 [ 7.088170e+00  8.433936e+00  1.468718e+00  2.531037e+00]
 [ 7.101229e+00  8.460879e+00  1.305980e+00  2.694326e+00]
 [ 7.112818e+00  8.489367e+00  1.158845e+00  2.848726e+00]
 [ 7.123101e+00  8.519330e+00  1.028363e+00  2.996262e+00]
 [ 7.132226e+00  8.550697e+00  9.124985e-01  3.136772e+00]
 [ 7.140344e+00  8.583387e+00  8.117595e-01  3.269044e+00]
 [ 7.147583e+00  8.617312e+00  7.239279e-01  3.392488e+00]
 [ 7.154097e+00  8.652204e+00  6.513484e-01  3.489055e+00]
 [ 7.160056e+00  8.687671e+00  5.959154e-01  3.546765e+00]
 [ 7.165596e+00  8.723336e+00  5.539913e-01  3.566519e+00]
 [ 7.170816e+00  8.758834e+00  5.220496e-01  3.549824e+00]
 [ 7.175782e+00  8.793839e+00  4.965692e-01  3.500473e+00]
 [ 7.180532e+00  8.828138e+00  4.749612e-01  3.429945e+00]
 [ 7.185091e+00  8.861565e+00  4.560147e-01  3.342617e+00]
 [ 7.189461e+00  8.894152e+00  4.369599e-01  3.258663e+00]
 [ 7.193643e+00  8.925916e+00  4.181182e-01  3.176419e+00]
 [ 7.197649e+00  8.956909e+00  4.007204e-01  3.099406e+00]
 [ 7.201496e+00  8.987336e+00  3.845815e-01  3.042712e+00]
 [ 7.200548e+00  9.017249e+00 -9.479760e-02  2.991292e+00]
 [ 7.199932e+00  9.046595e+00 -6.155715e-02  2.934473e+00]
 [ 7.199465e+00  9.075324e+00 -4.670642e-02  2.872963e+00]
 [ 7.199111e+00  9.103322e+00 -3.532797e-02  2.799815e+00]
 [ 7.198844e+00  9.130319e+00 -2.675466e-02  2.699697e+00]
 [ 7.198642e+00  9.156129e+00 -2.024581e-02  2.580946e+00]
 [ 7.198490e+00  9.180651e+00 -1.520487e-02  2.452260e+00]
 [ 7.198375e+00  9.203889e+00 -1.147176e-02  2.323795e+00]
 [ 7.198287e+00  9.225932e+00 -8.769000e-03  2.204317e+00]
 [ 7.198216e+00  9.246819e+00 -7.124761e-03  2.088696e+00]
 [ 7.198137e+00  9.266603e+00 -7.884547e-03  1.978451e+00]
 [ 7.198030e+00  9.285302e+00 -1.076194e-02  1.869873e+00]
 [ 7.197877e+00  9.302908e+00 -1.518766e-02  1.760604e+00]
 [ 7.197668e+00  9.319414e+00 -2.098851e-02  1.650578e+00]
 [ 7.197394e+00  9.334805e+00 -2.737175e-02  1.539091e+00]
 [ 7.197058e+00  9.349062e+00 -3.357572e-02  1.425678e+00]
 [ 7.196667e+00  9.362178e+00 -3.914903e-02  1.311636e+00]
 [ 7.196222e+00  9.374157e+00 -4.443376e-02  1.197869e+00]
 [ 7.195730e+00  9.384988e+00 -4.923032e-02  1.083101e+00]
 [ 7.195186e+00  9.394670e+00 -5.443023e-02  9.681962e-01]
 [ 7.194585e+00  9.403205e+00 -6.005270e-02  8.535061e-01]
 [ 7.193935e+00  9.410598e+00 -6.500516e-02  7.392486e-01]
 [ 7.193238e+00  9.416858e+00 -6.968112e-02  6.260691e-01]
 [ 7.192498e+00  9.421994e+00 -7.404819e-02  5.136454e-01]
 [ 7.191716e+00  9.426013e+00 -7.820660e-02  4.018084e-01]
 [ 7.190890e+00  9.428919e+00 -8.253026e-02  2.906349e-01]
 [ 7.190030e+00  9.430706e+00 -8.608864e-02  1.787380e-01]
 [ 7.189134e+00  9.431384e+00 -8.957495e-02  6.775996e-02]
 [ 7.188211e+00  9.430953e+00 -9.225562e-02 -4.305875e-02]
 [ 7.187263e+00  9.429426e+00 -9.482949e-02 -1.526964e-01]
 [ 7.186295e+00  9.426816e+00 -9.678556e-02 -2.610882e-01]
 [ 7.185314e+00  9.423148e+00 -9.809619e-02 -3.667635e-01]
 [ 7.184328e+00  9.418450e+00 -9.859337e-02 -4.697203e-01]
 [ 7.183340e+00  9.412754e+00 -9.888622e-02 -5.696774e-01]
 [ 7.182357e+00  9.406090e+00 -9.820003e-02 -6.664103e-01]
 [ 7.181391e+00  9.398485e+00 -9.663959e-02 -7.604274e-01]
 [ 7.180437e+00  9.389976e+00 -9.541923e-02 -8.510256e-01]
 [ 7.179497e+00  9.380601e+00 -9.394182e-02 -9.374003e-01]
 [ 7.178571e+00  9.370403e+00 -9.264839e-02 -1.019811e+00]
 [ 7.177660e+00  9.359419e+00 -9.113427e-02 -1.098403e+00]
 [ 7.176766e+00  9.347695e+00 -8.933803e-02 -1.172428e+00]
 [ 7.175907e+00  9.335277e+00 -8.595139e-02 -1.241793e+00]
 [ 7.175091e+00  9.322214e+00 -8.155786e-02 -1.306317e+00]
 [ 7.174334e+00  9.308552e+00 -7.573053e-02 -1.366221e+00]
 [ 7.173642e+00  9.294338e+00 -6.922822e-02 -1.421350e+00]
 [ 7.173023e+00  9.279620e+00 -6.186978e-02 -1.471761e+00]
 [ 7.172488e+00  9.264443e+00 -5.348906e-02 -1.517740e+00]
 [ 7.172041e+00  9.248851e+00 -4.463052e-02 -1.559201e+00]
 [ 7.171687e+00  9.232883e+00 -3.549161e-02 -1.596717e+00]
 [ 7.171429e+00  9.216544e+00 -2.580242e-02 -1.633984e+00]
 [ 7.171263e+00  9.199814e+00 -1.652643e-02 -1.673039e+00]
 [ 7.171180e+00  9.182670e+00 -8.317584e-03 -1.714438e+00]
 [ 7.171176e+00  9.165086e+00 -3.702957e-04 -1.758332e+00]
 [ 7.171247e+00  9.147052e+00  7.111962e-03 -1.803410e+00]
 [ 7.171389e+00  9.128579e+00  1.408738e-02 -1.847272e+00]
 [ 7.171588e+00  9.109700e+00  1.997815e-02 -1.887915e+00]
 [ 7.171840e+00  9.090464e+00  2.519104e-02 -1.923591e+00]
 [ 7.171964e+00  9.071340e+00  1.234108e-02 -1.912419e+00]
 [ 7.172074e+00  9.052281e+00  1.102391e-02 -1.905823e+00]
 [ 7.172185e+00  9.033455e+00  1.108541e-02 -1.882670e+00]
 [ 7.172127e+00  9.014798e+00 -5.764875e-03 -1.865674e+00]
 [ 7.171932e+00  8.996325e+00 -1.952874e-02 -1.847338e+00]
 [ 7.171678e+00  8.977917e+00 -2.540631e-02 -1.840806e+00]
 [ 7.171286e+00  8.959427e+00 -3.914126e-02 -1.848956e+00]
 [ 7.170943e+00  8.941161e+00 -3.435248e-02 -1.826629e+00]
 [ 7.170675e+00  8.922926e+00 -2.681946e-02 -1.823508e+00]
 [ 7.170364e+00  8.904756e+00 -3.100871e-02 -1.817062e+00]
 [ 7.170018e+00  8.886678e+00 -3.468298e-02 -1.807775e+00]
 [ 7.169720e+00  8.868424e+00 -2.974260e-02 -1.825295e+00]
 [ 7.169405e+00  8.850279e+00 -3.153120e-02 -1.814552e+00]
 [ 7.169183e+00  8.832399e+00 -2.219350e-02 -1.787932e+00]
 [ 7.168983e+00  8.814719e+00 -2.006534e-02 -1.768052e+00]
 [ 7.168733e+00  8.797105e+00 -2.490266e-02 -1.761434e+00]
 [ 7.168350e+00  8.779469e+00 -3.833024e-02 -1.763492e+00]
 [ 7.167751e+00  8.761902e+00 -5.988709e-02 -1.756839e+00]
 [ 6.945036e+00  1.018313e+00  5.575528e-02  5.588656e-02]
 [ 6.944903e+00  1.020638e+00 -1.328368e-02  2.324683e-01]
 [ 6.944125e+00  1.024695e+00 -7.784770e-02  4.057418e-01]
 [ 6.942742e+00  1.030454e+00 -1.382812e-01  5.758789e-01]
 [ 6.940796e+00  1.037902e+00 -1.945941e-01  7.447702e-01]
 [ 6.938328e+00  1.047030e+00 -2.467750e-01  9.128312e-01]
 [ 6.935384e+00  1.057824e+00 -2.944023e-01  1.079375e+00]
 [ 6.932001e+00  1.070285e+00 -3.383684e-01  1.246089e+00]
 [ 6.928202e+00  1.084422e+00 -3.798794e-01  1.413696e+00]
 [ 6.924024e+00  1.100253e+00 -4.177531e-01  1.583128e+00]
 [ 6.919507e+00  1.117809e+00 -4.517825e-01  1.755594e+00]
 [ 6.914690e+00  1.137116e+00 -4.817089e-01  1.930673e+00]
 [ 6.909607e+00  1.158197e+00 -5.082206e-01  2.108161e+00]
 [ 6.904294e+00  1.181063e+00 -5.312536e-01  2.286595e+00]
 [ 6.898783e+00  1.205719e+00 -5.511433e-01  2.465594e+00]
 [ 6.893154e+00  1.232172e+00 -5.628968e-01  2.645303e+00]
 [ 6.887527e+00  1.260425e+00 -5.627090e-01  2.825317e+00]
 [ 6.882008e+00  1.290498e+00 -5.518854e-01  3.007304e+00]
 [ 6.876621e+00  1.322387e+00 -5.387126e-01  3.188913e+00]
 [ 6.871383e+00  1.356063e+00 -5.238516e-01  3.367525e+00]
 [ 6.866324e+00  1.391497e+00 -5.058557e-01  3.543409e+00]
 [ 6.861485e+00  1.428612e+00 -4.839813e-01  3.711495e+00]
 [ 6.856904e+00  1.467158e+00 -4.580865e-01  3.854589e+00]
 [ 6.852632e+00  1.506776e+00 -4.271376e-01  3.961831e+00]
 [ 6.848674e+00  1.547085e+00 -3.957975e-01  4.030930e+00]
 [ 6.845016e+00  1.587669e+00 -3.658752e-01  4.058386e+00]
 [ 6.841656e+00  1.628075e+00 -3.359576e-01  4.040610e+00]
 [ 6.838583e+00  1.667802e+00 -3.073115e-01  3.972652e+00]
 [ 6.835763e+00  1.706421e+00 -2.819627e-01  3.861904e+00]
 [ 6.833127e+00  1.743721e+00 -2.635322e-01  3.730025e+00]
 [ 6.830597e+00  1.779621e+00 -2.530125e-01  3.590039e+00]
 [ 6.828061e+00  1.814040e+00 -2.537051e-01  3.441833e+00]
 [ 6.825397e+00  1.846899e+00 -2.663543e-01  3.285927e+00]
 [ 6.822472e+00  1.878120e+00 -2.925344e-01  3.122094e+00]
 [ 6.819103e+00  1.907654e+00 -3.368534e-01  2.953361e+00]
 [ 6.815064e+00  1.935497e+00 -4.038428e-01  2.784337e+00]
 [ 6.810147e+00  1.961653e+00 -4.917807e-01  2.615566e+00]
 [ 6.804122e+00  1.986141e+00 -6.024238e-01  2.448836e+00]
 [ 6.796783e+00  2.008977e+00 -7.339732e-01  2.283653e+00]
 [ 6.787961e+00  2.030180e+00 -8.821285e-01  2.120259e+00]
 [ 6.777494e+00  2.049754e+00 -1.046766e+00  1.957371e+00]
 [ 6.765214e+00  2.067687e+00 -1.227999e+00  1.793296e+00]
 [ 6.751059e+00  2.083981e+00 -1.415524e+00  1.629415e+00]
 [ 6.735023e+00  2.098645e+00 -1.603540e+00  1.466398e+00]
 [ 6.717101e+00  2.111694e+00 -1.792231e+00  1.304921e+00]
 [ 6.697304e+00  2.123173e+00 -1.979666e+00  1.147893e+00]
 [ 6.675653e+00  2.133155e+00 -2.165206e+00  9.981618e-01]
 [ 6.652158e+00  2.141722e+00 -2.349401e+00  8.567078e-01]
 [ 6.626838e+00  2.148971e+00 -2.532039e+00  7.249193e-01]
 [ 6.599701e+00  2.155014e+00 -2.713630e+00  6.042695e-01]
 [ 6.570756e+00  2.159958e+00 -2.894499e+00  4.944611e-01]
 [ 6.540028e+00  2.163879e+00 -3.072842e+00  3.921046e-01]
 [ 6.507548e+00  2.166840e+00 -3.248054e+00  2.961001e-01]
 [ 6.473344e+00  2.168903e+00 -3.420387e+00  2.062847e-01]
 [ 6.437505e+00  2.170153e+00 -3.583830e+00  1.250191e-01]
 [ 6.400225e+00  2.170680e+00 -3.728010e+00  5.263117e-02]
 [ 6.361956e+00  2.170560e+00 -3.826974e+00 -1.199658e-02]
 [ 6.323192e+00  2.169879e+00 -3.876383e+00 -6.805559e-02]
 [ 6.284392e+00  2.168706e+00 -3.879937e+00 -1.172645e-01]
 [ 6.245985e+00  2.167092e+00 -3.840769e+00 -1.614158e-01]
 [ 6.208362e+00  2.165069e+00 -3.762255e+00 -2.023697e-01]
 [ 6.171881e+00  2.162653e+00 -3.648108e+00 -2.415488e-01]
 [ 6.136658e+00  2.159852e+00 -3.522323e+00 -2.800791e-01]
 [ 6.102698e+00  2.156668e+00 -3.395935e+00 -3.183981e-01]
 [ 6.069967e+00  2.153115e+00 -3.273139e+00 -3.552945e-01]
 [ 6.038151e+00  2.149237e+00 -3.181598e+00 -3.877898e-01]
 [ 6.006629e+00  2.145096e+00 -3.152159e+00 -4.141271e-01]
 [ 5.974874e+00  2.140779e+00 -3.175512e+00 -4.316865e-01]
 [ 5.942470e+00  2.136333e+00 -3.240447e+00 -4.446086e-01]
 [ 5.909066e+00  2.131798e+00 -3.340419e+00 -4.535167e-01]
 [ 5.874343e+00  2.127208e+00 -3.472215e+00 -4.589950e-01]
 [ 5.838137e+00  2.122604e+00 -3.620635e+00 -4.604332e-01]
 [ 5.800425e+00  2.118021e+00 -3.771215e+00 -4.582261e-01]
 [ 5.761185e+00  2.113498e+00 -3.924003e+00 -4.523021e-01]
 [ 5.720381e+00  2.109062e+00 -4.080454e+00 -4.436402e-01]
 [ 5.677971e+00  2.104748e+00 -4.240943e+00 -4.313580e-01]
 [ 5.633933e+00  2.100583e+00 -4.403870e+00 -4.165761e-01]
 [ 5.588254e+00  2.096532e+00 -4.567853e+00 -4.050675e-01]
 [ 5.540960e+00  2.092555e+00 -4.729339e+00 -3.977502e-01]
 [ 5.492151e+00  2.088673e+00 -4.880939e+00 -3.881547e-01]
 [ 5.442204e+00  2.084918e+00 -4.994648e+00 -3.755115e-01]
 [ 5.391772e+00  2.081286e+00 -5.043223e+00 -3.631469e-01]
 [ 5.341858e+00  2.077766e+00 -4.991432e+00 -3.520418e-01]
 [ 5.292661e+00  2.074354e+00 -4.919725e+00 -3.411757e-01]
 [ 5.244691e+00  2.071061e+00 -4.796994e+00 -3.293609e-01]
 [ 5.198348e+00  2.067904e+00 -4.634313e+00 -3.156553e-01]
 [ 5.153775e+00  2.064904e+00 -4.457234e+00 -3.000106e-01]
 [ 5.111138e+00  2.062060e+00 -4.263702e+00 -2.844205e-01]
 [ 5.070575e+00  2.059315e+00 -4.056291e+00 -2.744593e-01]
 [ 5.032210e+00  2.056568e+00 -3.836543e+00 -2.747112e-01]
 [ 4.996112e+00  2.053670e+00 -3.609802e+00 -2.897758e-01]
 [ 4.962296e+00  2.050404e+00 -3.381562e+00 -3.266210e-01]
 [ 4.930730e+00  2.046513e+00 -3.156621e+00 -3.891604e-01]
 [ 4.901347e+00  2.041721e+00 -2.938361e+00 -4.791245e-01]
 [ 4.874096e+00  2.035767e+00 -2.725085e+00 -5.954733e-01]
 [ 4.848951e+00  2.028474e+00 -2.514453e+00 -7.292613e-01]
 [ 4.825891e+00  2.019710e+00 -2.305990e+00 -8.764214e-01]
 [ 4.804884e+00  2.009345e+00 -2.100757e+00 -1.036511e+00]
 [ 4.785927e+00  1.997314e+00 -1.895676e+00 -1.203091e+00]
 [ 4.769009e+00  1.983561e+00 -1.691831e+00 -1.375260e+00]
 [ 4.754115e+00  1.968040e+00 -1.489362e+00 -1.552091e+00]
 [ 4.741230e+00  1.950711e+00 -1.288522e+00 -1.732893e+00]
 [ 4.730336e+00  1.931561e+00 -1.089347e+00 -1.915064e+00]
 [ 4.721387e+00  1.910579e+00 -8.949559e-01 -2.098150e+00]
 [ 4.714338e+00  1.887767e+00 -7.048412e-01 -2.281177e+00]
 [ 4.709130e+00  1.863131e+00 -5.208451e-01 -2.463631e+00]
 [ 4.705702e+00  1.836672e+00 -3.427683e-01 -2.645856e+00]
 [ 4.703984e+00  1.808392e+00 -1.717778e-01 -2.828005e+00]
 [ 4.703859e+00  1.778237e+00 -1.250100e-02 -3.015509e+00]
 [ 4.705218e+00  1.746204e+00  1.358537e-01 -3.203325e+00]
 [ 4.707965e+00  1.712300e+00  2.747496e-01 -3.390390e+00]
 [ 4.711950e+00  1.676533e+00  3.984141e-01 -3.576732e+00]
 [ 4.716995e+00  1.638917e+00  5.045640e-01 -3.761540e+00]
 [ 4.722962e+00  1.599484e+00  5.966897e-01 -3.943328e+00]
 [ 4.729723e+00  1.558262e+00  6.760773e-01 -4.122264e+00]
 [ 4.737128e+00  1.515310e+00  7.405118e-01 -4.295132e+00]
 [ 4.745039e+00  1.470735e+00  7.910897e-01 -4.457539e+00]
 [ 4.753309e+00  1.424714e+00  8.269968e-01 -4.602043e+00]
 [ 4.761778e+00  1.377785e+00  8.468813e-01 -4.692979e+00]
 [ 4.770237e+00  1.330509e+00  8.459110e-01 -4.727536e+00]
 [ 4.778549e+00  1.283452e+00  8.312377e-01 -4.705708e+00]
 [ 4.786575e+00  1.237150e+00  8.025592e-01 -4.630237e+00]
 [ 4.794145e+00  1.192030e+00  7.569999e-01 -4.511974e+00]
 [ 4.801178e+00  1.148400e+00  7.033517e-01 -4.363015e+00]
 [ 4.807624e+00  1.106471e+00  6.446080e-01 -4.192888e+00]
 [ 4.813399e+00  1.066385e+00  5.774969e-01 -4.008628e+00]
 [ 4.818429e+00  1.028229e+00  5.029322e-01 -3.815596e+00]
 [ 4.822655e+00  9.920489e-01  4.225868e-01 -3.617983e+00]
 [ 4.826005e+00  9.578663e-01  3.350846e-01 -3.418266e+00]
 [ 4.828356e+00  9.256888e-01  2.350888e-01 -3.217749e+00]
 [ 4.829495e+00  8.955032e-01  1.139186e-01 -3.018559e+00]
 [ 4.829196e+00  8.672953e-01 -2.989032e-02 -2.820796e+00]
 [ 4.827142e+00  8.410597e-01 -2.054542e-01 -2.623559e+00]
 [ 4.823182e+00  8.167771e-01 -3.960654e-01 -2.428258e+00]
 [ 4.817238e+00  7.944266e-01 -5.943196e-01 -2.235049e+00]
 [ 4.809277e+00  7.739970e-01 -7.961028e-01 -2.042956e+00]
 [ 4.799286e+00  7.554818e-01 -9.991217e-01 -1.851524e+00]
 [ 4.787273e+00  7.388772e-01 -1.201246e+00 -1.660460e+00]
 [ 4.773253e+00  7.241752e-01 -1.402038e+00 -1.470197e+00]
 [ 4.757240e+00  7.113442e-01 -1.601314e+00 -1.283105e+00]
 [ 4.739254e+00  7.003464e-01 -1.798614e+00 -1.099781e+00]
 [ 4.719311e+00  6.911543e-01 -1.994277e+00 -9.192081e-01]
 [ 4.697440e+00  6.837531e-01 -2.187110e+00 -7.401229e-01]
 [ 4.673623e+00  6.781165e-01 -2.381724e+00 -5.636531e-01]
 [ 4.647900e+00  6.742170e-01 -2.572260e+00 -3.899469e-01]
 [ 4.620310e+00  6.720144e-01 -2.759051e+00 -2.202710e-01]
 [ 4.590855e+00  6.714380e-01 -2.945501e+00 -5.763701e-02]
 [ 4.559517e+00  6.723824e-01 -3.133736e+00  9.444237e-02]
 [ 4.526329e+00  6.747667e-01 -3.318835e+00  2.384324e-01]
 [ 4.491308e+00  6.784933e-01 -3.502052e+00  3.726556e-01]
 [ 4.454564e+00  6.834568e-01 -3.674488e+00  4.963554e-01]
 [ 4.416311e+00  6.895573e-01 -3.825229e+00  6.100445e-01]
 [ 4.376919e+00  6.967260e-01 -3.939247e+00  7.168741e-01]
 [ 4.336824e+00  7.049059e-01 -4.009433e+00  8.179833e-01]
 [ 4.296537e+00  7.139977e-01 -4.028708e+00  9.091813e-01]
 [ 4.256552e+00  7.239173e-01 -3.998526e+00  9.919623e-01]
 [ 4.217394e+00  7.345926e-01 -3.915819e+00  1.067533e+00]
 [ 4.179587e+00  7.459747e-01 -3.780705e+00  1.138210e+00]
 [ 4.143513e+00  7.579890e-01 -3.607359e+00  1.201427e+00]
 [ 4.109273e+00  7.705193e-01 -3.424048e+00  1.253024e+00]
 [ 4.076921e+00  7.833862e-01 -3.235191e+00  1.286698e+00]
 [ 4.046411e+00  7.964642e-01 -3.051019e+00  1.307796e+00]
 [ 4.017638e+00  8.096608e-01 -2.877275e+00  1.319663e+00]
 [ 3.990426e+00  8.228759e-01 -2.721230e+00  1.321502e+00]
 [ 3.964133e+00  8.360887e-01 -2.629253e+00  1.321287e+00]
 [ 3.938198e+00  8.492680e-01 -2.593534e+00  1.317934e+00]
 [ 3.912184e+00  8.624125e-01 -2.601428e+00  1.314440e+00]
 [ 3.885719e+00  8.755265e-01 -2.646472e+00  1.311405e+00]
 [ 3.858567e+00  8.886117e-01 -2.715147e+00  1.308519e+00]
 [ 3.830585e+00  9.016724e-01 -2.798236e+00  1.306066e+00]
 [ 3.801587e+00  9.147242e-01 -2.899791e+00  1.305189e+00]
 [ 3.771441e+00  9.278120e-01 -3.014654e+00  1.308781e+00]
 [ 3.740069e+00  9.409841e-01 -3.137188e+00  1.317207e+00]
 [ 3.707409e+00  9.542866e-01 -3.265953e+00  1.330250e+00]
 [ 3.673410e+00  9.677302e-01 -3.399922e+00  1.344364e+00]
 [ 3.638040e+00  9.813299e-01 -3.536995e+00  1.359959e+00]
 [ 3.601282e+00  9.950413e-01 -3.675755e+00  1.371143e+00]
 [ 3.563102e+00  1.008798e+00 -3.818087e+00  1.375662e+00]
 [ 3.523484e+00  1.022540e+00 -3.961750e+00  1.374166e+00]
 [ 3.482467e+00  1.036191e+00 -4.101650e+00  1.365099e+00]
 [ 3.440266e+00  1.049657e+00 -4.220112e+00  1.346688e+00]
 [ 3.397207e+00  1.062837e+00 -4.305916e+00  1.317919e+00]
 [ 3.354003e+00  1.075647e+00 -4.320446e+00  1.281039e+00]
 [ 3.311334e+00  1.088062e+00 -4.266901e+00  1.241511e+00]
 [ 3.269738e+00  1.100111e+00 -4.159585e+00  1.204925e+00]
 [ 3.229662e+00  1.111864e+00 -4.007564e+00  1.175230e+00]
 [ 3.191340e+00  1.123436e+00 -3.832208e+00  1.157258e+00]
 [ 3.154899e+00  1.134979e+00 -3.644082e+00  1.154315e+00]
 [ 3.120416e+00  1.146636e+00 -3.448314e+00  1.165680e+00]
 [ 3.087895e+00  1.158562e+00 -3.252139e+00  1.192562e+00]
 [ 3.057316e+00  1.170920e+00 -3.057875e+00  1.235841e+00]
 [ 3.028661e+00  1.183891e+00 -2.865476e+00  1.297116e+00]
 [ 3.001894e+00  1.197658e+00 -2.676750e+00  1.376690e+00]
 [ 2.976975e+00  1.212350e+00 -2.491888e+00  1.469208e+00]
 [ 2.953870e+00  1.228095e+00 -2.310457e+00  1.574461e+00]
 [ 2.932561e+00  1.245010e+00 -2.130908e+00  1.691525e+00]
 [ 2.913064e+00  1.263187e+00 -1.949690e+00  1.817694e+00]
 [ 2.895381e+00  1.282693e+00 -1.768322e+00  1.950600e+00]
 [ 2.879495e+00  1.303583e+00 -1.588643e+00  2.088938e+00]
 [ 2.865375e+00  1.325881e+00 -1.412025e+00  2.229885e+00]
 [ 2.852967e+00  1.349621e+00 -1.240764e+00  2.373940e+00]
 [ 2.842212e+00  1.374788e+00 -1.075480e+00  2.516689e+00]
 [ 2.833002e+00  1.401183e+00 -9.209875e-01  2.639483e+00]
 [ 2.825222e+00  1.428551e+00 -7.780397e-01  2.736818e+00]
 [ 2.818774e+00  1.456609e+00 -6.447830e-01  2.805834e+00]
 [ 2.813533e+00  1.485064e+00 -5.240867e-01  2.845450e+00]
 [ 2.809383e+00  1.513618e+00 -4.149598e-01  2.855401e+00]
 [ 2.806206e+00  1.541942e+00 -3.177399e-01  2.832469e+00]
 [ 2.803894e+00  1.569735e+00 -2.312310e-01  2.779319e+00]
 [ 2.802350e+00  1.596733e+00 -1.544098e-01  2.699768e+00]
 [ 2.801521e+00  1.622908e+00 -8.289967e-02  2.617477e+00]
 [ 2.801357e+00  1.648367e+00 -1.638550e-02  2.545893e+00]
 [ 2.801761e+00  1.673294e+00  4.039703e-02  2.492685e+00]
 [ 2.802649e+00  1.697872e+00  8.880630e-02  2.457834e+00]
 [ 2.803945e+00  1.722248e+00  1.296363e-01  2.437612e+00]
 [ 2.805573e+00  1.746746e+00  1.627210e-01  2.449814e+00]
 [ 2.807460e+00  1.771769e+00  1.887170e-01  2.502248e+00]
 [ 2.809551e+00  1.797644e+00  2.091280e-01  2.587507e+00]
 [ 2.811788e+00  1.824637e+00  2.236869e-01  2.699342e+00]
 [ 2.814111e+00  1.853015e+00  2.322806e-01  2.837807e+00]
 [ 2.816491e+00  1.882903e+00  2.380706e-01  2.988750e+00]
 [ 2.818871e+00  1.914420e+00  2.379481e-01  3.151670e+00]
 [ 2.821190e+00  1.947585e+00  2.318860e-01  3.316545e+00]
 [ 2.823406e+00  1.982396e+00  2.216605e-01  3.481080e+00]
 [ 2.825464e+00  2.018858e+00  2.057388e-01  3.646265e+00]
 [ 2.827305e+00  2.057020e+00  1.840923e-01  3.816189e+00]
 [ 2.828881e+00  2.096899e+00  1.576272e-01  3.987891e+00]
 [ 2.830172e+00  2.138474e+00  1.291187e-01  4.157508e+00]
 [ 2.831186e+00  2.181720e+00  1.013576e-01  4.324584e+00]
 [ 2.831948e+00  2.226568e+00  7.624415e-02  4.484749e+00]
 [ 2.832501e+00  2.272943e+00  5.526162e-02  4.637583e+00]
 [ 2.832897e+00  2.320645e+00  3.969393e-02  4.770146e+00]
 [ 2.833195e+00  2.369421e+00  2.979773e-02  4.877589e+00]
 [ 2.833437e+00  2.418990e+00  2.416058e-02  4.956920e+00]
 [ 2.833674e+00  2.468924e+00  2.367614e-02  4.993386e+00]
 [ 2.833949e+00  2.518747e+00  2.746568e-02  4.982327e+00]
 [ 2.834294e+00  2.568059e+00  3.458819e-02  4.931207e+00]
 [ 2.834734e+00  2.616593e+00  4.394125e-02  4.853395e+00]
 [ 2.835279e+00  2.664096e+00  5.454808e-02  4.750239e+00]
 [ 2.835937e+00  2.710439e+00  6.578237e-02  4.634359e+00]
 [ 2.836703e+00  2.755658e+00  7.660510e-02  4.521920e+00]
 [ 2.837573e+00  2.799829e+00  8.696721e-02  4.417008e+00]
 [ 2.838551e+00  2.843146e+00  9.785377e-02  4.331728e+00]
 [ 2.839610e+00  2.886168e+00  1.058648e-01  4.302207e+00]
 [ 2.840734e+00  2.929431e+00  1.124327e-01  4.326340e+00]
 [ 2.841918e+00  2.973435e+00  1.184192e-01  4.400412e+00]
 [ 2.843153e+00  3.018605e+00  1.234604e-01  4.517001e+00]
 [ 2.844433e+00  3.065346e+00  1.279646e-01  4.674086e+00]
 [ 2.845774e+00  3.113722e+00  1.341492e-01  4.837615e+00]
 [ 2.847212e+00  3.163733e+00  1.437888e-01  5.001077e+00]
 [ 2.848779e+00  3.215339e+00  1.566867e-01  5.160592e+00]
 [ 2.850519e+00  3.266874e+00  1.739621e-01  5.153502e+00]
 [ 2.852429e+00  3.318381e+00  1.910300e-01  5.150738e+00]
 [ 2.854517e+00  3.369716e+00  2.087740e-01  5.133472e+00]
 [ 2.856803e+00  3.420722e+00  2.286374e-01  5.100626e+00]
 [ 2.859308e+00  3.471371e+00  2.504602e-01  5.064890e+00]
 [ 2.862053e+00  3.521643e+00  2.745721e-01  5.027157e+00]
 [ 2.865035e+00  3.571543e+00  2.981620e-01  4.990042e+00]
 [ 2.868243e+00  3.621004e+00  3.207663e-01  4.946035e+00]
 [ 2.871658e+00  3.669838e+00  3.415220e-01  4.883426e+00]
 [ 2.875253e+00  3.717956e+00  3.595044e-01  4.811794e+00]
 [ 2.878997e+00  3.765301e+00  3.744474e-01  4.734538e+00]
 [ 2.882826e+00  3.812038e+00  3.828086e-01  4.673721e+00]
 [ 2.886684e+00  3.858682e+00  3.858617e-01  4.664365e+00]
 [ 2.890545e+00  3.905731e+00  3.861304e-01  4.704928e+00]
 [ 2.894379e+00  3.953604e+00  3.833181e-01  4.787227e+00]
 [ 2.898130e+00  4.002713e+00  3.751383e-01  4.910908e+00]
 [ 2.901754e+00  4.053320e+00  3.623716e-01  5.060774e+00]
 [ 2.905217e+00  4.104908e+00  3.463372e-01  5.158775e+00]
 [ 2.908495e+00  4.156590e+00  3.278443e-01  5.168208e+00]
 [ 2.911567e+00  4.208326e+00  3.071909e-01  5.173621e+00]
 [ 2.914432e+00  4.260067e+00  2.864388e-01  5.174052e+00]
 [ 2.917089e+00  4.311814e+00  2.657146e-01  5.174710e+00]
 [ 2.919566e+00  4.363350e+00  2.476953e-01  5.153607e+00]
 [ 2.921907e+00  4.414359e+00  2.340700e-01  5.100865e+00]
 [ 2.924139e+00  4.464858e+00  2.232851e-01  5.049854e+00]
 [ 2.926296e+00  4.514881e+00  2.156452e-01  5.002396e+00]
 [ 2.928402e+00  4.564428e+00  2.105791e-01  4.954694e+00]
 [ 2.930479e+00  4.613055e+00  2.077615e-01  4.862679e+00]
 [ 2.932544e+00  4.660360e+00  2.064905e-01  4.730508e+00]
 [ 2.934604e+00  4.706117e+00  2.059670e-01  4.575708e+00]
 [ 2.936658e+00  4.750236e+00  2.054164e-01  4.411905e+00]
 [ 2.938712e+00  4.792765e+00  2.053497e-01  4.252825e+00]
 [ 2.940769e+00  4.833792e+00  2.057807e-01  4.102748e+00]
 [ 2.942843e+00  4.873817e+00  2.073276e-01  4.002524e+00]
 [ 2.944966e+00  4.913752e+00  2.123237e-01  3.993459e+00]
 [ 2.947172e+00  4.954466e+00  2.206035e-01  4.071459e+00]
 [ 2.949496e+00  4.996686e+00  2.324214e-01  4.221965e+00]
 [ 2.951905e+00  5.040425e+00  2.408976e-01  4.373909e+00]
 [ 2.954324e+00  5.085665e+00  2.419338e-01  4.524025e+00]
 [ 2.956697e+00  5.132387e+00  2.372759e-01  4.672149e+00]
 [ 2.958969e+00  5.180561e+00  2.271921e-01  4.817408e+00]
 [ 2.961112e+00  5.230174e+00  2.142642e-01  4.961321e+00]
 [ 2.963115e+00  5.281122e+00  2.003622e-01  5.094781e+00]
 [ 2.965006e+00  5.332105e+00  1.890124e-01  5.098316e+00]
 [ 2.966841e+00  5.382513e+00  1.836048e-01  5.040795e+00]
 [ 2.968686e+00  5.432216e+00  1.844273e-01  4.970255e+00]
 [ 2.970620e+00  5.480923e+00  1.934437e-01  4.870775e+00]
 [ 2.972690e+00  5.528108e+00  2.070040e-01  4.718444e+00]
 [ 2.974918e+00  5.573382e+00  2.227749e-01  4.527404e+00]
 [ 2.977318e+00  5.616574e+00  2.399886e-01  4.319219e+00]
 [ 2.979911e+00  5.657686e+00  2.593164e-01  4.111185e+00]
 [ 2.982786e+00  5.696727e+00  2.874636e-01  3.904105e+00]
 [ 2.985996e+00  5.733721e+00  3.210692e-01  3.699403e+00]
 [ 2.989618e+00  5.768723e+00  3.621928e-01  3.500261e+00]
 [ 2.993924e+00  5.801805e+00  4.305407e-01  3.308114e+00]
 [ 2.999291e+00  5.833027e+00  5.367594e-01  3.122265e+00]
 [ 3.006148e+00  5.862439e+00  6.856914e-01  2.941126e+00]
 [ 3.014819e+00  5.890059e+00  8.670578e-01  2.762086e+00]
 [ 3.025478e+00  5.915874e+00  1.065883e+00  2.581497e+00]
 [ 3.038219e+00  5.939869e+00  1.274101e+00  2.399434e+00]
 [ 3.053158e+00  5.962052e+00  1.493881e+00  2.218309e+00]
 [ 3.070358e+00  5.982409e+00  1.720076e+00  2.035733e+00]
 [ 3.089823e+00  6.000961e+00  1.946423e+00  1.855193e+00]
 [ 3.111535e+00  6.017759e+00  2.171278e+00  1.679809e+00]
 [ 3.135458e+00  6.032864e+00  2.392287e+00  1.510465e+00]
 [ 3.161561e+00  6.046342e+00  2.610242e+00  1.347778e+00]
 [ 3.189813e+00  6.058292e+00  2.825212e+00  1.195037e+00]
 [ 3.220225e+00  6.068788e+00  3.041190e+00  1.049606e+00]
 [ 3.252799e+00  6.077882e+00  3.257478e+00  9.094098e-01]
 [ 3.287541e+00  6.085596e+00  3.474140e+00  7.713475e-01]
 [ 3.324398e+00  6.092028e+00  3.685710e+00  6.431869e-01]
 [ 3.363250e+00  6.097323e+00  3.885166e+00  5.295520e-01]
 [ 3.403977e+00  6.101614e+00  4.072766e+00  4.291092e-01]
 [ 3.446324e+00  6.105060e+00  4.234647e+00  3.445197e-01]
 [ 3.489829e+00  6.107797e+00  4.350536e+00  2.737440e-01]
 [ 3.533995e+00  6.109919e+00  4.416588e+00  2.122195e-01]
 [ 3.578201e+00  6.111547e+00  4.420570e+00  1.627965e-01]
 [ 3.621931e+00  6.112759e+00  4.372997e+00  1.211810e-01]
 [ 3.664717e+00  6.113651e+00  4.278656e+00  8.917721e-02]
 [ 3.706156e+00  6.114312e+00  4.143831e+00  6.616566e-02]
 [ 3.746129e+00  6.114824e+00  3.997329e+00  5.115157e-02]
 [ 3.784553e+00  6.115283e+00  3.842442e+00  4.591829e-02]
 [ 3.821595e+00  6.115784e+00  3.704190e+00  5.014271e-02]
 [ 3.857622e+00  6.116343e+00  3.602691e+00  5.584963e-02]
 [ 3.893243e+00  6.116961e+00  3.562103e+00  6.186531e-02]
 [ 3.929064e+00  6.117643e+00  3.582078e+00  6.812482e-02]
 [ 3.965599e+00  6.118392e+00  3.653469e+00  7.485684e-02]
 [ 4.003231e+00  6.119196e+00  3.763261e+00  8.052417e-02]
 [ 4.042291e+00  6.120030e+00  3.906022e+00  8.335729e-02]
 [ 4.082952e+00  6.120879e+00  4.066051e+00  8.486056e-02]
 [ 4.125240e+00  6.121722e+00  4.228789e+00  8.430488e-02]
 [ 4.169143e+00  6.122544e+00  4.390296e+00  8.217956e-02]
 [ 4.214617e+00  6.123359e+00  4.547408e+00  8.157060e-02]
 [ 4.261410e+00  6.124155e+00  4.679286e+00  7.953291e-02]
 [ 4.309169e+00  6.124912e+00  4.775980e+00  7.578459e-02]
 [ 4.357592e+00  6.125620e+00  4.842220e+00  7.076906e-02]
 [ 4.406241e+00  6.126279e+00  4.865005e+00  6.591506e-02]
 [ 4.454590e+00  6.126903e+00  4.834861e+00  6.230493e-02]
 [ 4.502161e+00  6.127546e+00  4.757072e+00  6.438355e-02]
 [ 4.548518e+00  6.128290e+00  4.635715e+00  7.434309e-02]
 [ 4.593262e+00  6.129226e+00  4.474382e+00  9.363724e-02]
 [ 4.636023e+00  6.130435e+00  4.276038e+00  1.209009e-01]
 [ 4.676659e+00  6.131971e+00  4.063655e+00  1.536203e-01]
 [ 4.715138e+00  6.133860e+00  3.847978e+00  1.888381e-01]
 [ 4.751433e+00  6.136153e+00  3.629460e+00  2.293511e-01]
 [ 4.785594e+00  6.138942e+00  3.416026e+00  2.788820e-01]
 [ 4.817729e+00  6.142357e+00  3.213484e+00  3.414868e-01]
 [ 4.847911e+00  6.146639e+00  3.018269e+00  4.282279e-01]
 [ 4.876132e+00  6.152190e+00  2.822051e+00  5.550768e-01]
 [ 4.902345e+00  6.159349e+00  2.621294e+00  7.158982e-01]
 [ 4.926503e+00  6.168402e+00  2.415875e+00  9.053501e-01]
 [ 4.948549e+00  6.179536e+00  2.204592e+00  1.113332e+00]
 [ 4.968489e+00  6.192817e+00  1.993978e+00  1.328116e+00]
 [ 4.986322e+00  6.208256e+00  1.783294e+00  1.543897e+00]
 [ 5.002035e+00  6.225828e+00  1.571333e+00  1.757256e+00]
 [ 5.015642e+00  6.245452e+00  1.360703e+00  1.962420e+00]
 [ 5.027148e+00  6.267104e+00  1.150584e+00  2.165167e+00]
 [ 5.036585e+00  6.290784e+00  9.437040e-01  2.367979e+00]
 [ 5.043944e+00  6.316503e+00  7.359086e-01  2.571859e+00]
 [ 5.049251e+00  6.344285e+00  5.307061e-01  2.778178e+00]
 [ 5.052568e+00  6.374154e+00  3.316899e-01  2.986914e+00]
 [ 5.053970e+00  6.406117e+00  1.401585e-01  3.196358e+00]
 [ 5.053686e+00  6.440127e+00 -2.837953e-02  3.401049e+00]
 [ 5.052041e+00  6.476038e+00 -1.645168e-01  3.591052e+00]
 [ 5.049345e+00  6.513632e+00 -2.695435e-01  3.759441e+00]
 [ 5.045902e+00  6.552287e+00 -3.443224e-01  3.865430e+00]
 [ 5.041976e+00  6.591409e+00 -3.925962e-01  3.912197e+00]
 [ 5.037741e+00  6.630416e+00 -4.234823e-01  3.900719e+00]
 [ 5.033322e+00  6.668802e+00 -4.419585e-01  3.838611e+00]
 [ 5.028766e+00  6.706193e+00 -4.555600e-01  3.739134e+00]
 [ 5.024072e+00  6.742318e+00 -4.694474e-01  3.612410e+00]
 [ 5.019204e+00  6.777188e+00 -4.867330e-01  3.487059e+00]
 [ 5.014114e+00  6.811223e+00 -5.090011e-01  3.403470e+00]
 [ 5.008795e+00  6.844992e+00 -5.319312e-01  3.376941e+00]
 [ 5.003256e+00  6.879042e+00 -5.539103e-01  3.404952e+00]
 [ 4.997523e+00  6.913812e+00 -5.732901e-01  3.477032e+00]
 [ 4.991611e+00  6.949653e+00 -5.912006e-01  3.584071e+00]
 [ 4.985546e+00  6.986901e+00 -6.065182e-01  3.724844e+00]
 [ 4.979369e+00  7.025767e+00 -6.176667e-01  3.886604e+00]
 [ 4.973196e+00  7.066316e+00 -6.173131e-01  4.054876e+00]
 [ 4.967158e+00  7.108589e+00 -6.038225e-01  4.227310e+00]
 [ 4.961364e+00  7.152608e+00 -5.793356e-01  4.401919e+00]
 [ 4.955925e+00  7.198289e+00 -5.439083e-01  4.568099e+00]
 [ 4.950911e+00  7.245461e+00 -5.014275e-01  4.717224e+00]
 [ 4.946393e+00  7.293868e+00 -4.518656e-01  4.840623e+00]
 [ 4.942439e+00  7.343026e+00 -3.953783e-01  4.915789e+00]
 [ 4.939105e+00  7.392253e+00 -3.333819e-01  4.922724e+00]
 [ 4.936410e+00  7.440849e+00 -2.695035e-01  4.859622e+00]
 [ 4.934401e+00  7.488126e+00 -2.009300e-01  4.727671e+00]
 [ 4.933144e+00  7.533594e+00 -1.256915e-01  4.546846e+00]
 [ 4.932723e+00  7.576918e+00 -4.209351e-02  4.332376e+00]
 [ 4.933157e+00  7.618064e+00  4.343731e-02  4.114579e+00]
 [ 4.934471e+00  7.657069e+00  1.313801e-01  3.900503e+00]
 [ 4.936703e+00  7.693963e+00  2.231872e-01  3.689426e+00]
 [ 4.939883e+00  7.728792e+00  3.180293e-01  3.482906e+00]
 [ 4.944212e+00  7.761715e+00  4.329661e-01  3.292311e+00]
 [ 4.950022e+00  7.792727e+00  5.808966e-01  3.101141e+00]
 [ 4.957654e+00  7.821777e+00  7.632152e-01  2.905075e+00]
 [ 4.967271e+00  7.848824e+00  9.617185e-01  2.704612e+00]
 [ 4.978961e+00  7.873974e+00  1.168935e+00  2.515052e+00]
 [ 4.992814e+00  7.897343e+00  1.385318e+00  2.336845e+00]
 [ 5.008886e+00  7.918995e+00  1.607264e+00  2.165245e+00]
 [ 5.027203e+00  7.939115e+00  1.831687e+00  2.011984e+00]
 [ 5.047756e+00  7.957632e+00  2.055272e+00  1.851676e+00]
 [ 5.070508e+00  7.974447e+00  2.275168e+00  1.681553e+00]
 [ 5.095437e+00  7.989596e+00  2.492918e+00  1.514938e+00]
 [ 5.122521e+00  8.003176e+00  2.708431e+00  1.357875e+00]
 [ 5.151737e+00  8.015333e+00  2.921636e+00  1.215776e+00]
 [ 5.183062e+00  8.026229e+00  3.132453e+00  1.089620e+00]
 [ 5.216487e+00  8.036004e+00  3.342587e+00  9.774892e-01]
 [ 5.252043e+00  8.044744e+00  3.555515e+00  8.739787e-01]
 [ 5.289722e+00  8.052584e+00  3.767957e+00  7.839777e-01]
 [ 5.329494e+00  8.059666e+00  3.977147e+00  7.081627e-01]
 [ 5.371311e+00  8.066215e+00  4.181726e+00  6.549547e-01]
 [ 5.415107e+00  8.072447e+00  4.379572e+00  6.231992e-01]
 [ 5.460713e+00  8.078555e+00  4.560596e+00  6.107941e-01]
 [ 5.507728e+00  8.084636e+00  4.701550e+00  6.080601e-01]
 [ 5.555634e+00  8.090806e+00  4.790560e+00  6.170362e-01]
 [ 5.603848e+00  8.097153e+00  4.821480e+00  6.347055e-01]
 [ 5.651805e+00  8.103722e+00  4.795639e+00  6.569052e-01]
 [ 5.698945e+00  8.110565e+00  4.713963e+00  6.842967e-01]
 [ 5.744752e+00  8.117713e+00  4.580796e+00  7.148438e-01]
 [ 5.789050e+00  8.125146e+00  4.429746e+00  7.433075e-01]
 [ 5.831796e+00  8.132875e+00  4.274566e+00  7.729099e-01]
 [ 5.873301e+00  8.140909e+00  4.150531e+00  8.034198e-01]
 [ 5.914372e+00  8.149280e+00  4.107110e+00  8.370391e-01]
 [ 5.955714e+00  8.158017e+00  4.134186e+00  8.736783e-01]
 [ 5.997900e+00  8.167136e+00  4.218620e+00  9.118972e-01]
 [ 6.041162e+00  8.176658e+00  4.326194e+00  9.522042e-01]
 [ 6.085544e+00  8.186626e+00  4.438177e+00  9.969005e-01]
 [ 6.131126e+00  8.197041e+00  4.558254e+00  1.041399e+00]
 [ 6.177892e+00  8.207874e+00  4.676525e+00  1.083313e+00]
 [ 6.225819e+00  8.205226e+00  4.792691e+00 -2.648180e-01]
 [ 6.274699e+00  8.203472e+00  4.888022e+00 -1.753314e-01]
 [ 6.324471e+00  8.202147e+00  4.977254e+00 -1.324589e-01]
 [ 6.374856e+00  8.201916e+00  5.038411e+00 -2.324254e-02]
 [ 6.425076e+00  8.202715e+00  5.022015e+00  7.998440e-02]
 [ 6.474844e+00  8.204495e+00  4.976860e+00  1.780249e-01]
 [ 6.523928e+00  8.207209e+00  4.908341e+00  2.713518e-01]
 [ 6.571908e+00  8.210793e+00  4.798093e+00  3.583513e-01]
 [ 6.618421e+00  8.215151e+00  4.651230e+00  4.358631e-01]
 [ 6.663217e+00  8.220233e+00  4.479639e+00  5.081446e-01]
 [ 6.706128e+00  8.226038e+00  4.291103e+00  5.805071e-01]
 [ 6.747050e+00  8.232574e+00  4.092133e+00  6.535462e-01]
 [ 6.785883e+00  8.239819e+00  3.883335e+00  7.245804e-01]
 [ 6.822561e+00  8.247825e+00  3.667825e+00  8.005444e-01]
 [ 6.857058e+00  8.256712e+00  3.449659e+00  8.887106e-01]
 [ 6.889374e+00  8.266702e+00  3.231574e+00  9.990399e-01]
 [ 6.919498e+00  8.278003e+00  3.012435e+00  1.130060e+00]
 [ 6.947447e+00  8.290819e+00  2.794949e+00  1.281663e+00]
 [ 6.973291e+00  8.305333e+00  2.584418e+00  1.451379e+00]
 [ 6.997099e+00  8.321631e+00  2.380760e+00  1.629824e+00]
 [ 7.018928e+00  8.339778e+00  2.182850e+00  1.814638e+00]
 [ 7.038843e+00  8.359797e+00  1.991541e+00  2.001876e+00]
 [ 7.056898e+00  8.381660e+00  1.805511e+00  2.186308e+00]
 [ 7.073132e+00  8.405306e+00  1.623404e+00  2.364665e+00]
 [ 7.087617e+00  8.430668e+00  1.448516e+00  2.536183e+00]
 [ 7.100494e+00  8.457669e+00  1.287627e+00  2.700140e+00]
 [ 7.111920e+00  8.486218e+00  1.142625e+00  2.854889e+00]
 [ 7.122058e+00  8.516250e+00  1.013839e+00  3.003120e+00]
 [ 7.131057e+00  8.547688e+00  8.998954e-01  3.143836e+00]
 [ 7.139071e+00  8.580450e+00  8.013471e-01  3.276231e+00]
 [ 7.146219e+00  8.614447e+00  7.147996e-01  3.399644e+00]
 [ 7.152653e+00  8.649416e+00  6.434233e-01  3.496966e+00]
 [ 7.158536e+00  8.684979e+00  5.882981e-01  3.556286e+00]
 [ 7.164011e+00  8.720740e+00  5.474333e-01  3.576081e+00]
 [ 7.169173e+00  8.756340e+00  5.162986e-01  3.559973e+00]
 [ 7.174091e+00  8.791451e+00  4.917367e-01  3.511194e+00]
 [ 7.178803e+00  8.825848e+00  4.712621e-01  3.439583e+00]
 [ 7.183337e+00  8.859357e+00  4.533443e-01  3.350911e+00]
 [ 7.187687e+00  8.892015e+00  4.350202e-01  3.265797e+00]
 [ 7.191857e+00  8.923841e+00  4.170475e-01  3.182686e+00]
 [ 7.195860e+00  8.954864e+00  4.002667e-01  3.102259e+00]
 [ 7.199707e+00  8.985298e+00  3.846645e-01  3.043417e+00]
 [ 7.199213e+00  9.015202e+00 -4.941808e-02  2.990357e+00]
 [ 7.198604e+00  9.045070e+00 -6.088775e-02  2.986768e+00]
 [ 7.198075e+00  9.074893e+00 -5.283075e-02  2.982373e+00]
 [ 7.197528e+00  9.104596e+00 -5.475215e-02  2.970353e+00]
 [ 7.196813e+00  9.133954e+00 -7.148279e-02  2.935721e+00]
 [ 7.196101e+00  9.163169e+00 -7.124335e-02  2.921490e+00]
 [ 7.195167e+00  9.192297e+00 -9.334899e-02  2.912804e+00]
 [ 7.194309e+00  9.221263e+00 -8.580568e-02  2.896610e+00]
 [ 7.193577e+00  9.250303e+00 -7.319476e-02  2.904032e+00]
 [ 7.192987e+00  9.279146e+00 -5.898859e-02  2.884264e+00]
 [ 7.192501e+00  9.307833e+00 -4.859863e-02  2.868722e+00]
 [ 7.191999e+00  9.336522e+00 -5.022233e-02  2.868957e+00]
 [ 7.191420e+00  9.365142e+00 -5.791429e-02  2.861972e+00]
 [ 7.190893e+00  9.393659e+00 -5.269664e-02  2.851605e+00]
 [ 7.190444e+00  9.422261e+00 -4.493892e-02  2.860312e+00]
 [ 7.189956e+00  9.450579e+00 -4.876327e-02  2.831727e+00]
 [ 7.189633e+00  9.478910e+00 -3.229409e-02  2.833138e+00]
 [ 7.189464e+00  9.506940e+00 -1.692556e-02  2.802990e+00]
 [ 7.189181e+00  9.534969e+00 -2.822725e-02  2.802966e+00]]

[Dataset] rewards
  shape: (1658,)
  dtype: float32
  min: 0.0
  max: 1.0
  mean: 0.14595898985862732
  content:
[0. 0. 0. 0. 0. 0. 0. 0. 0. 0. 0. 0. 0. 0. 0. 0. 0. 0. 0. 0. 0. 0. 0. 0. 0. 0. 0. 0. 0. 0. 0. 0. 0. 0. 0. 0. 0. 0. 0. 0. 0. 0. 0. 0. 0. 0. 0. 0. 0. 0. 0. 0. 0. 0. 0. 0. 0. 0. 0. 0. 0. 0. 0. 0. 0. 0. 0. 0. 0. 0. 0. 0. 0. 0. 0. 0. 0. 0. 0. 0. 0. 0. 0. 0. 0. 0. 0. 0. 0. 0. 0. 0. 0. 0. 0. 0. 0. 0. 0. 0. 0. 0. 0. 0. 0. 0. 0. 0. 0. 0. 0. 0. 0. 0. 0. 0. 0. 0. 0. 0. 0. 0. 0. 0. 0. 0. 0. 0. 0. 0. 0. 0. 0. 0. 0. 0. 0. 0. 0. 0. 0. 0. 0. 0. 0. 0. 0. 0. 0. 0. 0. 0. 0. 0. 0. 0. 0. 0. 0. 0. 0. 0. 0. 0. 0. 0. 0. 0. 0. 0. 0. 0. 0. 0. 0. 0. 0. 0. 0. 0. 0. 0. 0. 0. 0. 0. 0. 0. 0. 0. 0. 0. 0. 0. 0. 0. 0. 0. 0. 0. 0. 0. 0. 0. 0. 0. 0. 0. 0. 0. 0. 0. 0. 0. 0. 0. 0. 0. 0. 0. 0. 0. 0. 0. 0. 0. 0. 0. 0. 0. 0. 0. 0. 0. 0. 0. 0. 0. 0. 0. 0. 0. 0. 0. 0. 0. 0. 0. 0. 0. 0. 0. 0. 0. 0. 0. 0. 0. 0. 0. 0. 0. 0. 0. 0. 0. 0. 0. 0. 0. 0. 0. 0. 0. 0. 0. 0. 0. 0. 0. 0. 0. 0. 0. 0. 0. 0. 0. 0. 0. 0. 0. 0. 0. 0. 0. 0. 0. 0. 0. 0. 0. 0. 0. 0. 0. 0. 0. 0. 0. 0. 0. 0. 0. 0. 0. 0. 0. 0. 0. 0. 0. 0. 0. 0. 0. 0. 0. 0. 0. 0. 0. 0. 0. 0. 0. 0. 0. 0. 0. 0. 0. 0. 0. 0. 0. 0. 0. 0. 0. 0. 0. 0. 0. 0. 0. 0. 0. 0. 0. 0. 0. 0. 0. 0. 0. 0. 0. 0. 0. 0. 0. 0. 0. 0. 0. 0. 0. 0. 0. 0. 0. 0. 0. 0. 0. 0. 0. 0. 0. 0. 0. 0. 0. 0. 0. 0. 0. 0. 0. 0. 1. 1. 1. 1. 1. 1. 1. 1. 1. 1. 1. 1. 1. 1. 1. 1. 1. 1. 1. 1. 1. 1. 1. 1. 1. 1. 1. 1. 1. 1. 1. 1. 1. 1. 1. 1. 1. 1. 1. 1. 1. 1. 1. 1. 1. 1. 1. 1. 1. 1. 1. 1. 1. 1. 1. 1. 1. 1. 1. 1. 1. 1. 1. 1. 1. 1. 1. 1. 1. 1. 1. 1. 1. 1. 1. 1. 1. 1. 1. 1. 1. 1. 1. 1. 1. 1. 1. 1. 1. 1. 0. 0. 0. 0. 0. 0. 0. 0. 0. 0. 0. 0. 0. 0. 0. 0. 0. 0. 0. 0. 0. 0. 0. 0. 0. 0. 0. 0. 0. 0. 0. 0. 0. 0. 0. 0. 0. 0. 0. 0. 0. 0. 0. 0. 0. 0. 0. 0. 0. 0. 0. 0. 0. 0. 0. 0. 0. 0. 0. 0. 0. 0. 0. 0. 0. 0. 0. 0. 0. 0. 0. 0. 0. 0. 0. 0. 0. 0. 0. 0. 0. 0. 0. 0. 0. 0. 0. 0. 0. 0. 0. 0. 0. 0. 0. 0. 0. 0. 0. 0. 0. 0. 0. 0. 0. 0. 0. 0. 0. 0. 0. 0. 0. 0. 0. 0. 0. 0. 0. 0. 0. 0. 0. 0. 0. 0. 0. 0. 0. 0. 0. 0. 0. 0. 0. 0. 0. 0. 0. 0. 0. 0. 0. 0. 0. 0. 0. 0. 0. 0. 0. 0. 0. 0. 0. 0. 0. 0. 0. 0. 0. 0. 0. 0. 0. 0. 0. 0. 0. 0. 0. 0. 0. 0. 0. 0. 0. 0. 0. 0. 0. 0. 0. 0. 0. 0. 0. 0. 0. 0. 0. 0. 0. 0. 0. 0. 0. 0. 0. 0. 0. 0. 0. 0. 0. 0. 0. 0. 0. 0. 0. 0. 0. 0. 0. 0. 0. 0. 0. 0. 0. 0. 0. 0. 0. 0. 0. 0. 0. 0. 0. 0. 0. 0. 0. 0. 0. 0. 0. 0. 0. 0. 0. 0. 0. 0. 0. 0. 0. 0. 0. 0. 0. 0. 0. 0. 0. 0. 0. 0. 0. 0. 0. 0. 0. 0. 0. 1. 1. 1. 1. 1. 1. 1. 1. 1. 1. 1. 1. 1. 1. 1. 1. 1. 1. 1. 1. 1. 1. 1. 1. 1. 1. 1. 1. 1. 1. 0. 0. 0. 0. 0. 0. 0. 0. 0. 0. 0. 0. 0. 0. 0. 0. 0. 0. 0. 0. 0. 0. 0. 0. 0. 0. 0. 0. 0. 0. 0. 0. 0. 0. 0. 0. 0. 0. 0. 0. 0. 0. 0. 0. 0. 0. 0. 0. 0. 0. 0. 0. 0. 0. 0. 0. 0. 0. 0. 0. 0. 0. 0. 0. 0. 0. 0. 0. 0. 0. 0. 0. 0. 0. 0. 0. 0. 0. 0. 0. 0. 0. 0. 0. 0. 0. 0. 0. 0. 0. 0. 0. 0. 0. 0. 0. 0. 0. 0. 0. 0. 0. 0. 0. 0. 0. 0. 0. 0. 0. 0. 0. 0. 0. 0. 0. 0. 0. 0. 0. 0. 0. 0. 0. 0. 0. 0. 0. 0. 0. 0. 0. 0. 0. 0. 0. 0. 0. 0. 0. 0. 0. 0. 0. 0. 0. 0. 0. 0. 0. 0. 0. 0. 0. 0. 0. 0. 0. 0. 0. 0. 0. 0. 0. 0. 0. 0. 0. 0. 0. 0. 0. 0. 0. 0. 0. 0. 0. 0. 0. 0. 0. 0. 0. 0. 0. 0. 0. 0. 0. 0. 0. 0. 0. 0. 0. 0. 0. 0. 0. 0. 0. 0. 0. 0. 0. 0. 0. 0. 0. 0. 0. 0. 0. 0. 0. 0. 0. 0. 0. 0. 0. 0. 0. 0. 0. 0. 0. 0. 0. 0. 0. 0. 0. 0. 0. 0. 0. 0. 0. 0. 0. 0. 0. 0. 0. 0. 0. 0. 0. 0. 0. 0. 0. 0. 0. 0. 0. 0. 0. 0. 0. 0. 0. 0. 0. 0. 0. 0. 0. 0. 0. 0. 0. 0. 1. 1. 1. 1. 1. 1. 1. 1. 1. 1. 1. 1. 1. 1. 1. 1. 1. 1. 1. 1. 1. 1. 1. 1. 1. 1. 1. 1. 1. 1. 1. 1. 1. 1. 1. 1. 1. 1. 1. 1. 1. 1. 1. 1. 1. 1. 1. 1. 1. 1. 1. 1. 1. 1. 1. 1. 1. 1. 1. 1. 1. 1. 1. 1. 1. 1. 1. 1. 1. 1. 1. 1. 1. 1. 1. 1. 1. 1. 1. 1. 1. 1. 1. 1. 1. 1. 1. 1. 1. 1. 1. 0. 0. 0. 0. 0. 0. 0. 0. 0. 0. 0. 0. 0. 0. 0. 0. 0. 0. 0. 0. 0. 0. 0. 0. 0. 0. 0. 0. 0. 0. 0. 0. 0. 0. 0. 0. 0. 0. 0. 0. 0. 0. 0. 0. 0. 0. 0. 0. 0. 0. 0. 0. 0. 0. 0. 0. 0. 0. 0. 0. 0. 0. 0. 0. 0. 0. 0. 0. 0. 0. 0. 0. 0. 0. 0. 0. 0. 0. 0. 0. 0. 0. 0. 0. 0. 0. 0. 0. 0. 0. 0. 0. 0. 0. 0. 0. 0. 0. 0. 0. 0. 0. 0. 0. 0. 0. 0. 0. 0. 0. 0. 0. 0. 0. 0. 0. 0. 0. 0. 0. 0. 0. 0. 0. 0. 0. 0. 0. 0. 0. 0. 0. 0. 0. 0. 0. 0. 0. 0. 0. 0. 0. 0. 0. 0. 0. 0. 0. 0. 0. 0. 0. 0. 0. 0. 0. 0. 0. 0. 0. 0. 0. 0. 0. 0. 0. 0. 0. 0. 0. 0. 0. 0. 0. 0. 0. 0. 0. 0. 0. 0. 0. 0. 0. 0. 0. 0. 0. 0. 0. 0. 0. 0. 0. 0. 0. 0. 0. 0. 0. 0. 0. 0. 0. 0. 0. 0. 0. 0. 0. 0. 0. 0. 0. 0. 0. 0. 0. 0. 0. 0. 0. 0. 0. 0. 0. 0. 0. 0. 0. 0. 0. 0. 0. 0. 0. 0. 0. 0. 0. 0. 0. 0. 0. 0. 0. 0. 0. 0. 0. 0. 0. 0. 0. 0. 0. 0. 0. 0. 0. 0. 0. 0. 0. 0. 0. 0. 0. 0. 0. 0. 0. 0. 0. 0. 0. 0. 0. 0. 0. 0. 0. 0. 0. 0. 0. 0. 0. 0. 0. 0. 0. 0. 0. 0. 0. 0. 0. 0. 0. 0. 0. 0. 0. 0. 0. 0. 0. 0. 0. 0. 0. 0. 0. 0. 0. 0. 0. 0. 0. 0. 0. 0. 0. 0. 0. 0. 0. 0. 0. 0. 0. 0. 0. 0. 0. 0. 0. 0. 0. 0. 0. 0. 0. 0. 0. 0. 0. 0. 0. 0. 0. 0. 0. 0. 0. 0. 0. 0. 0. 0. 0. 0. 0. 0. 0. 0. 0. 0. 0. 0. 0. 0. 0. 0. 0. 0. 0. 0. 0. 0. 0. 0. 0. 0. 0. 0. 0. 0. 0. 0. 0. 0. 0. 0. 0. 0. 0. 0. 0. 0. 0. 0. 0. 0. 0. 0. 0. 0. 0. 0. 0. 0. 0. 0. 0. 0. 0. 0. 0. 0. 0. 0. 0. 0. 0. 0. 0. 0. 0. 0. 0. 0. 0. 0. 0. 0. 0. 0. 0. 0. 0. 0. 0. 0. 0. 0. 0. 0. 0. 0. 0. 0. 0. 0. 0. 0. 0. 0. 0. 0. 0. 0. 0. 0. 0. 0. 0. 0. 1. 1. 1. 1. 1. 1. 1. 1. 1. 1. 1. 1. 1. 1. 1. 1. 1. 1. 1. 1. 1. 1. 1. 1. 1. 1. 1. 1. 1. 1. 1. 0. 0. 0. 0.]

[Dataset] terminals
  shape: (1658,)
  dtype: bool
  min: False
  max: False
  mean: 0.0
  content:
[False False False False False False False False False False False False False False False False False False False False False False False False False False False False False False False False False False False False False False False False False False False False False False False False False False False False False False False False False False False False False False False False False False False False False False False False False False False False False False False False False False False False False False False False False False False False False False False False False False False False False False False False False False False False False False False False False False False False False False False False False False False False False False False False False False False False False False False False False False False False False False False False False False False False False False False False False False False False False False False False False False False False False False False False False False False False False False False False False False False False False False False False False False False False False False False False False False False False False False False False False False False False False False False False False False False False False False False False False False False False False False False False False False False False False False False False False False False False False False False False False False False False False False False False False False False False False False False False False False False False False False False False False False False False False False False False False False False False False False False False False False False False False False False False False False False False False False False False False False False False False False False False False False False False False False False False False False False False False False False False False False False False False False False False False False False False False False False False False False False False False False False False False False False False False False False False False False False False False False False False False False False False False False False False False False False False False False False False False False False False False False False False False False False False False False False False False False False False False False False False False False False False False False False False False False False False False False False False False False False False False False False False False False False False False False False False False False False False False False False False False False False False False False False False False False False False False False False False False False False False False False False False False False False False False False False False False False False False False False False False False False False False False False False False False False False False False False False False False False False False False False False False False False False False False False False False False False False False False False False False False False False False False False False False False False False False False False False False False False False False False False False False False False False False False False False False False False False False False False False False False False False False False False False False False False False False False False False False False False False False False False False False False False False False False False False False False False False False False False False False False False False False False False False False False False False False False False False False False False False False False False False False False False False False False False False False False False False False False False False False False False False False False False False False False False False False False False False False False False False False False False False False False False False False False False False False False False False False False False False False False False False False False False False False False False False False False False False False False False False False False False False False False False False False False False False False False False False False False False False False False False False False False False False False False False False False False False False False False False False False False False False False False False False False False False False False False False False False False False False False False False False False False False False False False False False False False False False False False False False False False False False False False False False False False False False False False False False False False False False False False False False False False False False False False False False False False False False False False False False False False False False False False False False False False False False False False False False False False False False False False False False False False False False False False False False False False False False False False False False False False False False False False False False False False False False False False False False False False False False False False False False False False False False False False False False False False False False False False False False False False False False False False False False False False False False False False False False False False False False False False False False False False False False False False False False False False False False False False False False False False False False False False False False False False False False False False False False False False False False False False False False False False False False False False False False False False False False False False False False False False False False False False False False False False False False False False False False False False False False False False False False False False False False False False False False False False False False False False False False False False False False False False False False False False False False False False False False False False False False False False False False False False False False False False False False False False False False False False False False False False False False False False False False False False False False False False False False False False False False False False False False False False False False False False False False False False False False False False False False False False False False False False False False False False False False False False False False False False False False False False False False False False False False False False False False False False False False False False False False False False False False False False False False False False False False False False False False False False False False False False False False False False False False False False False False False False False False False False False False False False False False False False False False False False False False False False False False False False False False False False False False False False False False False False False False False False False False False False False False False False False False False False False False False False False False False False False False False False False False False False False False False False False False False False False False False False False False False False False False False False False False False False False False False False False False False False False False False False False False False False False False False False False False False False False False False False False False False False False False False False False False False False False False False False False False False False False False False False False False False False False False False False False False False False False False False False False False False False False False False False False False False False False False False False False False False False False False False False False False False False False False False False False False False False False False False False False False False False False False False False False False False False False False False False False False False False False False False False False False False False False False False False False False False False False False False False False False False False False False False False False False False False False False False False False False False False False False False False False False False False False False False False False False False False False False False False False False False False False False False False False False False False False False False False False False False False False False False False False False False False False False False False False False False False False False False False False False False False False False False False False False False False False False False False False False False False False False False False False False False False False False False False False False False False False False False False False False False False False False False False False False False False False False False False False False False False False False False False False False False False False False False False False False False False False False False False False False False False False False False False False False False False False False False False False False False False False False False False False False False False False False False False False False False False False False False False False False False False False False False False False False False False False False False False False False False False False False False False False False False False False False False False False False False False False False False False False False False False False]

[Dataset] timeouts
  shape: (1658,)
  dtype: bool
  min: False
  max: False
  mean: 0.0
  content:
[False False False False False False False False False False False False False False False False False False False False False False False False False False False False False False False False False False False False False False False False False False False False False False False False False False False False False False False False False False False False False False False False False False False False False False False False False False False False False False False False False False False False False False False False False False False False False False False False False False False False False False False False False False False False False False False False False False False False False False False False False False False False False False False False False False False False False False False False False False False False False False False False False False False False False False False False False False False False False False False False False False False False False False False False False False False False False False False False False False False False False False False False False False False False False False False False False False False False False False False False False False False False False False False False False False False False False False False False False False False False False False False False False False False False False False False False False False False False False False False False False False False False False False False False False False False False False False False False False False False False False False False False False False False False False False False False False False False False False False False False False False False False False False False False False False False False False False False False False False False False False False False False False False False False False False False False False False False False False False False False False False False False False False False False False False False False False False False False False False False False False False False False False False False False False False False False False False False False False False False False False False False False False False False False False False False False False False False False False False False False False False False False False False False False False False False False False False False False False False False False False False False False False False False False False False False False False False False False False False False False False False False False False False False False False False False False False False False False False False False False False False False False False False False False False False False False False False False False False False False False False False False False False False False False False False False False False False False False False False False False False False False False False False False False False False False False False False False False False False False False False False False False False False False False False False False False False False False False False False False False False False False False False False False False False False False False False False False False False False False False False False False False False False False False False False False False False False False False False False False False False False False False False False False False False False False False False False False False False False False False False False False False False False False False False False False False False False False False False False False False False False False False False False False False False False False False False False False False False False False False False False False False False False False False False False False False False False False False False False False False False False False False False False False False False False False False False False False False False False False False False False False False False False False False False False False False False False False False False False False False False False False False False False False False False False False False False False False False False False False False False False False False False False False False False False False False False False False False False False False False False False False False False False False False False False False False False False False False False False False False False False False False False False False False False False False False False False False False False False False False False False False False False False False False False False False False False False False False False False False False False False False False False False False False False False False False False False False False False False False False False False False False False False False False False False False False False False False False False False False False False False False False False False False False False False False False False False False False False False False False False False False False False False False False False False False False False False False False False False False False False False False False False False False False False False False False False False False False False False False False False False False False False False False False False False False False False False False False False False False False False False False False False False False False False False False False False False False False False False False False False False False False False False False False False False False False False False False False False False False False False False False False False False False False False False False False False False False False False False False False False False False False False False False False False False False False False False False False False False False False False False False False False False False False False False False False False False False False False False False False False False False False False False False False False False False False False False False False False False False False False False False False False False False False False False False False False False False False False False False False False False False False False False False False False False False False False False False False False False False False False False False False False False False False False False False False False False False False False False False False False False False False False False False False False False False False False False False False False False False False False False False False False False False False False False False False False False False False False False False False False False False False False False False False False False False False False False False False False False False False False False False False False False False False False False False False False False False False False False False False False False False False False False False False False False False False False False False False False False False False False False False False False False False False False False False False False False False False False False False False False False False False False False False False False False False False False False False False False False False False False False False False False False False False False False False False False False False False False False False False False False False False False False False False False False False False False False False False False False False False False False False False False False False False False False False False False False False False False False False False False False False False False False False False False False False False False False False False False False False False False False False False False False False False False False False False False False False False False False False False False False False False False False False False False False False False False False False False False False False False False False False False False False False False False False False False False False False False False False False False False False False False False False False False False False False False False False False False False False False False False False False False False False False False False False False False False False False False False False False False False False False False False False False False False False False False False False False False False False False False False False False False False False False False False False False False False False False False False False False False False False False False False False False False False False False False False False False False False False False False False False False False False False False False False False False False False False False False False False False False False False False False False False False False False False False False False False False False False False False False False False False False False False False False False False False False False False False False False False False False False False False False False False False False False False False False False False False False False False False False False False False False False False False False False False False False False False False False False False False False False False False False False False False False False False False False False False False False False False False False False False False False False False False False False False False False False False False False False False False False False False False False False False False False False False False False False False False False False False False False False False False False False False False False False False False False False False False False False False False False False False False False False False False False False False False False False False False False False False]
