2026-04-25 00:00:26.831316 CST | [antmaze-large-play-v2] ---------------  ---------
2026-04-25 00:00:26.831530 CST | [antmaze-large-play-v2] Training Epochs   0
2026-04-25 00:00:26.831576 CST | [antmaze-large-play-v2] AverageReturn     0.2
2026-04-25 00:00:26.831613 CST | [antmaze-large-play-v2] NormReturn        0.2
2026-04-25 00:00:26.831646 CST | [antmaze-large-play-v2] L_Act            12.9852
2026-04-25 00:00:26.831680 CST | [antmaze-large-play-v2] L_Crit           20.1028
2026-04-25 00:00:26.831713 CST | [antmaze-large-play-v2] Weight            0.572921
2026-04-25 00:00:26.831746 CST | [antmaze-large-play-v2] kl                1
2026-04-25 00:00:26.831779 CST | [antmaze-large-play-v2] ---------------  ---------
2026-04-25 00:02:40.870554 CST | [antmaze-large-play-v2] ---------------  ---------
2026-04-25 00:02:40.870658 CST | [antmaze-large-play-v2] Training Epochs   1
2026-04-25 00:02:40.870687 CST | [antmaze-large-play-v2] AverageReturn     0.9
2026-04-25 00:02:40.870712 CST | [antmaze-large-play-v2] NormReturn        0.9
2026-04-25 00:02:40.870736 CST | [antmaze-large-play-v2] L_Act            26.6791
2026-04-25 00:02:40.870760 CST | [antmaze-large-play-v2] L_Crit            2.41294
2026-04-25 00:02:40.870784 CST | [antmaze-large-play-v2] Weight            0.641431
2026-04-25 00:02:40.870808 CST | [antmaze-large-play-v2] kl                1
2026-04-25 00:02:40.870832 CST | [antmaze-large-play-v2] ---------------  ---------
2026-04-25 00:04:54.383506 CST | [antmaze-large-play-v2] ---------------  ---------
2026-04-25 00:04:54.383600 CST | [antmaze-large-play-v2] Training Epochs   2
2026-04-25 00:04:54.383628 CST | [antmaze-large-play-v2] AverageReturn     0.9
2026-04-25 00:04:54.383653 CST | [antmaze-large-play-v2] NormReturn        0.9
2026-04-25 00:04:54.383677 CST | [antmaze-large-play-v2] L_Act            30.8346
2026-04-25 00:04:54.383702 CST | [antmaze-large-play-v2] L_Crit            1.71136
2026-04-25 00:04:54.383726 CST | [antmaze-large-play-v2] Weight            0.607898
2026-04-25 00:04:54.383749 CST | [antmaze-large-play-v2] kl                1
2026-04-25 00:04:54.383772 CST | [antmaze-large-play-v2] ---------------  ---------
2026-04-25 00:07:11.103175 CST | [antmaze-large-play-v2] ---------------  --------
2026-04-25 00:07:11.103251 CST | [antmaze-large-play-v2] Training Epochs   3
2026-04-25 00:07:11.103280 CST | [antmaze-large-play-v2] AverageReturn     0.7
2026-04-25 00:07:11.103305 CST | [antmaze-large-play-v2] NormReturn        0.7
2026-04-25 00:07:11.103329 CST | [antmaze-large-play-v2] L_Act            33.3995
2026-04-25 00:07:11.103354 CST | [antmaze-large-play-v2] L_Crit            1.4633
2026-04-25 00:07:11.103377 CST | [antmaze-large-play-v2] Weight            0.59054
2026-04-25 00:07:11.103401 CST | [antmaze-large-play-v2] kl                1
2026-04-25 00:07:11.103425 CST | [antmaze-large-play-v2] ---------------  --------
2026-04-25 00:09:26.093753 CST | [antmaze-large-play-v2] ---------------  ---------
2026-04-25 00:09:26.093844 CST | [antmaze-large-play-v2] Training Epochs   4
2026-04-25 00:09:26.093874 CST | [antmaze-large-play-v2] AverageReturn     0.9
2026-04-25 00:09:26.093900 CST | [antmaze-large-play-v2] NormReturn        0.9
2026-04-25 00:09:26.093924 CST | [antmaze-large-play-v2] L_Act            34.3856
2026-04-25 00:09:26.093948 CST | [antmaze-large-play-v2] L_Crit            1.31128
2026-04-25 00:09:26.093972 CST | [antmaze-large-play-v2] Weight            0.587082
2026-04-25 00:09:26.093996 CST | [antmaze-large-play-v2] kl                1
2026-04-25 00:09:26.094020 CST | [antmaze-large-play-v2] ---------------  ---------
2026-04-25 00:11:41.458849 CST | [antmaze-large-play-v2] ---------------  ---------
2026-04-25 00:11:41.458949 CST | [antmaze-large-play-v2] Training Epochs   5
2026-04-25 00:11:41.458978 CST | [antmaze-large-play-v2] AverageReturn     0.9
2026-04-25 00:11:41.459003 CST | [antmaze-large-play-v2] NormReturn        0.9
2026-04-25 00:11:41.459027 CST | [antmaze-large-play-v2] L_Act            34.6043
2026-04-25 00:11:41.459051 CST | [antmaze-large-play-v2] L_Crit            1.20785
2026-04-25 00:11:41.459092 CST | [antmaze-large-play-v2] Weight            0.589519
2026-04-25 00:11:41.459115 CST | [antmaze-large-play-v2] kl                1
2026-04-25 00:11:41.459139 CST | [antmaze-large-play-v2] ---------------  ---------
2026-04-25 00:13:57.364445 CST | [antmaze-large-play-v2] ---------------  --------
2026-04-25 00:13:57.364539 CST | [antmaze-large-play-v2] Training Epochs   6
2026-04-25 00:13:57.364568 CST | [antmaze-large-play-v2] AverageReturn     1
2026-04-25 00:13:57.364592 CST | [antmaze-large-play-v2] NormReturn        1
2026-04-25 00:13:57.364615 CST | [antmaze-large-play-v2] L_Act            34.372
2026-04-25 00:13:57.364639 CST | [antmaze-large-play-v2] L_Crit            1.10261
2026-04-25 00:13:57.364663 CST | [antmaze-large-play-v2] Weight            0.59661
2026-04-25 00:13:57.364686 CST | [antmaze-large-play-v2] kl                1
2026-04-25 00:13:57.364710 CST | [antmaze-large-play-v2] ---------------  --------
2026-04-25 00:16:10.974906 CST | [antmaze-large-play-v2] ---------------  ---------
2026-04-25 00:16:10.974998 CST | [antmaze-large-play-v2] Training Epochs   7
2026-04-25 00:16:10.975026 CST | [antmaze-large-play-v2] AverageReturn     0.9
2026-04-25 00:16:10.975054 CST | [antmaze-large-play-v2] NormReturn        0.9
2026-04-25 00:16:10.975077 CST | [antmaze-large-play-v2] L_Act            34.0431
2026-04-25 00:16:10.975101 CST | [antmaze-large-play-v2] L_Crit            1.05468
2026-04-25 00:16:10.975124 CST | [antmaze-large-play-v2] Weight            0.599813
2026-04-25 00:16:10.975148 CST | [antmaze-large-play-v2] kl                1
2026-04-25 00:16:10.975171 CST | [antmaze-large-play-v2] ---------------  ---------
2026-04-25 00:18:24.572552 CST | [antmaze-large-play-v2] ---------------  ---------
2026-04-25 00:18:24.572659 CST | [antmaze-large-play-v2] Training Epochs   8
2026-04-25 00:18:24.572690 CST | [antmaze-large-play-v2] AverageReturn     0.9
2026-04-25 00:18:24.572715 CST | [antmaze-large-play-v2] NormReturn        0.9
2026-04-25 00:18:24.572739 CST | [antmaze-large-play-v2] L_Act            33.8447
2026-04-25 00:18:24.572773 CST | [antmaze-large-play-v2] L_Crit            1.02864
2026-04-25 00:18:24.572803 CST | [antmaze-large-play-v2] Weight            0.600408
2026-04-25 00:18:24.572827 CST | [antmaze-large-play-v2] kl                1
2026-04-25 00:18:24.572850 CST | [antmaze-large-play-v2] ---------------  ---------
2026-04-25 00:20:37.905679 CST | [antmaze-large-play-v2] ---------------  ---------
2026-04-25 00:20:37.905780 CST | [antmaze-large-play-v2] Training Epochs   9
2026-04-25 00:20:37.905812 CST | [antmaze-large-play-v2] AverageReturn     0.9
2026-04-25 00:20:37.905838 CST | [antmaze-large-play-v2] NormReturn        0.9
2026-04-25 00:20:37.905863 CST | [antmaze-large-play-v2] L_Act            33.7549
2026-04-25 00:20:37.905888 CST | [antmaze-large-play-v2] L_Crit            0.996729
2026-04-25 00:20:37.905912 CST | [antmaze-large-play-v2] Weight            0.602317
2026-04-25 00:20:37.905936 CST | [antmaze-large-play-v2] kl                1
2026-04-25 00:20:37.905960 CST | [antmaze-large-play-v2] ---------------  ---------
2026-04-25 00:22:52.404697 CST | [antmaze-large-play-v2] ---------------  ---------
2026-04-25 00:22:52.404797 CST | [antmaze-large-play-v2] Training Epochs  10
2026-04-25 00:22:52.404825 CST | [antmaze-large-play-v2] AverageReturn     0.7
2026-04-25 00:22:52.404849 CST | [antmaze-large-play-v2] NormReturn        0.7
2026-04-25 00:22:52.404873 CST | [antmaze-large-play-v2] L_Act            33.7332
2026-04-25 00:22:52.404896 CST | [antmaze-large-play-v2] L_Crit            0.985189
2026-04-25 00:22:52.404919 CST | [antmaze-large-play-v2] Weight            0.603091
2026-04-25 00:22:52.404943 CST | [antmaze-large-play-v2] kl                1
2026-04-25 00:22:52.404966 CST | [antmaze-large-play-v2] ---------------  ---------
2026-04-25 00:25:06.330016 CST | [antmaze-large-play-v2] ---------------  ---------
2026-04-25 00:25:06.330110 CST | [antmaze-large-play-v2] Training Epochs  11
2026-04-25 00:25:06.330138 CST | [antmaze-large-play-v2] AverageReturn     0.9
2026-04-25 00:25:06.330167 CST | [antmaze-large-play-v2] NormReturn        0.9
2026-04-25 00:25:06.330191 CST | [antmaze-large-play-v2] L_Act            33.7999
2026-04-25 00:25:06.330215 CST | [antmaze-large-play-v2] L_Crit            0.974127
2026-04-25 00:25:06.330238 CST | [antmaze-large-play-v2] Weight            0.603547
2026-04-25 00:25:06.330262 CST | [antmaze-large-play-v2] kl                1
2026-04-25 00:25:06.330285 CST | [antmaze-large-play-v2] ---------------  ---------
2026-04-25 00:27:21.695491 CST | [antmaze-large-play-v2] ---------------  ---------
2026-04-25 00:27:21.695586 CST | [antmaze-large-play-v2] Training Epochs  12
2026-04-25 00:27:21.695613 CST | [antmaze-large-play-v2] AverageReturn     0.7
2026-04-25 00:27:21.695638 CST | [antmaze-large-play-v2] NormReturn        0.7
2026-04-25 00:27:21.695662 CST | [antmaze-large-play-v2] L_Act            33.8589
2026-04-25 00:27:21.695685 CST | [antmaze-large-play-v2] L_Crit            0.970955
2026-04-25 00:27:21.695708 CST | [antmaze-large-play-v2] Weight            0.605926
2026-04-25 00:27:21.695732 CST | [antmaze-large-play-v2] kl                1
2026-04-25 00:27:21.695755 CST | [antmaze-large-play-v2] ---------------  ---------
2026-04-25 00:29:36.637745 CST | [antmaze-large-play-v2] ---------------  ---------
2026-04-25 00:29:36.637841 CST | [antmaze-large-play-v2] Training Epochs  13
2026-04-25 00:29:36.637871 CST | [antmaze-large-play-v2] AverageReturn     0.8
2026-04-25 00:29:36.637896 CST | [antmaze-large-play-v2] NormReturn        0.8
2026-04-25 00:29:36.637921 CST | [antmaze-large-play-v2] L_Act            33.9685
2026-04-25 00:29:36.637945 CST | [antmaze-large-play-v2] L_Crit            0.957243
2026-04-25 00:29:36.637976 CST | [antmaze-large-play-v2] Weight            0.605248
2026-04-25 00:29:36.638001 CST | [antmaze-large-play-v2] kl                1
2026-04-25 00:29:36.638025 CST | [antmaze-large-play-v2] ---------------  ---------
2026-04-25 00:31:51.902682 CST | [antmaze-large-play-v2] ---------------  ---------
2026-04-25 00:31:51.902778 CST | [antmaze-large-play-v2] Training Epochs  14
2026-04-25 00:31:51.902807 CST | [antmaze-large-play-v2] AverageReturn     0.6
2026-04-25 00:31:51.902833 CST | [antmaze-large-play-v2] NormReturn        0.6
2026-04-25 00:31:51.902857 CST | [antmaze-large-play-v2] L_Act            34.1739
2026-04-25 00:31:51.902881 CST | [antmaze-large-play-v2] L_Crit            0.95921
2026-04-25 00:31:51.902905 CST | [antmaze-large-play-v2] Weight            0.604926
2026-04-25 00:31:51.902928 CST | [antmaze-large-play-v2] kl                1
2026-04-25 00:31:51.902952 CST | [antmaze-large-play-v2] ---------------  ---------
2026-04-25 00:34:08.201854 CST | [antmaze-large-play-v2] ---------------  ---------
2026-04-25 00:34:08.201947 CST | [antmaze-large-play-v2] Training Epochs  15
2026-04-25 00:34:08.201975 CST | [antmaze-large-play-v2] AverageReturn     0.6
2026-04-25 00:34:08.202000 CST | [antmaze-large-play-v2] NormReturn        0.6
2026-04-25 00:34:08.202023 CST | [antmaze-large-play-v2] L_Act            34.3421
2026-04-25 00:34:08.202047 CST | [antmaze-large-play-v2] L_Crit            0.967606
2026-04-25 00:34:08.202070 CST | [antmaze-large-play-v2] Weight            0.607039
2026-04-25 00:34:08.202094 CST | [antmaze-large-play-v2] kl                1
2026-04-25 00:34:08.202118 CST | [antmaze-large-play-v2] ---------------  ---------
2026-04-25 00:36:23.708347 CST | [antmaze-large-play-v2] ---------------  ---------
2026-04-25 00:36:23.708447 CST | [antmaze-large-play-v2] Training Epochs  16
2026-04-25 00:36:23.708476 CST | [antmaze-large-play-v2] AverageReturn     0.7
2026-04-25 00:36:23.708501 CST | [antmaze-large-play-v2] NormReturn        0.7
2026-04-25 00:36:23.708526 CST | [antmaze-large-play-v2] L_Act            34.5131
2026-04-25 00:36:23.708550 CST | [antmaze-large-play-v2] L_Crit            0.971843
2026-04-25 00:36:23.708574 CST | [antmaze-large-play-v2] Weight            0.606748
2026-04-25 00:36:23.708599 CST | [antmaze-large-play-v2] kl                1
2026-04-25 00:36:23.708627 CST | [antmaze-large-play-v2] ---------------  ---------
2026-04-25 00:38:39.312517 CST | [antmaze-large-play-v2] ---------------  ---------
2026-04-25 00:38:39.312612 CST | [antmaze-large-play-v2] Training Epochs  17
2026-04-25 00:38:39.312641 CST | [antmaze-large-play-v2] AverageReturn     0.6
2026-04-25 00:38:39.312666 CST | [antmaze-large-play-v2] NormReturn        0.6
2026-04-25 00:38:39.312690 CST | [antmaze-large-play-v2] L_Act            34.6767
2026-04-25 00:38:39.312714 CST | [antmaze-large-play-v2] L_Crit            0.972192
2026-04-25 00:38:39.312738 CST | [antmaze-large-play-v2] Weight            0.60676
2026-04-25 00:38:39.312765 CST | [antmaze-large-play-v2] kl                1
2026-04-25 00:38:39.312789 CST | [antmaze-large-play-v2] ---------------  ---------
2026-04-25 00:40:57.254298 CST | [antmaze-large-play-v2] ---------------  ---------
2026-04-25 00:40:57.254381 CST | [antmaze-large-play-v2] Training Epochs  18
2026-04-25 00:40:57.254409 CST | [antmaze-large-play-v2] AverageReturn     0.5
2026-04-25 00:40:57.254435 CST | [antmaze-large-play-v2] NormReturn        0.5
2026-04-25 00:40:57.254461 CST | [antmaze-large-play-v2] L_Act            34.8451
2026-04-25 00:40:57.254486 CST | [antmaze-large-play-v2] L_Crit            0.962871
2026-04-25 00:40:57.254510 CST | [antmaze-large-play-v2] Weight            0.608083
2026-04-25 00:40:57.254533 CST | [antmaze-large-play-v2] kl                1
2026-04-25 00:40:57.254557 CST | [antmaze-large-play-v2] ---------------  ---------
2026-04-25 00:43:13.730584 CST | [antmaze-large-play-v2] ---------------  ---------
2026-04-25 00:43:13.730678 CST | [antmaze-large-play-v2] Training Epochs  19
2026-04-25 00:43:13.730707 CST | [antmaze-large-play-v2] AverageReturn     0.6
2026-04-25 00:43:13.730734 CST | [antmaze-large-play-v2] NormReturn        0.6
2026-04-25 00:43:13.730758 CST | [antmaze-large-play-v2] L_Act            34.9184
2026-04-25 00:43:13.730782 CST | [antmaze-large-play-v2] L_Crit            0.960564
2026-04-25 00:43:13.730806 CST | [antmaze-large-play-v2] Weight            0.608515
2026-04-25 00:43:13.730829 CST | [antmaze-large-play-v2] kl                1
2026-04-25 00:43:13.730853 CST | [antmaze-large-play-v2] ---------------  ---------
2026-04-25 00:45:31.806623 CST | [antmaze-large-play-v2] ---------------  ---------
2026-04-25 00:45:31.806719 CST | [antmaze-large-play-v2] Training Epochs  20
2026-04-25 00:45:31.806748 CST | [antmaze-large-play-v2] AverageReturn     0.3
2026-04-25 00:45:31.806774 CST | [antmaze-large-play-v2] NormReturn        0.3
2026-04-25 00:45:31.806800 CST | [antmaze-large-play-v2] L_Act            34.8739
2026-04-25 00:45:31.806824 CST | [antmaze-large-play-v2] L_Crit            0.954306
2026-04-25 00:45:31.806848 CST | [antmaze-large-play-v2] Weight            0.608647
2026-04-25 00:45:31.806872 CST | [antmaze-large-play-v2] kl                1
2026-04-25 00:45:31.806896 CST | [antmaze-large-play-v2] ---------------  ---------
2026-04-25 00:47:50.239666 CST | [antmaze-large-play-v2] ---------------  ---------
2026-04-25 00:47:50.239758 CST | [antmaze-large-play-v2] Training Epochs  21
2026-04-25 00:47:50.239787 CST | [antmaze-large-play-v2] AverageReturn     0.2
2026-04-25 00:47:50.239812 CST | [antmaze-large-play-v2] NormReturn        0.2
2026-04-25 00:47:50.239836 CST | [antmaze-large-play-v2] L_Act            34.858
2026-04-25 00:47:50.239860 CST | [antmaze-large-play-v2] L_Crit            0.944666
2026-04-25 00:47:50.239884 CST | [antmaze-large-play-v2] Weight            0.608168
2026-04-25 00:47:50.239908 CST | [antmaze-large-play-v2] kl                1
2026-04-25 00:47:50.239932 CST | [antmaze-large-play-v2] ---------------  ---------
2026-04-25 00:50:05.515660 CST | [antmaze-large-play-v2] ---------------  ---------
2026-04-25 00:50:05.515762 CST | [antmaze-large-play-v2] Training Epochs  22
2026-04-25 00:50:05.515790 CST | [antmaze-large-play-v2] AverageReturn     0.8
2026-04-25 00:50:05.515815 CST | [antmaze-large-play-v2] NormReturn        0.8
2026-04-25 00:50:05.515839 CST | [antmaze-large-play-v2] L_Act            34.8697
2026-04-25 00:50:05.515867 CST | [antmaze-large-play-v2] L_Crit            0.921977
2026-04-25 00:50:05.515891 CST | [antmaze-large-play-v2] Weight            0.607876
2026-04-25 00:50:05.515914 CST | [antmaze-large-play-v2] kl                1
2026-04-25 00:50:05.515938 CST | [antmaze-large-play-v2] ---------------  ---------
2026-04-25 00:52:23.895563 CST | [antmaze-large-play-v2] ---------------  ---------
2026-04-25 00:52:23.895657 CST | [antmaze-large-play-v2] Training Epochs  23
2026-04-25 00:52:23.895685 CST | [antmaze-large-play-v2] AverageReturn     0.7
2026-04-25 00:52:23.895710 CST | [antmaze-large-play-v2] NormReturn        0.7
2026-04-25 00:52:23.895733 CST | [antmaze-large-play-v2] L_Act            34.7725
2026-04-25 00:52:23.895757 CST | [antmaze-large-play-v2] L_Crit            0.902872
2026-04-25 00:52:23.895782 CST | [antmaze-large-play-v2] Weight            0.609486
2026-04-25 00:52:23.895806 CST | [antmaze-large-play-v2] kl                1
2026-04-25 00:52:23.895829 CST | [antmaze-large-play-v2] ---------------  ---------
2026-04-25 00:54:39.595926 CST | [antmaze-large-play-v2] ---------------  ---------
2026-04-25 00:54:39.596019 CST | [antmaze-large-play-v2] Training Epochs  24
2026-04-25 00:54:39.596046 CST | [antmaze-large-play-v2] AverageReturn     0.6
2026-04-25 00:54:39.596071 CST | [antmaze-large-play-v2] NormReturn        0.6
2026-04-25 00:54:39.596094 CST | [antmaze-large-play-v2] L_Act            34.699
2026-04-25 00:54:39.596118 CST | [antmaze-large-play-v2] L_Crit            0.883508
2026-04-25 00:54:39.596141 CST | [antmaze-large-play-v2] Weight            0.610182
2026-04-25 00:54:39.596164 CST | [antmaze-large-play-v2] kl                1
2026-04-25 00:54:39.596187 CST | [antmaze-large-play-v2] ---------------  ---------
2026-04-25 00:56:56.281536 CST | [antmaze-large-play-v2] ---------------  ---------
2026-04-25 00:56:56.281612 CST | [antmaze-large-play-v2] Training Epochs  25
2026-04-25 00:56:56.281641 CST | [antmaze-large-play-v2] AverageReturn     0.5
2026-04-25 00:56:56.281666 CST | [antmaze-large-play-v2] NormReturn        0.5
2026-04-25 00:56:56.281690 CST | [antmaze-large-play-v2] L_Act            34.6204
2026-04-25 00:56:56.281713 CST | [antmaze-large-play-v2] L_Crit            0.873611
2026-04-25 00:56:56.281737 CST | [antmaze-large-play-v2] Weight            0.611028
2026-04-25 00:56:56.281761 CST | [antmaze-large-play-v2] kl                1
2026-04-25 00:56:56.281785 CST | [antmaze-large-play-v2] ---------------  ---------
2026-04-25 00:59:14.070804 CST | [antmaze-large-play-v2] ---------------  ---------
2026-04-25 00:59:14.070895 CST | [antmaze-large-play-v2] Training Epochs  26
2026-04-25 00:59:14.070923 CST | [antmaze-large-play-v2] AverageReturn     0.5
2026-04-25 00:59:14.070948 CST | [antmaze-large-play-v2] NormReturn        0.5
2026-04-25 00:59:14.070972 CST | [antmaze-large-play-v2] L_Act            34.485
2026-04-25 00:59:14.070996 CST | [antmaze-large-play-v2] L_Crit            0.861846
2026-04-25 00:59:14.071020 CST | [antmaze-large-play-v2] Weight            0.61202
2026-04-25 00:59:14.071044 CST | [antmaze-large-play-v2] kl                1
2026-04-25 00:59:14.071068 CST | [antmaze-large-play-v2] ---------------  ---------
2026-04-25 01:01:30.158368 CST | [antmaze-large-play-v2] ---------------  ---------
2026-04-25 01:01:30.158470 CST | [antmaze-large-play-v2] Training Epochs  27
2026-04-25 01:01:30.158501 CST | [antmaze-large-play-v2] AverageReturn     0.8
2026-04-25 01:01:30.158531 CST | [antmaze-large-play-v2] NormReturn        0.8
2026-04-25 01:01:30.158556 CST | [antmaze-large-play-v2] L_Act            34.3417
2026-04-25 01:01:30.158582 CST | [antmaze-large-play-v2] L_Crit            0.85679
2026-04-25 01:01:30.158609 CST | [antmaze-large-play-v2] Weight            0.614748
2026-04-25 01:01:30.158636 CST | [antmaze-large-play-v2] kl                1
2026-04-25 01:01:30.158663 CST | [antmaze-large-play-v2] ---------------  ---------
2026-04-25 01:03:45.735713 CST | [antmaze-large-play-v2] ---------------  ---------
2026-04-25 01:03:45.735817 CST | [antmaze-large-play-v2] Training Epochs  28
2026-04-25 01:03:45.735845 CST | [antmaze-large-play-v2] AverageReturn     0.6
2026-04-25 01:03:45.735869 CST | [antmaze-large-play-v2] NormReturn        0.6
2026-04-25 01:03:45.735893 CST | [antmaze-large-play-v2] L_Act            34.2028
2026-04-25 01:03:45.735916 CST | [antmaze-large-play-v2] L_Crit            0.847814
2026-04-25 01:03:45.735939 CST | [antmaze-large-play-v2] Weight            0.6169
2026-04-25 01:03:45.735963 CST | [antmaze-large-play-v2] kl                1
2026-04-25 01:03:45.735986 CST | [antmaze-large-play-v2] ---------------  ---------
2026-04-25 01:06:02.036818 CST | [antmaze-large-play-v2] ---------------  ---------
2026-04-25 01:06:02.036914 CST | [antmaze-large-play-v2] Training Epochs  29
2026-04-25 01:06:02.036942 CST | [antmaze-large-play-v2] AverageReturn     0.7
2026-04-25 01:06:02.036967 CST | [antmaze-large-play-v2] NormReturn        0.7
2026-04-25 01:06:02.036990 CST | [antmaze-large-play-v2] L_Act            34.0514
2026-04-25 01:06:02.037014 CST | [antmaze-large-play-v2] L_Crit            0.839924
2026-04-25 01:06:02.037038 CST | [antmaze-large-play-v2] Weight            0.617026
2026-04-25 01:06:02.037061 CST | [antmaze-large-play-v2] kl                1
2026-04-25 01:06:02.037085 CST | [antmaze-large-play-v2] ---------------  ---------
2026-04-25 01:08:17.364365 CST | [antmaze-large-play-v2] ---------------  ---------
2026-04-25 01:08:17.364465 CST | [antmaze-large-play-v2] Training Epochs  30
2026-04-25 01:08:17.364494 CST | [antmaze-large-play-v2] AverageReturn     0.8
2026-04-25 01:08:17.364519 CST | [antmaze-large-play-v2] NormReturn        0.8
2026-04-25 01:08:17.364544 CST | [antmaze-large-play-v2] L_Act            33.9078
2026-04-25 01:08:17.364567 CST | [antmaze-large-play-v2] L_Crit            0.819542
2026-04-25 01:08:17.364591 CST | [antmaze-large-play-v2] Weight            0.618933
2026-04-25 01:08:17.364615 CST | [antmaze-large-play-v2] kl                1
2026-04-25 01:08:17.364639 CST | [antmaze-large-play-v2] ---------------  ---------
2026-04-25 01:10:36.093530 CST | [antmaze-large-play-v2] ---------------  ---------
2026-04-25 01:10:36.093624 CST | [antmaze-large-play-v2] Training Epochs  31
2026-04-25 01:10:36.093652 CST | [antmaze-large-play-v2] AverageReturn     0.5
2026-04-25 01:10:36.093677 CST | [antmaze-large-play-v2] NormReturn        0.5
2026-04-25 01:10:36.093701 CST | [antmaze-large-play-v2] L_Act            33.762
2026-04-25 01:10:36.093724 CST | [antmaze-large-play-v2] L_Crit            0.818393
2026-04-25 01:10:36.093748 CST | [antmaze-large-play-v2] Weight            0.62077
2026-04-25 01:10:36.093772 CST | [antmaze-large-play-v2] kl                1
2026-04-25 01:10:36.093795 CST | [antmaze-large-play-v2] ---------------  ---------
2026-04-25 01:12:54.659844 CST | [antmaze-large-play-v2] ---------------  ---------
2026-04-25 01:12:54.659936 CST | [antmaze-large-play-v2] Training Epochs  32
2026-04-25 01:12:54.659965 CST | [antmaze-large-play-v2] AverageReturn     0.3
2026-04-25 01:12:54.659990 CST | [antmaze-large-play-v2] NormReturn        0.3
2026-04-25 01:12:54.660014 CST | [antmaze-large-play-v2] L_Act            33.6958
2026-04-25 01:12:54.660038 CST | [antmaze-large-play-v2] L_Crit            0.819624
2026-04-25 01:12:54.660063 CST | [antmaze-large-play-v2] Weight            0.622654
2026-04-25 01:12:54.660088 CST | [antmaze-large-play-v2] kl                1
2026-04-25 01:12:54.660111 CST | [antmaze-large-play-v2] ---------------  ---------
2026-04-25 01:15:12.539484 CST | [antmaze-large-play-v2] ---------------  ---------
2026-04-25 01:15:12.539568 CST | [antmaze-large-play-v2] Training Epochs  33
2026-04-25 01:15:12.539598 CST | [antmaze-large-play-v2] AverageReturn     0.7
2026-04-25 01:15:12.539623 CST | [antmaze-large-play-v2] NormReturn        0.7
2026-04-25 01:15:12.539647 CST | [antmaze-large-play-v2] L_Act            33.6029
2026-04-25 01:15:12.539672 CST | [antmaze-large-play-v2] L_Crit            0.818714
2026-04-25 01:15:12.539695 CST | [antmaze-large-play-v2] Weight            0.624337
2026-04-25 01:15:12.539725 CST | [antmaze-large-play-v2] kl                1
2026-04-25 01:15:12.539749 CST | [antmaze-large-play-v2] ---------------  ---------
2026-04-25 01:17:27.595733 CST | [antmaze-large-play-v2] ---------------  ---------
2026-04-25 01:17:27.595827 CST | [antmaze-large-play-v2] Training Epochs  34
2026-04-25 01:17:27.595855 CST | [antmaze-large-play-v2] AverageReturn     0.9
2026-04-25 01:17:27.595881 CST | [antmaze-large-play-v2] NormReturn        0.9
2026-04-25 01:17:27.595906 CST | [antmaze-large-play-v2] L_Act            33.3969
2026-04-25 01:17:27.595929 CST | [antmaze-large-play-v2] L_Crit            0.807702
2026-04-25 01:17:27.595953 CST | [antmaze-large-play-v2] Weight            0.625386
2026-04-25 01:17:27.595977 CST | [antmaze-large-play-v2] kl                1
2026-04-25 01:17:27.596001 CST | [antmaze-large-play-v2] ---------------  ---------
2026-04-25 01:19:44.053207 CST | [antmaze-large-play-v2] ---------------  ---------
2026-04-25 01:19:44.053298 CST | [antmaze-large-play-v2] Training Epochs  35
2026-04-25 01:19:44.053326 CST | [antmaze-large-play-v2] AverageReturn     0.5
2026-04-25 01:19:44.053351 CST | [antmaze-large-play-v2] NormReturn        0.5
2026-04-25 01:19:44.053376 CST | [antmaze-large-play-v2] L_Act            33.269
2026-04-25 01:19:44.053399 CST | [antmaze-large-play-v2] L_Crit            0.820555
2026-04-25 01:19:44.053422 CST | [antmaze-large-play-v2] Weight            0.626427
2026-04-25 01:19:44.053446 CST | [antmaze-large-play-v2] kl                1
2026-04-25 01:19:44.053469 CST | [antmaze-large-play-v2] ---------------  ---------
2026-04-25 01:22:00.508327 CST | [antmaze-large-play-v2] ---------------  ---------
2026-04-25 01:22:00.508426 CST | [antmaze-large-play-v2] Training Epochs  36
2026-04-25 01:22:00.508454 CST | [antmaze-large-play-v2] AverageReturn     0.5
2026-04-25 01:22:00.508478 CST | [antmaze-large-play-v2] NormReturn        0.5
2026-04-25 01:22:00.508503 CST | [antmaze-large-play-v2] L_Act            33.1636
2026-04-25 01:22:00.508527 CST | [antmaze-large-play-v2] L_Crit            0.810563
2026-04-25 01:22:00.508551 CST | [antmaze-large-play-v2] Weight            0.627917
2026-04-25 01:22:00.508574 CST | [antmaze-large-play-v2] kl                1
2026-04-25 01:22:00.508597 CST | [antmaze-large-play-v2] ---------------  ---------
2026-04-25 01:24:15.747825 CST | [antmaze-large-play-v2] ---------------  ---------
2026-04-25 01:24:15.747927 CST | [antmaze-large-play-v2] Training Epochs  37
2026-04-25 01:24:15.747955 CST | [antmaze-large-play-v2] AverageReturn     0.8
2026-04-25 01:24:15.747980 CST | [antmaze-large-play-v2] NormReturn        0.8
2026-04-25 01:24:15.748005 CST | [antmaze-large-play-v2] L_Act            33.0727
2026-04-25 01:24:15.748029 CST | [antmaze-large-play-v2] L_Crit            0.800661
2026-04-25 01:24:15.748052 CST | [antmaze-large-play-v2] Weight            0.627881
2026-04-25 01:24:15.748077 CST | [antmaze-large-play-v2] kl                1
2026-04-25 01:24:15.748100 CST | [antmaze-large-play-v2] ---------------  ---------
2026-04-25 01:26:31.123744 CST | [antmaze-large-play-v2] ---------------  ---------
2026-04-25 01:26:31.123842 CST | [antmaze-large-play-v2] Training Epochs  38
2026-04-25 01:26:31.123872 CST | [antmaze-large-play-v2] AverageReturn     0.5
2026-04-25 01:26:31.123896 CST | [antmaze-large-play-v2] NormReturn        0.5
2026-04-25 01:26:31.123920 CST | [antmaze-large-play-v2] L_Act            32.9016
2026-04-25 01:26:31.123944 CST | [antmaze-large-play-v2] L_Crit            0.795852
2026-04-25 01:26:31.123967 CST | [antmaze-large-play-v2] Weight            0.630123
2026-04-25 01:26:31.123990 CST | [antmaze-large-play-v2] kl                1
2026-04-25 01:26:31.124014 CST | [antmaze-large-play-v2] ---------------  ---------
2026-04-25 01:28:45.388124 CST | [antmaze-large-play-v2] ---------------  ---------
2026-04-25 01:28:45.388216 CST | [antmaze-large-play-v2] Training Epochs  39
2026-04-25 01:28:45.388245 CST | [antmaze-large-play-v2] AverageReturn     0.9
2026-04-25 01:28:45.388274 CST | [antmaze-large-play-v2] NormReturn        0.9
2026-04-25 01:28:45.388299 CST | [antmaze-large-play-v2] L_Act            32.8298
2026-04-25 01:28:45.388322 CST | [antmaze-large-play-v2] L_Crit            0.809535
2026-04-25 01:28:45.388346 CST | [antmaze-large-play-v2] Weight            0.629697
2026-04-25 01:28:45.388369 CST | [antmaze-large-play-v2] kl                1
2026-04-25 01:28:45.388392 CST | [antmaze-large-play-v2] ---------------  ---------
2026-04-25 01:31:01.218289 CST | [antmaze-large-play-v2] ---------------  ---------
2026-04-25 01:31:01.218366 CST | [antmaze-large-play-v2] Training Epochs  40
2026-04-25 01:31:01.218395 CST | [antmaze-large-play-v2] AverageReturn     0.8
2026-04-25 01:31:01.218421 CST | [antmaze-large-play-v2] NormReturn        0.8
2026-04-25 01:31:01.218447 CST | [antmaze-large-play-v2] L_Act            32.7698
2026-04-25 01:31:01.218471 CST | [antmaze-large-play-v2] L_Crit            0.802671
2026-04-25 01:31:01.218495 CST | [antmaze-large-play-v2] Weight            0.631997
2026-04-25 01:31:01.218519 CST | [antmaze-large-play-v2] kl                1
2026-04-25 01:31:01.218543 CST | [antmaze-large-play-v2] ---------------  ---------
2026-04-25 01:33:15.146733 CST | [antmaze-large-play-v2] ---------------  ---------
2026-04-25 01:33:15.146830 CST | [antmaze-large-play-v2] Training Epochs  41
2026-04-25 01:33:15.146859 CST | [antmaze-large-play-v2] AverageReturn     0.9
2026-04-25 01:33:15.146883 CST | [antmaze-large-play-v2] NormReturn        0.9
2026-04-25 01:33:15.146907 CST | [antmaze-large-play-v2] L_Act            32.6478
2026-04-25 01:33:15.146930 CST | [antmaze-large-play-v2] L_Crit            0.789909
2026-04-25 01:33:15.146954 CST | [antmaze-large-play-v2] Weight            0.632077
2026-04-25 01:33:15.146979 CST | [antmaze-large-play-v2] kl                1
2026-04-25 01:33:15.147002 CST | [antmaze-large-play-v2] ---------------  ---------
2026-04-25 01:35:30.435621 CST | [antmaze-large-play-v2] ---------------  ---------
2026-04-25 01:35:30.435726 CST | [antmaze-large-play-v2] Training Epochs  42
2026-04-25 01:35:30.435756 CST | [antmaze-large-play-v2] AverageReturn     0.8
2026-04-25 01:35:30.435780 CST | [antmaze-large-play-v2] NormReturn        0.8
2026-04-25 01:35:30.435804 CST | [antmaze-large-play-v2] L_Act            32.5445
2026-04-25 01:35:30.435827 CST | [antmaze-large-play-v2] L_Crit            0.790656
2026-04-25 01:35:30.435850 CST | [antmaze-large-play-v2] Weight            0.633077
2026-04-25 01:35:30.435874 CST | [antmaze-large-play-v2] kl                1
2026-04-25 01:35:30.435897 CST | [antmaze-large-play-v2] ---------------  ---------
2026-04-25 01:37:45.361350 CST | [antmaze-large-play-v2] ---------------  ---------
2026-04-25 01:37:45.361444 CST | [antmaze-large-play-v2] Training Epochs  43
2026-04-25 01:37:45.361473 CST | [antmaze-large-play-v2] AverageReturn     0.8
2026-04-25 01:37:45.361498 CST | [antmaze-large-play-v2] NormReturn        0.8
2026-04-25 01:37:45.361522 CST | [antmaze-large-play-v2] L_Act            32.4423
2026-04-25 01:37:45.361545 CST | [antmaze-large-play-v2] L_Crit            0.790525
2026-04-25 01:37:45.361569 CST | [antmaze-large-play-v2] Weight            0.634748
2026-04-25 01:37:45.361592 CST | [antmaze-large-play-v2] kl                1
2026-04-25 01:37:45.361615 CST | [antmaze-large-play-v2] ---------------  ---------
2026-04-25 01:40:02.131305 CST | [antmaze-large-play-v2] ---------------  ---------
2026-04-25 01:40:02.131402 CST | [antmaze-large-play-v2] Training Epochs  44
2026-04-25 01:40:02.131431 CST | [antmaze-large-play-v2] AverageReturn     0.5
2026-04-25 01:40:02.131457 CST | [antmaze-large-play-v2] NormReturn        0.5
2026-04-25 01:40:02.131481 CST | [antmaze-large-play-v2] L_Act            32.3759
2026-04-25 01:40:02.131506 CST | [antmaze-large-play-v2] L_Crit            0.791906
2026-04-25 01:40:02.131530 CST | [antmaze-large-play-v2] Weight            0.634997
2026-04-25 01:40:02.131554 CST | [antmaze-large-play-v2] kl                1
2026-04-25 01:40:02.131577 CST | [antmaze-large-play-v2] ---------------  ---------
2026-04-25 01:42:18.984525 CST | [antmaze-large-play-v2] ---------------  ---------
2026-04-25 01:42:18.984632 CST | [antmaze-large-play-v2] Training Epochs  45
2026-04-25 01:42:18.984662 CST | [antmaze-large-play-v2] AverageReturn     0.7
2026-04-25 01:42:18.984688 CST | [antmaze-large-play-v2] NormReturn        0.7
2026-04-25 01:42:18.984712 CST | [antmaze-large-play-v2] L_Act            32.2892
2026-04-25 01:42:18.984737 CST | [antmaze-large-play-v2] L_Crit            0.781706
2026-04-25 01:42:18.984768 CST | [antmaze-large-play-v2] Weight            0.635882
2026-04-25 01:42:18.984792 CST | [antmaze-large-play-v2] kl                1
2026-04-25 01:42:18.984817 CST | [antmaze-large-play-v2] ---------------  ---------
2026-04-25 01:44:35.150864 CST | [antmaze-large-play-v2] ---------------  ---------
2026-04-25 01:44:35.150973 CST | [antmaze-large-play-v2] Training Epochs  46
2026-04-25 01:44:35.151002 CST | [antmaze-large-play-v2] AverageReturn     0.9
2026-04-25 01:44:35.151028 CST | [antmaze-large-play-v2] NormReturn        0.9
2026-04-25 01:44:35.151052 CST | [antmaze-large-play-v2] L_Act            32.1448
2026-04-25 01:44:35.151076 CST | [antmaze-large-play-v2] L_Crit            0.783322
2026-04-25 01:44:35.151099 CST | [antmaze-large-play-v2] Weight            0.637316
2026-04-25 01:44:35.151123 CST | [antmaze-large-play-v2] kl                1
2026-04-25 01:44:35.151147 CST | [antmaze-large-play-v2] ---------------  ---------
2026-04-25 01:46:51.190828 CST | [antmaze-large-play-v2] ---------------  ---------
2026-04-25 01:46:51.190906 CST | [antmaze-large-play-v2] Training Epochs  47
2026-04-25 01:46:51.190934 CST | [antmaze-large-play-v2] AverageReturn     0.9
2026-04-25 01:46:51.190958 CST | [antmaze-large-play-v2] NormReturn        0.9
2026-04-25 01:46:51.190982 CST | [antmaze-large-play-v2] L_Act            32.0207
2026-04-25 01:46:51.191005 CST | [antmaze-large-play-v2] L_Crit            0.780993
2026-04-25 01:46:51.191029 CST | [antmaze-large-play-v2] Weight            0.637201
2026-04-25 01:46:51.191052 CST | [antmaze-large-play-v2] kl                1
2026-04-25 01:46:51.191076 CST | [antmaze-large-play-v2] ---------------  ---------
2026-04-25 01:49:08.381478 CST | [antmaze-large-play-v2] ---------------  ---------
2026-04-25 01:49:08.381573 CST | [antmaze-large-play-v2] Training Epochs  48
2026-04-25 01:49:08.381603 CST | [antmaze-large-play-v2] AverageReturn     0.6
2026-04-25 01:49:08.381627 CST | [antmaze-large-play-v2] NormReturn        0.6
2026-04-25 01:49:08.381651 CST | [antmaze-large-play-v2] L_Act            31.9339
2026-04-25 01:49:08.381674 CST | [antmaze-large-play-v2] L_Crit            0.776795
2026-04-25 01:49:08.381697 CST | [antmaze-large-play-v2] Weight            0.639633
2026-04-25 01:49:08.381720 CST | [antmaze-large-play-v2] kl                1
2026-04-25 01:49:08.381743 CST | [antmaze-large-play-v2] ---------------  ---------
2026-04-25 01:51:23.520472 CST | [antmaze-large-play-v2] ---------------  ---------
2026-04-25 01:51:23.520568 CST | [antmaze-large-play-v2] Training Epochs  49
2026-04-25 01:51:23.520598 CST | [antmaze-large-play-v2] AverageReturn     0.7
2026-04-25 01:51:23.520622 CST | [antmaze-large-play-v2] NormReturn        0.7
2026-04-25 01:51:23.520645 CST | [antmaze-large-play-v2] L_Act            31.8188
2026-04-25 01:51:23.520669 CST | [antmaze-large-play-v2] L_Crit            0.781931
2026-04-25 01:51:23.520693 CST | [antmaze-large-play-v2] Weight            0.640473
2026-04-25 01:51:23.520716 CST | [antmaze-large-play-v2] kl                1
2026-04-25 01:51:23.520740 CST | [antmaze-large-play-v2] ---------------  ---------
2026-04-25 01:53:38.607387 CST | [antmaze-large-play-v2] ---------------  ---------
2026-04-25 01:53:38.607485 CST | [antmaze-large-play-v2] Training Epochs  50
2026-04-25 01:53:38.607513 CST | [antmaze-large-play-v2] AverageReturn     0.6
2026-04-25 01:53:38.607539 CST | [antmaze-large-play-v2] NormReturn        0.6
2026-04-25 01:53:38.607571 CST | [antmaze-large-play-v2] L_Act            31.7329
2026-04-25 01:53:38.607598 CST | [antmaze-large-play-v2] L_Crit            0.774166
2026-04-25 01:53:38.607622 CST | [antmaze-large-play-v2] Weight            0.641614
2026-04-25 01:53:38.607646 CST | [antmaze-large-play-v2] kl                1
2026-04-25 01:53:38.607670 CST | [antmaze-large-play-v2] ---------------  ---------
2026-04-25 01:55:53.652508 CST | [antmaze-large-play-v2] ---------------  ---------
2026-04-25 01:55:53.652618 CST | [antmaze-large-play-v2] Training Epochs  51
2026-04-25 01:55:53.652647 CST | [antmaze-large-play-v2] AverageReturn     0.6
2026-04-25 01:55:53.652672 CST | [antmaze-large-play-v2] NormReturn        0.6
2026-04-25 01:55:53.652696 CST | [antmaze-large-play-v2] L_Act            31.6141
2026-04-25 01:55:53.652719 CST | [antmaze-large-play-v2] L_Crit            0.776827
2026-04-25 01:55:53.652743 CST | [antmaze-large-play-v2] Weight            0.64245
2026-04-25 01:55:53.652773 CST | [antmaze-large-play-v2] kl                1
2026-04-25 01:55:53.652797 CST | [antmaze-large-play-v2] ---------------  ---------
2026-04-25 01:58:08.158264 CST | [antmaze-large-play-v2] ---------------  ---------
2026-04-25 01:58:08.158357 CST | [antmaze-large-play-v2] Training Epochs  52
2026-04-25 01:58:08.158386 CST | [antmaze-large-play-v2] AverageReturn     0.8
2026-04-25 01:58:08.158411 CST | [antmaze-large-play-v2] NormReturn        0.8
2026-04-25 01:58:08.158434 CST | [antmaze-large-play-v2] L_Act            31.6116
2026-04-25 01:58:08.158458 CST | [antmaze-large-play-v2] L_Crit            0.778762
2026-04-25 01:58:08.158481 CST | [antmaze-large-play-v2] Weight            0.641051
2026-04-25 01:58:08.158504 CST | [antmaze-large-play-v2] kl                1
2026-04-25 01:58:08.158528 CST | [antmaze-large-play-v2] ---------------  ---------
2026-04-25 02:00:21.202265 CST | [antmaze-large-play-v2] ---------------  ---------
2026-04-25 02:00:21.202367 CST | [antmaze-large-play-v2] Training Epochs  53
2026-04-25 02:00:21.202395 CST | [antmaze-large-play-v2] AverageReturn     1
2026-04-25 02:00:21.202420 CST | [antmaze-large-play-v2] NormReturn        1
2026-04-25 02:00:21.202443 CST | [antmaze-large-play-v2] L_Act            31.4757
2026-04-25 02:00:21.202467 CST | [antmaze-large-play-v2] L_Crit            0.770013
2026-04-25 02:00:21.202491 CST | [antmaze-large-play-v2] Weight            0.645378
2026-04-25 02:00:21.202514 CST | [antmaze-large-play-v2] kl                1
2026-04-25 02:00:21.202538 CST | [antmaze-large-play-v2] ---------------  ---------
2026-04-25 02:02:36.626351 CST | [antmaze-large-play-v2] ---------------  ---------
2026-04-25 02:02:36.626445 CST | [antmaze-large-play-v2] Training Epochs  54
2026-04-25 02:02:36.626474 CST | [antmaze-large-play-v2] AverageReturn     0.8
2026-04-25 02:02:36.626499 CST | [antmaze-large-play-v2] NormReturn        0.8
2026-04-25 02:02:36.626523 CST | [antmaze-large-play-v2] L_Act            31.3941
2026-04-25 02:02:36.626547 CST | [antmaze-large-play-v2] L_Crit            0.779813
2026-04-25 02:02:36.626571 CST | [antmaze-large-play-v2] Weight            0.644057
2026-04-25 02:02:36.626594 CST | [antmaze-large-play-v2] kl                1
2026-04-25 02:02:36.626617 CST | [antmaze-large-play-v2] ---------------  ---------
2026-04-25 02:04:51.982838 CST | [antmaze-large-play-v2] ---------------  ---------
2026-04-25 02:04:51.982919 CST | [antmaze-large-play-v2] Training Epochs  55
2026-04-25 02:04:51.982948 CST | [antmaze-large-play-v2] AverageReturn     0.7
2026-04-25 02:04:51.982974 CST | [antmaze-large-play-v2] NormReturn        0.7
2026-04-25 02:04:51.982999 CST | [antmaze-large-play-v2] L_Act            31.3234
2026-04-25 02:04:51.983023 CST | [antmaze-large-play-v2] L_Crit            0.774919
2026-04-25 02:04:51.983046 CST | [antmaze-large-play-v2] Weight            0.64496
2026-04-25 02:04:51.983069 CST | [antmaze-large-play-v2] kl                1
2026-04-25 02:04:51.983093 CST | [antmaze-large-play-v2] ---------------  ---------
2026-04-25 02:07:06.412543 CST | [antmaze-large-play-v2] ---------------  ---------
2026-04-25 02:07:06.412637 CST | [antmaze-large-play-v2] Training Epochs  56
2026-04-25 02:07:06.412669 CST | [antmaze-large-play-v2] AverageReturn     0.8
2026-04-25 02:07:06.412694 CST | [antmaze-large-play-v2] NormReturn        0.8
2026-04-25 02:07:06.412718 CST | [antmaze-large-play-v2] L_Act            31.2115
2026-04-25 02:07:06.412742 CST | [antmaze-large-play-v2] L_Crit            0.768754
2026-04-25 02:07:06.412770 CST | [antmaze-large-play-v2] Weight            0.646162
2026-04-25 02:07:06.412794 CST | [antmaze-large-play-v2] kl                1
2026-04-25 02:07:06.412817 CST | [antmaze-large-play-v2] ---------------  ---------
2026-04-25 02:09:22.423354 CST | [antmaze-large-play-v2] ---------------  ---------
2026-04-25 02:09:22.423454 CST | [antmaze-large-play-v2] Training Epochs  57
2026-04-25 02:09:22.423482 CST | [antmaze-large-play-v2] AverageReturn     0.7
2026-04-25 02:09:22.423506 CST | [antmaze-large-play-v2] NormReturn        0.7
2026-04-25 02:09:22.423530 CST | [antmaze-large-play-v2] L_Act            31.1439
2026-04-25 02:09:22.423553 CST | [antmaze-large-play-v2] L_Crit            0.775404
2026-04-25 02:09:22.423577 CST | [antmaze-large-play-v2] Weight            0.64704
2026-04-25 02:09:22.423600 CST | [antmaze-large-play-v2] kl                1
2026-04-25 02:09:22.423623 CST | [antmaze-large-play-v2] ---------------  ---------
2026-04-25 02:11:36.345906 CST | [antmaze-large-play-v2] ---------------  ---------
2026-04-25 02:11:36.346005 CST | [antmaze-large-play-v2] Training Epochs  58
2026-04-25 02:11:36.346034 CST | [antmaze-large-play-v2] AverageReturn     0.9
2026-04-25 02:11:36.346060 CST | [antmaze-large-play-v2] NormReturn        0.9
2026-04-25 02:11:36.346085 CST | [antmaze-large-play-v2] L_Act            31.0908
2026-04-25 02:11:36.346109 CST | [antmaze-large-play-v2] L_Crit            0.769882
2026-04-25 02:11:36.346133 CST | [antmaze-large-play-v2] Weight            0.647529
2026-04-25 02:11:36.346157 CST | [antmaze-large-play-v2] kl                1
2026-04-25 02:11:36.346181 CST | [antmaze-large-play-v2] ---------------  ---------
2026-04-25 02:13:50.096006 CST | [antmaze-large-play-v2] ---------------  ---------
2026-04-25 02:13:50.096100 CST | [antmaze-large-play-v2] Training Epochs  59
2026-04-25 02:13:50.096129 CST | [antmaze-large-play-v2] AverageReturn     0.9
2026-04-25 02:13:50.096156 CST | [antmaze-large-play-v2] NormReturn        0.9
2026-04-25 02:13:50.096180 CST | [antmaze-large-play-v2] L_Act            31.0122
2026-04-25 02:13:50.096205 CST | [antmaze-large-play-v2] L_Crit            0.772678
2026-04-25 02:13:50.096229 CST | [antmaze-large-play-v2] Weight            0.648639
2026-04-25 02:13:50.096253 CST | [antmaze-large-play-v2] kl                1
2026-04-25 02:13:50.096277 CST | [antmaze-large-play-v2] ---------------  ---------
2026-04-25 02:16:03.745127 CST | [antmaze-large-play-v2] ---------------  ---------
2026-04-25 02:16:03.745219 CST | [antmaze-large-play-v2] Training Epochs  60
2026-04-25 02:16:03.745247 CST | [antmaze-large-play-v2] AverageReturn     0.9
2026-04-25 02:16:03.745273 CST | [antmaze-large-play-v2] NormReturn        0.9
2026-04-25 02:16:03.745298 CST | [antmaze-large-play-v2] L_Act            31.0303
2026-04-25 02:16:03.745322 CST | [antmaze-large-play-v2] L_Crit            0.778874
2026-04-25 02:16:03.745346 CST | [antmaze-large-play-v2] Weight            0.647055
2026-04-25 02:16:03.745370 CST | [antmaze-large-play-v2] kl                1
2026-04-25 02:16:03.745393 CST | [antmaze-large-play-v2] ---------------  ---------
2026-04-25 02:18:17.243304 CST | [antmaze-large-play-v2] ---------------  ---------
2026-04-25 02:18:17.243397 CST | [antmaze-large-play-v2] Training Epochs  61
2026-04-25 02:18:17.243425 CST | [antmaze-large-play-v2] AverageReturn     1
2026-04-25 02:18:17.243451 CST | [antmaze-large-play-v2] NormReturn        1
2026-04-25 02:18:17.243475 CST | [antmaze-large-play-v2] L_Act            30.9873
2026-04-25 02:18:17.243499 CST | [antmaze-large-play-v2] L_Crit            0.768579
2026-04-25 02:18:17.243523 CST | [antmaze-large-play-v2] Weight            0.648341
2026-04-25 02:18:17.243546 CST | [antmaze-large-play-v2] kl                1
2026-04-25 02:18:17.243573 CST | [antmaze-large-play-v2] ---------------  ---------
2026-04-25 02:20:31.738640 CST | [antmaze-large-play-v2] ---------------  ---------
2026-04-25 02:20:31.738724 CST | [antmaze-large-play-v2] Training Epochs  62
2026-04-25 02:20:31.738755 CST | [antmaze-large-play-v2] AverageReturn     0.8
2026-04-25 02:20:31.738780 CST | [antmaze-large-play-v2] NormReturn        0.8
2026-04-25 02:20:31.738804 CST | [antmaze-large-play-v2] L_Act            30.886
2026-04-25 02:20:31.738828 CST | [antmaze-large-play-v2] L_Crit            0.772875
2026-04-25 02:20:31.738851 CST | [antmaze-large-play-v2] Weight            0.649372
2026-04-25 02:20:31.738875 CST | [antmaze-large-play-v2] kl                1
2026-04-25 02:20:31.738898 CST | [antmaze-large-play-v2] ---------------  ---------
2026-04-25 02:22:46.412572 CST | [antmaze-large-play-v2] ---------------  ---------
2026-04-25 02:22:46.412665 CST | [antmaze-large-play-v2] Training Epochs  63
2026-04-25 02:22:46.412695 CST | [antmaze-large-play-v2] AverageReturn     0.8
2026-04-25 02:22:46.412720 CST | [antmaze-large-play-v2] NormReturn        0.8
2026-04-25 02:22:46.412744 CST | [antmaze-large-play-v2] L_Act            30.8439
2026-04-25 02:22:46.412771 CST | [antmaze-large-play-v2] L_Crit            0.768092
2026-04-25 02:22:46.412796 CST | [antmaze-large-play-v2] Weight            0.650819
2026-04-25 02:22:46.412819 CST | [antmaze-large-play-v2] kl                1
2026-04-25 02:22:46.412843 CST | [antmaze-large-play-v2] ---------------  ---------
2026-04-25 02:25:00.532117 CST | [antmaze-large-play-v2] ---------------  ---------
2026-04-25 02:25:00.532215 CST | [antmaze-large-play-v2] Training Epochs  64
2026-04-25 02:25:00.532244 CST | [antmaze-large-play-v2] AverageReturn     0.9
2026-04-25 02:25:00.532269 CST | [antmaze-large-play-v2] NormReturn        0.9
2026-04-25 02:25:00.532293 CST | [antmaze-large-play-v2] L_Act            30.7473
2026-04-25 02:25:00.532317 CST | [antmaze-large-play-v2] L_Crit            0.768024
2026-04-25 02:25:00.532341 CST | [antmaze-large-play-v2] Weight            0.652374
2026-04-25 02:25:00.532364 CST | [antmaze-large-play-v2] kl                1
2026-04-25 02:25:00.532388 CST | [antmaze-large-play-v2] ---------------  ---------
2026-04-25 02:27:15.558939 CST | [antmaze-large-play-v2] ---------------  ---------
2026-04-25 02:27:15.559037 CST | [antmaze-large-play-v2] Training Epochs  65
2026-04-25 02:27:15.559066 CST | [antmaze-large-play-v2] AverageReturn     0.8
2026-04-25 02:27:15.559091 CST | [antmaze-large-play-v2] NormReturn        0.8
2026-04-25 02:27:15.559115 CST | [antmaze-large-play-v2] L_Act            30.6953
2026-04-25 02:27:15.559138 CST | [antmaze-large-play-v2] L_Crit            0.766558
2026-04-25 02:27:15.559162 CST | [antmaze-large-play-v2] Weight            0.651779
2026-04-25 02:27:15.559186 CST | [antmaze-large-play-v2] kl                1
2026-04-25 02:27:15.559209 CST | [antmaze-large-play-v2] ---------------  ---------
2026-04-25 02:29:29.217100 CST | [antmaze-large-play-v2] ---------------  ---------
2026-04-25 02:29:29.217196 CST | [antmaze-large-play-v2] Training Epochs  66
2026-04-25 02:29:29.217224 CST | [antmaze-large-play-v2] AverageReturn     0.9
2026-04-25 02:29:29.217249 CST | [antmaze-large-play-v2] NormReturn        0.9
2026-04-25 02:29:29.217273 CST | [antmaze-large-play-v2] L_Act            30.6696
2026-04-25 02:29:29.217296 CST | [antmaze-large-play-v2] L_Crit            0.767366
2026-04-25 02:29:29.217320 CST | [antmaze-large-play-v2] Weight            0.652989
2026-04-25 02:29:29.217343 CST | [antmaze-large-play-v2] kl                1
2026-04-25 02:29:29.217366 CST | [antmaze-large-play-v2] ---------------  ---------
2026-04-25 02:31:44.093378 CST | [antmaze-large-play-v2] ---------------  ---------
2026-04-25 02:31:44.093478 CST | [antmaze-large-play-v2] Training Epochs  67
2026-04-25 02:31:44.093506 CST | [antmaze-large-play-v2] AverageReturn     0.8
2026-04-25 02:31:44.093531 CST | [antmaze-large-play-v2] NormReturn        0.8
2026-04-25 02:31:44.093559 CST | [antmaze-large-play-v2] L_Act            30.5567
2026-04-25 02:31:44.093582 CST | [antmaze-large-play-v2] L_Crit            0.755703
2026-04-25 02:31:44.093606 CST | [antmaze-large-play-v2] Weight            0.65414
2026-04-25 02:31:44.093629 CST | [antmaze-large-play-v2] kl                1
2026-04-25 02:31:44.093653 CST | [antmaze-large-play-v2] ---------------  ---------
2026-04-25 02:33:59.008939 CST | [antmaze-large-play-v2] ---------------  ---------
2026-04-25 02:33:59.009036 CST | [antmaze-large-play-v2] Training Epochs  68
2026-04-25 02:33:59.009065 CST | [antmaze-large-play-v2] AverageReturn     0.8
2026-04-25 02:33:59.009089 CST | [antmaze-large-play-v2] NormReturn        0.8
2026-04-25 02:33:59.009112 CST | [antmaze-large-play-v2] L_Act            30.4783
2026-04-25 02:33:59.009135 CST | [antmaze-large-play-v2] L_Crit            0.759912
2026-04-25 02:33:59.009158 CST | [antmaze-large-play-v2] Weight            0.654199
2026-04-25 02:33:59.009182 CST | [antmaze-large-play-v2] kl                1
2026-04-25 02:33:59.009205 CST | [antmaze-large-play-v2] ---------------  ---------
2026-04-25 02:36:12.950937 CST | [antmaze-large-play-v2] ---------------  ---------
2026-04-25 02:36:12.951016 CST | [antmaze-large-play-v2] Training Epochs  69
2026-04-25 02:36:12.951045 CST | [antmaze-large-play-v2] AverageReturn     0.9
2026-04-25 02:36:12.951071 CST | [antmaze-large-play-v2] NormReturn        0.9
2026-04-25 02:36:12.951094 CST | [antmaze-large-play-v2] L_Act            30.4213
2026-04-25 02:36:12.951118 CST | [antmaze-large-play-v2] L_Crit            0.757534
2026-04-25 02:36:12.951141 CST | [antmaze-large-play-v2] Weight            0.655085
2026-04-25 02:36:12.951164 CST | [antmaze-large-play-v2] kl                1
2026-04-25 02:36:12.951188 CST | [antmaze-large-play-v2] ---------------  ---------
2026-04-25 02:38:28.940299 CST | [antmaze-large-play-v2] ---------------  ---------
2026-04-25 02:38:28.940394 CST | [antmaze-large-play-v2] Training Epochs  70
2026-04-25 02:38:28.940422 CST | [antmaze-large-play-v2] AverageReturn     0.9
2026-04-25 02:38:28.940446 CST | [antmaze-large-play-v2] NormReturn        0.9
2026-04-25 02:38:28.940469 CST | [antmaze-large-play-v2] L_Act            30.419
2026-04-25 02:38:28.940492 CST | [antmaze-large-play-v2] L_Crit            0.762556
2026-04-25 02:38:28.940516 CST | [antmaze-large-play-v2] Weight            0.654411
2026-04-25 02:38:28.940539 CST | [antmaze-large-play-v2] kl                1
2026-04-25 02:38:28.940562 CST | [antmaze-large-play-v2] ---------------  ---------
2026-04-25 02:40:47.100748 CST | [antmaze-large-play-v2] ---------------  ---------
2026-04-25 02:40:47.100851 CST | [antmaze-large-play-v2] Training Epochs  71
2026-04-25 02:40:47.100879 CST | [antmaze-large-play-v2] AverageReturn     0.7
2026-04-25 02:40:47.100903 CST | [antmaze-large-play-v2] NormReturn        0.7
2026-04-25 02:40:47.100927 CST | [antmaze-large-play-v2] L_Act            30.3644
2026-04-25 02:40:47.100950 CST | [antmaze-large-play-v2] L_Crit            0.761649
2026-04-25 02:40:47.100974 CST | [antmaze-large-play-v2] Weight            0.656393
2026-04-25 02:40:47.100997 CST | [antmaze-large-play-v2] kl                1
2026-04-25 02:40:47.101020 CST | [antmaze-large-play-v2] ---------------  ---------
2026-04-25 02:43:04.677004 CST | [antmaze-large-play-v2] ---------------  ---------
2026-04-25 02:43:04.677110 CST | [antmaze-large-play-v2] Training Epochs  72
2026-04-25 02:43:04.677138 CST | [antmaze-large-play-v2] AverageReturn     0.7
2026-04-25 02:43:04.677168 CST | [antmaze-large-play-v2] NormReturn        0.7
2026-04-25 02:43:04.677191 CST | [antmaze-large-play-v2] L_Act            30.2978
2026-04-25 02:43:04.677215 CST | [antmaze-large-play-v2] L_Crit            0.760291
2026-04-25 02:43:04.677238 CST | [antmaze-large-play-v2] Weight            0.655864
2026-04-25 02:43:04.677261 CST | [antmaze-large-play-v2] kl                1
2026-04-25 02:43:04.677284 CST | [antmaze-large-play-v2] ---------------  ---------
2026-04-25 02:45:20.181619 CST | [antmaze-large-play-v2] ---------------  ---------
2026-04-25 02:45:20.181725 CST | [antmaze-large-play-v2] Training Epochs  73
2026-04-25 02:45:20.181753 CST | [antmaze-large-play-v2] AverageReturn     0.8
2026-04-25 02:45:20.181777 CST | [antmaze-large-play-v2] NormReturn        0.8
2026-04-25 02:45:20.181801 CST | [antmaze-large-play-v2] L_Act            30.2813
2026-04-25 02:45:20.181824 CST | [antmaze-large-play-v2] L_Crit            0.753833
2026-04-25 02:45:20.181847 CST | [antmaze-large-play-v2] Weight            0.656763
2026-04-25 02:45:20.181870 CST | [antmaze-large-play-v2] kl                1
2026-04-25 02:45:20.181893 CST | [antmaze-large-play-v2] ---------------  ---------
2026-04-25 02:47:36.852311 CST | [antmaze-large-play-v2] ---------------  ---------
2026-04-25 02:47:36.852406 CST | [antmaze-large-play-v2] Training Epochs  74
2026-04-25 02:47:36.852434 CST | [antmaze-large-play-v2] AverageReturn     0.7
2026-04-25 02:47:36.852460 CST | [antmaze-large-play-v2] NormReturn        0.7
2026-04-25 02:47:36.852485 CST | [antmaze-large-play-v2] L_Act            30.2806
2026-04-25 02:47:36.852511 CST | [antmaze-large-play-v2] L_Crit            0.758563
2026-04-25 02:47:36.852542 CST | [antmaze-large-play-v2] Weight            0.656693
2026-04-25 02:47:36.852573 CST | [antmaze-large-play-v2] kl                1
2026-04-25 02:47:36.852606 CST | [antmaze-large-play-v2] ---------------  ---------
2026-04-25 02:49:52.467846 CST | [antmaze-large-play-v2] ---------------  ---------
2026-04-25 02:49:52.467942 CST | [antmaze-large-play-v2] Training Epochs  75
2026-04-25 02:49:52.467971 CST | [antmaze-large-play-v2] AverageReturn     0.6
2026-04-25 02:49:52.467996 CST | [antmaze-large-play-v2] NormReturn        0.6
2026-04-25 02:49:52.468029 CST | [antmaze-large-play-v2] L_Act            30.2552
2026-04-25 02:49:52.468053 CST | [antmaze-large-play-v2] L_Crit            0.75639
2026-04-25 02:49:52.468077 CST | [antmaze-large-play-v2] Weight            0.657302
2026-04-25 02:49:52.468101 CST | [antmaze-large-play-v2] kl                1
2026-04-25 02:49:52.468124 CST | [antmaze-large-play-v2] ---------------  ---------
2026-04-25 02:52:07.759622 CST | [antmaze-large-play-v2] ---------------  ---------
2026-04-25 02:52:07.759716 CST | [antmaze-large-play-v2] Training Epochs  76
2026-04-25 02:52:07.759744 CST | [antmaze-large-play-v2] AverageReturn     0.8
2026-04-25 02:52:07.759768 CST | [antmaze-large-play-v2] NormReturn        0.8
2026-04-25 02:52:07.759791 CST | [antmaze-large-play-v2] L_Act            30.1866
2026-04-25 02:52:07.759814 CST | [antmaze-large-play-v2] L_Crit            0.756953
2026-04-25 02:52:07.759838 CST | [antmaze-large-play-v2] Weight            0.657829
2026-04-25 02:52:07.759861 CST | [antmaze-large-play-v2] kl                1
2026-04-25 02:52:07.759884 CST | [antmaze-large-play-v2] ---------------  ---------
2026-04-25 02:54:24.964677 CST | [antmaze-large-play-v2] ---------------  ---------
2026-04-25 02:54:24.964763 CST | [antmaze-large-play-v2] Training Epochs  77
2026-04-25 02:54:24.964794 CST | [antmaze-large-play-v2] AverageReturn     0.8
2026-04-25 02:54:24.964820 CST | [antmaze-large-play-v2] NormReturn        0.8
2026-04-25 02:54:24.964845 CST | [antmaze-large-play-v2] L_Act            30.1456
2026-04-25 02:54:24.964869 CST | [antmaze-large-play-v2] L_Crit            0.760835
2026-04-25 02:54:24.964892 CST | [antmaze-large-play-v2] Weight            0.65802
2026-04-25 02:54:24.964916 CST | [antmaze-large-play-v2] kl                1
2026-04-25 02:54:24.964939 CST | [antmaze-large-play-v2] ---------------  ---------
2026-04-25 02:56:39.952247 CST | [antmaze-large-play-v2] ---------------  ---------
2026-04-25 02:56:39.952343 CST | [antmaze-large-play-v2] Training Epochs  78
2026-04-25 02:56:39.952372 CST | [antmaze-large-play-v2] AverageReturn     0.9
2026-04-25 02:56:39.952397 CST | [antmaze-large-play-v2] NormReturn        0.9
2026-04-25 02:56:39.952421 CST | [antmaze-large-play-v2] L_Act            30.0895
2026-04-25 02:56:39.952444 CST | [antmaze-large-play-v2] L_Crit            0.760606
2026-04-25 02:56:39.952472 CST | [antmaze-large-play-v2] Weight            0.658619
2026-04-25 02:56:39.952495 CST | [antmaze-large-play-v2] kl                1
2026-04-25 02:56:39.952519 CST | [antmaze-large-play-v2] ---------------  ---------
2026-04-25 02:58:53.597922 CST | [antmaze-large-play-v2] ---------------  ---------
2026-04-25 02:58:53.598017 CST | [antmaze-large-play-v2] Training Epochs  79
2026-04-25 02:58:53.598046 CST | [antmaze-large-play-v2] AverageReturn     0.9
2026-04-25 02:58:53.598073 CST | [antmaze-large-play-v2] NormReturn        0.9
2026-04-25 02:58:53.598098 CST | [antmaze-large-play-v2] L_Act            30.054
2026-04-25 02:58:53.598122 CST | [antmaze-large-play-v2] L_Crit            0.760202
2026-04-25 02:58:53.598146 CST | [antmaze-large-play-v2] Weight            0.659387
2026-04-25 02:58:53.598170 CST | [antmaze-large-play-v2] kl                1
2026-04-25 02:58:53.598194 CST | [antmaze-large-play-v2] ---------------  ---------
2026-04-25 03:01:10.086969 CST | [antmaze-large-play-v2] ---------------  ---------
2026-04-25 03:01:10.087065 CST | [antmaze-large-play-v2] Training Epochs  80
2026-04-25 03:01:10.087094 CST | [antmaze-large-play-v2] AverageReturn     0.7
2026-04-25 03:01:10.087119 CST | [antmaze-large-play-v2] NormReturn        0.7
2026-04-25 03:01:10.087143 CST | [antmaze-large-play-v2] L_Act            29.9729
2026-04-25 03:01:10.087167 CST | [antmaze-large-play-v2] L_Crit            0.759782
2026-04-25 03:01:10.087190 CST | [antmaze-large-play-v2] Weight            0.660969
2026-04-25 03:01:10.087213 CST | [antmaze-large-play-v2] kl                1
2026-04-25 03:01:10.087236 CST | [antmaze-large-play-v2] ---------------  ---------
2026-04-25 03:03:26.490350 CST | [antmaze-large-play-v2] ---------------  ---------
2026-04-25 03:03:26.490451 CST | [antmaze-large-play-v2] Training Epochs  81
2026-04-25 03:03:26.490480 CST | [antmaze-large-play-v2] AverageReturn     0.8
2026-04-25 03:03:26.490505 CST | [antmaze-large-play-v2] NormReturn        0.8
2026-04-25 03:03:26.490530 CST | [antmaze-large-play-v2] L_Act            29.913
2026-04-25 03:03:26.490553 CST | [antmaze-large-play-v2] L_Crit            0.755958
2026-04-25 03:03:26.490577 CST | [antmaze-large-play-v2] Weight            0.661686
2026-04-25 03:03:26.490600 CST | [antmaze-large-play-v2] kl                1
2026-04-25 03:03:26.490624 CST | [antmaze-large-play-v2] ---------------  ---------
2026-04-25 03:05:41.947571 CST | [antmaze-large-play-v2] ---------------  ---------
2026-04-25 03:05:41.947664 CST | [antmaze-large-play-v2] Training Epochs  82
2026-04-25 03:05:41.947694 CST | [antmaze-large-play-v2] AverageReturn     0.8
2026-04-25 03:05:41.947721 CST | [antmaze-large-play-v2] NormReturn        0.8
2026-04-25 03:05:41.947746 CST | [antmaze-large-play-v2] L_Act            29.8475
2026-04-25 03:05:41.947770 CST | [antmaze-large-play-v2] L_Crit            0.751015
2026-04-25 03:05:41.947795 CST | [antmaze-large-play-v2] Weight            0.661433
2026-04-25 03:05:41.947819 CST | [antmaze-large-play-v2] kl                1
2026-04-25 03:05:41.947843 CST | [antmaze-large-play-v2] ---------------  ---------
2026-04-25 03:07:56.727972 CST | [antmaze-large-play-v2] ---------------  ---------
2026-04-25 03:07:56.728066 CST | [antmaze-large-play-v2] Training Epochs  83
2026-04-25 03:07:56.728096 CST | [antmaze-large-play-v2] AverageReturn     0.8
2026-04-25 03:07:56.728121 CST | [antmaze-large-play-v2] NormReturn        0.8
2026-04-25 03:07:56.728145 CST | [antmaze-large-play-v2] L_Act            29.7903
2026-04-25 03:07:56.728168 CST | [antmaze-large-play-v2] L_Crit            0.751731
2026-04-25 03:07:56.728191 CST | [antmaze-large-play-v2] Weight            0.662809
2026-04-25 03:07:56.728214 CST | [antmaze-large-play-v2] kl                1
2026-04-25 03:07:56.728237 CST | [antmaze-large-play-v2] ---------------  ---------
2026-04-25 03:10:10.549908 CST | [antmaze-large-play-v2] ---------------  ---------
2026-04-25 03:10:10.549987 CST | [antmaze-large-play-v2] Training Epochs  84
2026-04-25 03:10:10.550017 CST | [antmaze-large-play-v2] AverageReturn     1
2026-04-25 03:10:10.550047 CST | [antmaze-large-play-v2] NormReturn        1
2026-04-25 03:10:10.550071 CST | [antmaze-large-play-v2] L_Act            29.6907
2026-04-25 03:10:10.550095 CST | [antmaze-large-play-v2] L_Crit            0.762081
2026-04-25 03:10:10.550119 CST | [antmaze-large-play-v2] Weight            0.663278
2026-04-25 03:10:10.550143 CST | [antmaze-large-play-v2] kl                1
2026-04-25 03:10:10.550167 CST | [antmaze-large-play-v2] ---------------  ---------
2026-04-25 03:12:27.359385 CST | [antmaze-large-play-v2] ---------------  ---------
2026-04-25 03:12:27.359481 CST | [antmaze-large-play-v2] Training Epochs  85
2026-04-25 03:12:27.359512 CST | [antmaze-large-play-v2] AverageReturn     0.8
2026-04-25 03:12:27.359540 CST | [antmaze-large-play-v2] NormReturn        0.8
2026-04-25 03:12:27.359566 CST | [antmaze-large-play-v2] L_Act            29.6761
2026-04-25 03:12:27.359590 CST | [antmaze-large-play-v2] L_Crit            0.759267
2026-04-25 03:12:27.359614 CST | [antmaze-large-play-v2] Weight            0.66333
2026-04-25 03:12:27.359638 CST | [antmaze-large-play-v2] kl                1
2026-04-25 03:12:27.359662 CST | [antmaze-large-play-v2] ---------------  ---------
2026-04-25 03:14:44.368043 CST | [antmaze-large-play-v2] ---------------  ---------
2026-04-25 03:14:44.368140 CST | [antmaze-large-play-v2] Training Epochs  86
2026-04-25 03:14:44.368169 CST | [antmaze-large-play-v2] AverageReturn     0.9
2026-04-25 03:14:44.368194 CST | [antmaze-large-play-v2] NormReturn        0.9
2026-04-25 03:14:44.368218 CST | [antmaze-large-play-v2] L_Act            29.5975
2026-04-25 03:14:44.368242 CST | [antmaze-large-play-v2] L_Crit            0.758258
2026-04-25 03:14:44.368266 CST | [antmaze-large-play-v2] Weight            0.663464
2026-04-25 03:14:44.368290 CST | [antmaze-large-play-v2] kl                1
2026-04-25 03:14:44.368314 CST | [antmaze-large-play-v2] ---------------  ---------
2026-04-25 03:16:59.617145 CST | [antmaze-large-play-v2] ---------------  ---------
2026-04-25 03:16:59.617244 CST | [antmaze-large-play-v2] Training Epochs  87
2026-04-25 03:16:59.617272 CST | [antmaze-large-play-v2] AverageReturn     0.8
2026-04-25 03:16:59.617298 CST | [antmaze-large-play-v2] NormReturn        0.8
2026-04-25 03:16:59.617322 CST | [antmaze-large-play-v2] L_Act            29.5906
2026-04-25 03:16:59.617346 CST | [antmaze-large-play-v2] L_Crit            0.754804
2026-04-25 03:16:59.617370 CST | [antmaze-large-play-v2] Weight            0.665165
2026-04-25 03:16:59.617393 CST | [antmaze-large-play-v2] kl                1
2026-04-25 03:16:59.617417 CST | [antmaze-large-play-v2] ---------------  ---------
2026-04-25 03:19:15.219374 CST | [antmaze-large-play-v2] ---------------  ---------
2026-04-25 03:19:15.219475 CST | [antmaze-large-play-v2] Training Epochs  88
2026-04-25 03:19:15.219504 CST | [antmaze-large-play-v2] AverageReturn     0.9
2026-04-25 03:19:15.219532 CST | [antmaze-large-play-v2] NormReturn        0.9
2026-04-25 03:19:15.219557 CST | [antmaze-large-play-v2] L_Act            29.5637
2026-04-25 03:19:15.219582 CST | [antmaze-large-play-v2] L_Crit            0.75574
2026-04-25 03:19:15.219606 CST | [antmaze-large-play-v2] Weight            0.664955
2026-04-25 03:19:15.219630 CST | [antmaze-large-play-v2] kl                1
2026-04-25 03:19:15.219654 CST | [antmaze-large-play-v2] ---------------  ---------
2026-04-25 03:21:32.093994 CST | [antmaze-large-play-v2] ---------------  ---------
2026-04-25 03:21:32.094098 CST | [antmaze-large-play-v2] Training Epochs  89
2026-04-25 03:21:32.094126 CST | [antmaze-large-play-v2] AverageReturn     0.8
2026-04-25 03:21:32.094152 CST | [antmaze-large-play-v2] NormReturn        0.8
2026-04-25 03:21:32.094177 CST | [antmaze-large-play-v2] L_Act            29.5023
2026-04-25 03:21:32.094201 CST | [antmaze-large-play-v2] L_Crit            0.750202
2026-04-25 03:21:32.094225 CST | [antmaze-large-play-v2] Weight            0.666256
2026-04-25 03:21:32.094248 CST | [antmaze-large-play-v2] kl                1
2026-04-25 03:21:32.094276 CST | [antmaze-large-play-v2] ---------------  ---------
2026-04-25 03:23:47.775161 CST | [antmaze-large-play-v2] ---------------  ---------
2026-04-25 03:23:47.775259 CST | [antmaze-large-play-v2] Training Epochs  90
2026-04-25 03:23:47.775287 CST | [antmaze-large-play-v2] AverageReturn     0.9
2026-04-25 03:23:47.775311 CST | [antmaze-large-play-v2] NormReturn        0.9
2026-04-25 03:23:47.775335 CST | [antmaze-large-play-v2] L_Act            29.4913
2026-04-25 03:23:47.775358 CST | [antmaze-large-play-v2] L_Crit            0.754187
2026-04-25 03:23:47.775382 CST | [antmaze-large-play-v2] Weight            0.666153
2026-04-25 03:23:47.775405 CST | [antmaze-large-play-v2] kl                1
2026-04-25 03:23:47.775429 CST | [antmaze-large-play-v2] ---------------  ---------
2026-04-25 03:26:04.744026 CST | [antmaze-large-play-v2] ---------------  ---------
2026-04-25 03:26:04.744101 CST | [antmaze-large-play-v2] Training Epochs  91
2026-04-25 03:26:04.744129 CST | [antmaze-large-play-v2] AverageReturn     0.8
2026-04-25 03:26:04.744153 CST | [antmaze-large-play-v2] NormReturn        0.8
2026-04-25 03:26:04.744176 CST | [antmaze-large-play-v2] L_Act            29.3844
2026-04-25 03:26:04.744200 CST | [antmaze-large-play-v2] L_Crit            0.752368
2026-04-25 03:26:04.744223 CST | [antmaze-large-play-v2] Weight            0.666844
2026-04-25 03:26:04.744246 CST | [antmaze-large-play-v2] kl                1
2026-04-25 03:26:04.744270 CST | [antmaze-large-play-v2] ---------------  ---------
2026-04-25 03:28:19.752998 CST | [antmaze-large-play-v2] ---------------  ---------
2026-04-25 03:28:19.753091 CST | [antmaze-large-play-v2] Training Epochs  92
2026-04-25 03:28:19.753119 CST | [antmaze-large-play-v2] AverageReturn     0.9
2026-04-25 03:28:19.753143 CST | [antmaze-large-play-v2] NormReturn        0.9
2026-04-25 03:28:19.753167 CST | [antmaze-large-play-v2] L_Act            29.3937
2026-04-25 03:28:19.753190 CST | [antmaze-large-play-v2] L_Crit            0.75228
2026-04-25 03:28:19.753214 CST | [antmaze-large-play-v2] Weight            0.667941
2026-04-25 03:28:19.753238 CST | [antmaze-large-play-v2] kl                1
2026-04-25 03:28:19.753261 CST | [antmaze-large-play-v2] ---------------  ---------
2026-04-25 03:30:37.290931 CST | [antmaze-large-play-v2] ---------------  ---------
2026-04-25 03:30:37.291032 CST | [antmaze-large-play-v2] Training Epochs  93
2026-04-25 03:30:37.291061 CST | [antmaze-large-play-v2] AverageReturn     0.8
2026-04-25 03:30:37.291086 CST | [antmaze-large-play-v2] NormReturn        0.8
2026-04-25 03:30:37.291111 CST | [antmaze-large-play-v2] L_Act            29.3631
2026-04-25 03:30:37.291135 CST | [antmaze-large-play-v2] L_Crit            0.758922
2026-04-25 03:30:37.291158 CST | [antmaze-large-play-v2] Weight            0.667042
2026-04-25 03:30:37.291182 CST | [antmaze-large-play-v2] kl                1
2026-04-25 03:30:37.291205 CST | [antmaze-large-play-v2] ---------------  ---------
2026-04-25 03:32:54.163342 CST | [antmaze-large-play-v2] ---------------  ---------
2026-04-25 03:32:54.163437 CST | [antmaze-large-play-v2] Training Epochs  94
2026-04-25 03:32:54.163466 CST | [antmaze-large-play-v2] AverageReturn     0.9
2026-04-25 03:32:54.163491 CST | [antmaze-large-play-v2] NormReturn        0.9
2026-04-25 03:32:54.163516 CST | [antmaze-large-play-v2] L_Act            29.3692
2026-04-25 03:32:54.163539 CST | [antmaze-large-play-v2] L_Crit            0.761725
2026-04-25 03:32:54.163563 CST | [antmaze-large-play-v2] Weight            0.667863
2026-04-25 03:32:54.163586 CST | [antmaze-large-play-v2] kl                1
2026-04-25 03:32:54.163609 CST | [antmaze-large-play-v2] ---------------  ---------
2026-04-25 03:35:10.537728 CST | [antmaze-large-play-v2] ---------------  ---------
2026-04-25 03:35:10.537823 CST | [antmaze-large-play-v2] Training Epochs  95
2026-04-25 03:35:10.537852 CST | [antmaze-large-play-v2] AverageReturn     0.8
2026-04-25 03:35:10.537878 CST | [antmaze-large-play-v2] NormReturn        0.8
2026-04-25 03:35:10.537903 CST | [antmaze-large-play-v2] L_Act            29.2833
2026-04-25 03:35:10.537931 CST | [antmaze-large-play-v2] L_Crit            0.751419
2026-04-25 03:35:10.537954 CST | [antmaze-large-play-v2] Weight            0.669352
2026-04-25 03:35:10.537978 CST | [antmaze-large-play-v2] kl                1
2026-04-25 03:35:10.538001 CST | [antmaze-large-play-v2] ---------------  ---------
2026-04-25 03:37:27.407403 CST | [antmaze-large-play-v2] ---------------  ---------
2026-04-25 03:37:27.407500 CST | [antmaze-large-play-v2] Training Epochs  96
2026-04-25 03:37:27.407529 CST | [antmaze-large-play-v2] AverageReturn     0.8
2026-04-25 03:37:27.407554 CST | [antmaze-large-play-v2] NormReturn        0.8
2026-04-25 03:37:27.407577 CST | [antmaze-large-play-v2] L_Act            29.1985
2026-04-25 03:37:27.407601 CST | [antmaze-large-play-v2] L_Crit            0.761697
2026-04-25 03:37:27.407624 CST | [antmaze-large-play-v2] Weight            0.66947
2026-04-25 03:37:27.407648 CST | [antmaze-large-play-v2] kl                1
2026-04-25 03:37:27.407671 CST | [antmaze-large-play-v2] ---------------  ---------
2026-04-25 03:39:44.000393 CST | [antmaze-large-play-v2] ---------------  ---------
2026-04-25 03:39:44.000488 CST | [antmaze-large-play-v2] Training Epochs  97
2026-04-25 03:39:44.000518 CST | [antmaze-large-play-v2] AverageReturn     0.9
2026-04-25 03:39:44.000543 CST | [antmaze-large-play-v2] NormReturn        0.9
2026-04-25 03:39:44.000567 CST | [antmaze-large-play-v2] L_Act            29.1765
2026-04-25 03:39:44.000591 CST | [antmaze-large-play-v2] L_Crit            0.750861
2026-04-25 03:39:44.000615 CST | [antmaze-large-play-v2] Weight            0.669738
2026-04-25 03:39:44.000639 CST | [antmaze-large-play-v2] kl                1
2026-04-25 03:39:44.000662 CST | [antmaze-large-play-v2] ---------------  ---------
2026-04-25 03:42:02.917242 CST | [antmaze-large-play-v2] ---------------  ---------
2026-04-25 03:42:02.917339 CST | [antmaze-large-play-v2] Training Epochs  98
2026-04-25 03:42:02.917369 CST | [antmaze-large-play-v2] AverageReturn     0.8
2026-04-25 03:42:02.917396 CST | [antmaze-large-play-v2] NormReturn        0.8
2026-04-25 03:42:02.917421 CST | [antmaze-large-play-v2] L_Act            29.1207
2026-04-25 03:42:02.917445 CST | [antmaze-large-play-v2] L_Crit            0.755155
2026-04-25 03:42:02.917468 CST | [antmaze-large-play-v2] Weight            0.670072
2026-04-25 03:42:02.917493 CST | [antmaze-large-play-v2] kl                1
2026-04-25 03:42:02.917516 CST | [antmaze-large-play-v2] ---------------  ---------
2026-04-25 03:44:21.113468 CST | [antmaze-large-play-v2] ---------------  ---------
2026-04-25 03:44:21.113546 CST | [antmaze-large-play-v2] Training Epochs  99
2026-04-25 03:44:21.113575 CST | [antmaze-large-play-v2] AverageReturn     1
2026-04-25 03:44:21.113599 CST | [antmaze-large-play-v2] NormReturn        1
2026-04-25 03:44:21.113622 CST | [antmaze-large-play-v2] L_Act            29.1357
2026-04-25 03:44:21.113645 CST | [antmaze-large-play-v2] L_Crit            0.745884
2026-04-25 03:44:21.113668 CST | [antmaze-large-play-v2] Weight            0.66951
2026-04-25 03:44:21.113691 CST | [antmaze-large-play-v2] kl                1
2026-04-25 03:44:21.113724 CST | [antmaze-large-play-v2] ---------------  ---------
2026-04-25 03:46:38.553151 CST | [antmaze-large-play-v2] ---------------  ----------
2026-04-25 03:46:38.553244 CST | [antmaze-large-play-v2] Training Epochs  100
2026-04-25 03:46:38.553274 CST | [antmaze-large-play-v2] AverageReturn      0.9
2026-04-25 03:46:38.553299 CST | [antmaze-large-play-v2] NormReturn         0.9
2026-04-25 03:46:38.553323 CST | [antmaze-large-play-v2] L_Act             29.1444
2026-04-25 03:46:38.553347 CST | [antmaze-large-play-v2] L_Crit             0.74673
2026-04-25 03:46:38.553371 CST | [antmaze-large-play-v2] Weight             0.669644
2026-04-25 03:46:38.553394 CST | [antmaze-large-play-v2] kl                 1
2026-04-25 03:46:38.553418 CST | [antmaze-large-play-v2] ---------------  ----------
2026-04-25 03:48:55.640531 CST | [antmaze-large-play-v2] ---------------  ----------
2026-04-25 03:48:55.640631 CST | [antmaze-large-play-v2] Training Epochs  101
2026-04-25 03:48:55.640658 CST | [antmaze-large-play-v2] AverageReturn      0.9
2026-04-25 03:48:55.640682 CST | [antmaze-large-play-v2] NormReturn         0.9
2026-04-25 03:48:55.640706 CST | [antmaze-large-play-v2] L_Act             29.0973
2026-04-25 03:48:55.640730 CST | [antmaze-large-play-v2] L_Crit             0.744628
2026-04-25 03:48:55.640757 CST | [antmaze-large-play-v2] Weight             0.671183
2026-04-25 03:48:55.640780 CST | [antmaze-large-play-v2] kl                 1
2026-04-25 03:48:55.640803 CST | [antmaze-large-play-v2] ---------------  ----------
2026-04-25 03:51:11.840247 CST | [antmaze-large-play-v2] ---------------  ----------
2026-04-25 03:51:11.840341 CST | [antmaze-large-play-v2] Training Epochs  102
2026-04-25 03:51:11.840370 CST | [antmaze-large-play-v2] AverageReturn      0.7
2026-04-25 03:51:11.840395 CST | [antmaze-large-play-v2] NormReturn         0.7
2026-04-25 03:51:11.840418 CST | [antmaze-large-play-v2] L_Act             28.994
2026-04-25 03:51:11.840442 CST | [antmaze-large-play-v2] L_Crit             0.739206
2026-04-25 03:51:11.840465 CST | [antmaze-large-play-v2] Weight             0.671946
2026-04-25 03:51:11.840488 CST | [antmaze-large-play-v2] kl                 1
2026-04-25 03:51:11.840512 CST | [antmaze-large-play-v2] ---------------  ----------
2026-04-25 03:53:28.778133 CST | [antmaze-large-play-v2] ---------------  ----------
2026-04-25 03:53:28.778230 CST | [antmaze-large-play-v2] Training Epochs  103
2026-04-25 03:53:28.778258 CST | [antmaze-large-play-v2] AverageReturn      0.8
2026-04-25 03:53:28.778283 CST | [antmaze-large-play-v2] NormReturn         0.8
2026-04-25 03:53:28.778307 CST | [antmaze-large-play-v2] L_Act             28.9648
2026-04-25 03:53:28.778330 CST | [antmaze-large-play-v2] L_Crit             0.747301
2026-04-25 03:53:28.778353 CST | [antmaze-large-play-v2] Weight             0.672287
2026-04-25 03:53:28.778377 CST | [antmaze-large-play-v2] kl                 1
2026-04-25 03:53:28.778400 CST | [antmaze-large-play-v2] ---------------  ----------
2026-04-25 03:55:45.375271 CST | [antmaze-large-play-v2] ---------------  ----------
2026-04-25 03:55:45.375365 CST | [antmaze-large-play-v2] Training Epochs  104
2026-04-25 03:55:45.375394 CST | [antmaze-large-play-v2] AverageReturn      0.9
2026-04-25 03:55:45.375419 CST | [antmaze-large-play-v2] NormReturn         0.9
2026-04-25 03:55:45.375442 CST | [antmaze-large-play-v2] L_Act             28.98
2026-04-25 03:55:45.375465 CST | [antmaze-large-play-v2] L_Crit             0.742572
2026-04-25 03:55:45.375489 CST | [antmaze-large-play-v2] Weight             0.672363
2026-04-25 03:55:45.375512 CST | [antmaze-large-play-v2] kl                 1
2026-04-25 03:55:45.375535 CST | [antmaze-large-play-v2] ---------------  ----------
2026-04-25 03:58:02.290206 CST | [antmaze-large-play-v2] ---------------  ----------
2026-04-25 03:58:02.290301 CST | [antmaze-large-play-v2] Training Epochs  105
2026-04-25 03:58:02.290330 CST | [antmaze-large-play-v2] AverageReturn      0.8
2026-04-25 03:58:02.290354 CST | [antmaze-large-play-v2] NormReturn         0.8
2026-04-25 03:58:02.290378 CST | [antmaze-large-play-v2] L_Act             28.9258
2026-04-25 03:58:02.290402 CST | [antmaze-large-play-v2] L_Crit             0.739279
2026-04-25 03:58:02.290425 CST | [antmaze-large-play-v2] Weight             0.672613
2026-04-25 03:58:02.290448 CST | [antmaze-large-play-v2] kl                 1
2026-04-25 03:58:02.290471 CST | [antmaze-large-play-v2] ---------------  ----------
2026-04-25 04:00:18.737236 CST | [antmaze-large-play-v2] ---------------  ----------
2026-04-25 04:00:18.737316 CST | [antmaze-large-play-v2] Training Epochs  106
2026-04-25 04:00:18.737345 CST | [antmaze-large-play-v2] AverageReturn      0.8
2026-04-25 04:00:18.737371 CST | [antmaze-large-play-v2] NormReturn         0.8
2026-04-25 04:00:18.737396 CST | [antmaze-large-play-v2] L_Act             28.9165
2026-04-25 04:00:18.737420 CST | [antmaze-large-play-v2] L_Crit             0.742329
2026-04-25 04:00:18.737447 CST | [antmaze-large-play-v2] Weight             0.673722
2026-04-25 04:00:18.737471 CST | [antmaze-large-play-v2] kl                 1
2026-04-25 04:00:18.737495 CST | [antmaze-large-play-v2] ---------------  ----------
2026-04-25 04:02:36.510018 CST | [antmaze-large-play-v2] ---------------  ----------
2026-04-25 04:02:36.510125 CST | [antmaze-large-play-v2] Training Epochs  107
2026-04-25 04:02:36.510155 CST | [antmaze-large-play-v2] AverageReturn      0.8
2026-04-25 04:02:36.510180 CST | [antmaze-large-play-v2] NormReturn         0.8
2026-04-25 04:02:36.510204 CST | [antmaze-large-play-v2] L_Act             28.8099
2026-04-25 04:02:36.510228 CST | [antmaze-large-play-v2] L_Crit             0.746972
2026-04-25 04:02:36.510252 CST | [antmaze-large-play-v2] Weight             0.673923
2026-04-25 04:02:36.510276 CST | [antmaze-large-play-v2] kl                 1
2026-04-25 04:02:36.510300 CST | [antmaze-large-play-v2] ---------------  ----------
2026-04-25 04:04:53.024056 CST | [antmaze-large-play-v2] ---------------  ----------
2026-04-25 04:04:53.024150 CST | [antmaze-large-play-v2] Training Epochs  108
2026-04-25 04:04:53.024180 CST | [antmaze-large-play-v2] AverageReturn      0.9
2026-04-25 04:04:53.024205 CST | [antmaze-large-play-v2] NormReturn         0.9
2026-04-25 04:04:53.024229 CST | [antmaze-large-play-v2] L_Act             28.8395
2026-04-25 04:04:53.024254 CST | [antmaze-large-play-v2] L_Crit             0.746675
2026-04-25 04:04:53.024277 CST | [antmaze-large-play-v2] Weight             0.673239
2026-04-25 04:04:53.024301 CST | [antmaze-large-play-v2] kl                 1
2026-04-25 04:04:53.024325 CST | [antmaze-large-play-v2] ---------------  ----------
2026-04-25 04:07:09.339388 CST | [antmaze-large-play-v2] ---------------  ----------
2026-04-25 04:07:09.339489 CST | [antmaze-large-play-v2] Training Epochs  109
2026-04-25 04:07:09.339520 CST | [antmaze-large-play-v2] AverageReturn      0.9
2026-04-25 04:07:09.339545 CST | [antmaze-large-play-v2] NormReturn         0.9
2026-04-25 04:07:09.339568 CST | [antmaze-large-play-v2] L_Act             28.7962
2026-04-25 04:07:09.339592 CST | [antmaze-large-play-v2] L_Crit             0.73948
2026-04-25 04:07:09.339615 CST | [antmaze-large-play-v2] Weight             0.673054
2026-04-25 04:07:09.339638 CST | [antmaze-large-play-v2] kl                 1
2026-04-25 04:07:09.339662 CST | [antmaze-large-play-v2] ---------------  ----------
2026-04-25 04:09:25.994283 CST | [antmaze-large-play-v2] ---------------  ----------
2026-04-25 04:09:25.994383 CST | [antmaze-large-play-v2] Training Epochs  110
2026-04-25 04:09:25.994413 CST | [antmaze-large-play-v2] AverageReturn      0.9
2026-04-25 04:09:25.994437 CST | [antmaze-large-play-v2] NormReturn         0.9
2026-04-25 04:09:25.994461 CST | [antmaze-large-play-v2] L_Act             28.7758
2026-04-25 04:09:25.994485 CST | [antmaze-large-play-v2] L_Crit             0.742144
2026-04-25 04:09:25.994508 CST | [antmaze-large-play-v2] Weight             0.674484
2026-04-25 04:09:25.994532 CST | [antmaze-large-play-v2] kl                 1
2026-04-25 04:09:25.994555 CST | [antmaze-large-play-v2] ---------------  ----------
2026-04-25 04:11:43.441375 CST | [antmaze-large-play-v2] ---------------  ----------
2026-04-25 04:11:43.441477 CST | [antmaze-large-play-v2] Training Epochs  111
2026-04-25 04:11:43.441506 CST | [antmaze-large-play-v2] AverageReturn      0.8
2026-04-25 04:11:43.441532 CST | [antmaze-large-play-v2] NormReturn         0.8
2026-04-25 04:11:43.441556 CST | [antmaze-large-play-v2] L_Act             28.7729
2026-04-25 04:11:43.441579 CST | [antmaze-large-play-v2] L_Crit             0.740458
2026-04-25 04:11:43.441603 CST | [antmaze-large-play-v2] Weight             0.673588
2026-04-25 04:11:43.441626 CST | [antmaze-large-play-v2] kl                 1
2026-04-25 04:11:43.441649 CST | [antmaze-large-play-v2] ---------------  ----------
2026-04-25 04:14:00.985980 CST | [antmaze-large-play-v2] ---------------  ----------
2026-04-25 04:14:00.986075 CST | [antmaze-large-play-v2] Training Epochs  112
2026-04-25 04:14:00.986107 CST | [antmaze-large-play-v2] AverageReturn      0.8
2026-04-25 04:14:00.986132 CST | [antmaze-large-play-v2] NormReturn         0.8
2026-04-25 04:14:00.986156 CST | [antmaze-large-play-v2] L_Act             28.7775
2026-04-25 04:14:00.986180 CST | [antmaze-large-play-v2] L_Crit             0.735498
2026-04-25 04:14:00.986203 CST | [antmaze-large-play-v2] Weight             0.674324
2026-04-25 04:14:00.986227 CST | [antmaze-large-play-v2] kl                 1
2026-04-25 04:14:00.986250 CST | [antmaze-large-play-v2] ---------------  ----------
2026-04-25 04:16:17.958483 CST | [antmaze-large-play-v2] ---------------  ----------
2026-04-25 04:16:17.958563 CST | [antmaze-large-play-v2] Training Epochs  113
2026-04-25 04:16:17.958593 CST | [antmaze-large-play-v2] AverageReturn      0.9
2026-04-25 04:16:17.958620 CST | [antmaze-large-play-v2] NormReturn         0.9
2026-04-25 04:16:17.958646 CST | [antmaze-large-play-v2] L_Act             28.77
2026-04-25 04:16:17.958672 CST | [antmaze-large-play-v2] L_Crit             0.743378
2026-04-25 04:16:17.958697 CST | [antmaze-large-play-v2] Weight             0.674038
2026-04-25 04:16:17.958720 CST | [antmaze-large-play-v2] kl                 1
2026-04-25 04:16:17.958744 CST | [antmaze-large-play-v2] ---------------  ----------
2026-04-25 04:18:34.946761 CST | [antmaze-large-play-v2] ---------------  ----------
2026-04-25 04:18:34.946855 CST | [antmaze-large-play-v2] Training Epochs  114
2026-04-25 04:18:34.946885 CST | [antmaze-large-play-v2] AverageReturn      0.9
2026-04-25 04:18:34.946912 CST | [antmaze-large-play-v2] NormReturn         0.9
2026-04-25 04:18:34.946937 CST | [antmaze-large-play-v2] L_Act             28.7447
2026-04-25 04:18:34.946962 CST | [antmaze-large-play-v2] L_Crit             0.736099
2026-04-25 04:18:34.946986 CST | [antmaze-large-play-v2] Weight             0.674492
2026-04-25 04:18:34.947009 CST | [antmaze-large-play-v2] kl                 1
2026-04-25 04:18:34.947033 CST | [antmaze-large-play-v2] ---------------  ----------
2026-04-25 04:20:51.672187 CST | [antmaze-large-play-v2] ---------------  ----------
2026-04-25 04:20:51.672287 CST | [antmaze-large-play-v2] Training Epochs  115
2026-04-25 04:20:51.672315 CST | [antmaze-large-play-v2] AverageReturn      1
2026-04-25 04:20:51.672340 CST | [antmaze-large-play-v2] NormReturn         1
2026-04-25 04:20:51.672364 CST | [antmaze-large-play-v2] L_Act             28.7347
2026-04-25 04:20:51.672387 CST | [antmaze-large-play-v2] L_Crit             0.741265
2026-04-25 04:20:51.672410 CST | [antmaze-large-play-v2] Weight             0.674839
2026-04-25 04:20:51.672433 CST | [antmaze-large-play-v2] kl                 1
2026-04-25 04:20:51.672456 CST | [antmaze-large-play-v2] ---------------  ----------
2026-04-25 04:23:09.593153 CST | [antmaze-large-play-v2] ---------------  ----------
2026-04-25 04:23:09.593251 CST | [antmaze-large-play-v2] Training Epochs  116
2026-04-25 04:23:09.593279 CST | [antmaze-large-play-v2] AverageReturn      0.7
2026-04-25 04:23:09.593303 CST | [antmaze-large-play-v2] NormReturn         0.7
2026-04-25 04:23:09.593326 CST | [antmaze-large-play-v2] L_Act             28.7193
2026-04-25 04:23:09.593349 CST | [antmaze-large-play-v2] L_Crit             0.737401
2026-04-25 04:23:09.593372 CST | [antmaze-large-play-v2] Weight             0.675591
2026-04-25 04:23:09.593395 CST | [antmaze-large-play-v2] kl                 1
2026-04-25 04:23:09.593418 CST | [antmaze-large-play-v2] ---------------  ----------
2026-04-25 04:25:26.475465 CST | [antmaze-large-play-v2] ---------------  ----------
2026-04-25 04:25:26.475564 CST | [antmaze-large-play-v2] Training Epochs  117
2026-04-25 04:25:26.475593 CST | [antmaze-large-play-v2] AverageReturn      0.9
2026-04-25 04:25:26.475618 CST | [antmaze-large-play-v2] NormReturn         0.9
2026-04-25 04:25:26.475643 CST | [antmaze-large-play-v2] L_Act             28.696
2026-04-25 04:25:26.475667 CST | [antmaze-large-play-v2] L_Crit             0.737461
2026-04-25 04:25:26.475691 CST | [antmaze-large-play-v2] Weight             0.675369
2026-04-25 04:25:26.475718 CST | [antmaze-large-play-v2] kl                 1
2026-04-25 04:25:26.475742 CST | [antmaze-large-play-v2] ---------------  ----------
2026-04-25 04:27:45.386609 CST | [antmaze-large-play-v2] ---------------  ----------
2026-04-25 04:27:45.386708 CST | [antmaze-large-play-v2] Training Epochs  118
2026-04-25 04:27:45.386736 CST | [antmaze-large-play-v2] AverageReturn      0.8
2026-04-25 04:27:45.386760 CST | [antmaze-large-play-v2] NormReturn         0.8
2026-04-25 04:27:45.386783 CST | [antmaze-large-play-v2] L_Act             28.6927
2026-04-25 04:27:45.386807 CST | [antmaze-large-play-v2] L_Crit             0.737128
2026-04-25 04:27:45.386830 CST | [antmaze-large-play-v2] Weight             0.67532
2026-04-25 04:27:45.386853 CST | [antmaze-large-play-v2] kl                 1
2026-04-25 04:27:45.386876 CST | [antmaze-large-play-v2] ---------------  ----------
2026-04-25 04:30:01.364729 CST | [antmaze-large-play-v2] ---------------  ----------
2026-04-25 04:30:01.364832 CST | [antmaze-large-play-v2] Training Epochs  119
2026-04-25 04:30:01.364860 CST | [antmaze-large-play-v2] AverageReturn      0.9
2026-04-25 04:30:01.364885 CST | [antmaze-large-play-v2] NormReturn         0.9
2026-04-25 04:30:01.364910 CST | [antmaze-large-play-v2] L_Act             28.641
2026-04-25 04:30:01.364934 CST | [antmaze-large-play-v2] L_Crit             0.744444
2026-04-25 04:30:01.364957 CST | [antmaze-large-play-v2] Weight             0.676573
2026-04-25 04:30:01.364980 CST | [antmaze-large-play-v2] kl                 1
2026-04-25 04:30:01.365002 CST | [antmaze-large-play-v2] ---------------  ----------
2026-04-25 04:32:19.084141 CST | [antmaze-large-play-v2] ---------------  ----------
2026-04-25 04:32:19.084239 CST | [antmaze-large-play-v2] Training Epochs  120
2026-04-25 04:32:19.084269 CST | [antmaze-large-play-v2] AverageReturn      0.9
2026-04-25 04:32:19.084293 CST | [antmaze-large-play-v2] NormReturn         0.9
2026-04-25 04:32:19.084317 CST | [antmaze-large-play-v2] L_Act             28.6238
2026-04-25 04:32:19.084339 CST | [antmaze-large-play-v2] L_Crit             0.734961
2026-04-25 04:32:19.084362 CST | [antmaze-large-play-v2] Weight             0.676245
2026-04-25 04:32:19.084385 CST | [antmaze-large-play-v2] kl                 1
2026-04-25 04:32:19.084408 CST | [antmaze-large-play-v2] ---------------  ----------
2026-04-25 04:34:39.307398 CST | [antmaze-large-play-v2] ---------------  ----------
2026-04-25 04:34:39.307473 CST | [antmaze-large-play-v2] Training Epochs  121
2026-04-25 04:34:39.307502 CST | [antmaze-large-play-v2] AverageReturn      0.6
2026-04-25 04:34:39.307528 CST | [antmaze-large-play-v2] NormReturn         0.6
2026-04-25 04:34:39.307553 CST | [antmaze-large-play-v2] L_Act             28.6265
2026-04-25 04:34:39.307577 CST | [antmaze-large-play-v2] L_Crit             0.741589
2026-04-25 04:34:39.307601 CST | [antmaze-large-play-v2] Weight             0.675223
2026-04-25 04:34:39.307625 CST | [antmaze-large-play-v2] kl                 1
2026-04-25 04:34:39.307649 CST | [antmaze-large-play-v2] ---------------  ----------
2026-04-25 04:37:00.272468 CST | [antmaze-large-play-v2] ---------------  ----------
2026-04-25 04:37:00.272569 CST | [antmaze-large-play-v2] Training Epochs  122
2026-04-25 04:37:00.272598 CST | [antmaze-large-play-v2] AverageReturn      0.5
2026-04-25 04:37:00.272625 CST | [antmaze-large-play-v2] NormReturn         0.5
2026-04-25 04:37:00.272649 CST | [antmaze-large-play-v2] L_Act             28.6491
2026-04-25 04:37:00.272673 CST | [antmaze-large-play-v2] L_Crit             0.734816
2026-04-25 04:37:00.272696 CST | [antmaze-large-play-v2] Weight             0.67663
2026-04-25 04:37:00.272720 CST | [antmaze-large-play-v2] kl                 1
2026-04-25 04:37:00.272743 CST | [antmaze-large-play-v2] ---------------  ----------
2026-04-25 04:39:18.489133 CST | [antmaze-large-play-v2] ---------------  ----------
2026-04-25 04:39:18.489228 CST | [antmaze-large-play-v2] Training Epochs  123
2026-04-25 04:39:18.489258 CST | [antmaze-large-play-v2] AverageReturn      0.7
2026-04-25 04:39:18.489286 CST | [antmaze-large-play-v2] NormReturn         0.7
2026-04-25 04:39:18.489310 CST | [antmaze-large-play-v2] L_Act             28.5834
2026-04-25 04:39:18.489333 CST | [antmaze-large-play-v2] L_Crit             0.737918
2026-04-25 04:39:18.489357 CST | [antmaze-large-play-v2] Weight             0.677571
2026-04-25 04:39:18.489381 CST | [antmaze-large-play-v2] kl                 1
2026-04-25 04:39:18.489404 CST | [antmaze-large-play-v2] ---------------  ----------
2026-04-25 04:41:37.535474 CST | [antmaze-large-play-v2] ---------------  ----------
2026-04-25 04:41:37.535573 CST | [antmaze-large-play-v2] Training Epochs  124
2026-04-25 04:41:37.535602 CST | [antmaze-large-play-v2] AverageReturn      0.8
2026-04-25 04:41:37.535626 CST | [antmaze-large-play-v2] NormReturn         0.8
2026-04-25 04:41:37.535650 CST | [antmaze-large-play-v2] L_Act             28.5756
2026-04-25 04:41:37.535673 CST | [antmaze-large-play-v2] L_Crit             0.72745
2026-04-25 04:41:37.535696 CST | [antmaze-large-play-v2] Weight             0.677036
2026-04-25 04:41:37.535719 CST | [antmaze-large-play-v2] kl                 1
2026-04-25 04:41:37.535742 CST | [antmaze-large-play-v2] ---------------  ----------
2026-04-25 04:43:55.123775 CST | [antmaze-large-play-v2] ---------------  ----------
2026-04-25 04:43:55.123878 CST | [antmaze-large-play-v2] Training Epochs  125
2026-04-25 04:43:55.123907 CST | [antmaze-large-play-v2] AverageReturn      0.9
2026-04-25 04:43:55.123934 CST | [antmaze-large-play-v2] NormReturn         0.9
2026-04-25 04:43:55.123960 CST | [antmaze-large-play-v2] L_Act             28.5775
2026-04-25 04:43:55.123985 CST | [antmaze-large-play-v2] L_Crit             0.729524
2026-04-25 04:43:55.124010 CST | [antmaze-large-play-v2] Weight             0.676756
2026-04-25 04:43:55.124036 CST | [antmaze-large-play-v2] kl                 1
2026-04-25 04:43:55.124059 CST | [antmaze-large-play-v2] ---------------  ----------
2026-04-25 04:46:10.976226 CST | [antmaze-large-play-v2] ---------------  ----------
2026-04-25 04:46:10.976330 CST | [antmaze-large-play-v2] Training Epochs  126
2026-04-25 04:46:10.976358 CST | [antmaze-large-play-v2] AverageReturn      1
2026-04-25 04:46:10.976384 CST | [antmaze-large-play-v2] NormReturn         1
2026-04-25 04:46:10.976408 CST | [antmaze-large-play-v2] L_Act             28.551
2026-04-25 04:46:10.976432 CST | [antmaze-large-play-v2] L_Crit             0.731001
2026-04-25 04:46:10.976455 CST | [antmaze-large-play-v2] Weight             0.678552
2026-04-25 04:46:10.976479 CST | [antmaze-large-play-v2] kl                 1
2026-04-25 04:46:10.976502 CST | [antmaze-large-play-v2] ---------------  ----------
2026-04-25 04:48:28.478363 CST | [antmaze-large-play-v2] ---------------  ----------
2026-04-25 04:48:28.478464 CST | [antmaze-large-play-v2] Training Epochs  127
2026-04-25 04:48:28.478493 CST | [antmaze-large-play-v2] AverageReturn      1
2026-04-25 04:48:28.478517 CST | [antmaze-large-play-v2] NormReturn         1
2026-04-25 04:48:28.478542 CST | [antmaze-large-play-v2] L_Act             28.5291
2026-04-25 04:48:28.478565 CST | [antmaze-large-play-v2] L_Crit             0.729106
2026-04-25 04:48:28.478590 CST | [antmaze-large-play-v2] Weight             0.678684
2026-04-25 04:48:28.478613 CST | [antmaze-large-play-v2] kl                 1
2026-04-25 04:48:28.478637 CST | [antmaze-large-play-v2] ---------------  ----------
2026-04-25 04:50:47.746844 CST | [antmaze-large-play-v2] ---------------  ----------
2026-04-25 04:50:47.746925 CST | [antmaze-large-play-v2] Training Epochs  128
2026-04-25 04:50:47.746954 CST | [antmaze-large-play-v2] AverageReturn      0.8
2026-04-25 04:50:47.746979 CST | [antmaze-large-play-v2] NormReturn         0.8
2026-04-25 04:50:47.747003 CST | [antmaze-large-play-v2] L_Act             28.517
2026-04-25 04:50:47.747027 CST | [antmaze-large-play-v2] L_Crit             0.726958
2026-04-25 04:50:47.747050 CST | [antmaze-large-play-v2] Weight             0.678644
2026-04-25 04:50:47.747074 CST | [antmaze-large-play-v2] kl                 1
2026-04-25 04:50:47.747101 CST | [antmaze-large-play-v2] ---------------  ----------
2026-04-25 04:53:07.492914 CST | [antmaze-large-play-v2] ---------------  ----------
2026-04-25 04:53:07.493009 CST | [antmaze-large-play-v2] Training Epochs  129
2026-04-25 04:53:07.493038 CST | [antmaze-large-play-v2] AverageReturn      0.9
2026-04-25 04:53:07.493063 CST | [antmaze-large-play-v2] NormReturn         0.9
2026-04-25 04:53:07.493086 CST | [antmaze-large-play-v2] L_Act             28.4877
2026-04-25 04:53:07.493110 CST | [antmaze-large-play-v2] L_Crit             0.732951
2026-04-25 04:53:07.493134 CST | [antmaze-large-play-v2] Weight             0.678758
2026-04-25 04:53:07.493157 CST | [antmaze-large-play-v2] kl                 1
2026-04-25 04:53:07.493180 CST | [antmaze-large-play-v2] ---------------  ----------
2026-04-25 04:55:26.612095 CST | [antmaze-large-play-v2] ---------------  ----------
2026-04-25 04:55:26.612197 CST | [antmaze-large-play-v2] Training Epochs  130
2026-04-25 04:55:26.612225 CST | [antmaze-large-play-v2] AverageReturn      0.9
2026-04-25 04:55:26.612250 CST | [antmaze-large-play-v2] NormReturn         0.9
2026-04-25 04:55:26.612274 CST | [antmaze-large-play-v2] L_Act             28.4472
2026-04-25 04:55:26.612297 CST | [antmaze-large-play-v2] L_Crit             0.732931
2026-04-25 04:55:26.612320 CST | [antmaze-large-play-v2] Weight             0.678839
2026-04-25 04:55:26.612343 CST | [antmaze-large-play-v2] kl                 1
2026-04-25 04:55:26.612366 CST | [antmaze-large-play-v2] ---------------  ----------
2026-04-25 04:57:46.466327 CST | [antmaze-large-play-v2] ---------------  ----------
2026-04-25 04:57:46.466425 CST | [antmaze-large-play-v2] Training Epochs  131
2026-04-25 04:57:46.466454 CST | [antmaze-large-play-v2] AverageReturn      0.7
2026-04-25 04:57:46.466479 CST | [antmaze-large-play-v2] NormReturn         0.7
2026-04-25 04:57:46.466505 CST | [antmaze-large-play-v2] L_Act             28.4547
2026-04-25 04:57:46.466528 CST | [antmaze-large-play-v2] L_Crit             0.732036
2026-04-25 04:57:46.466551 CST | [antmaze-large-play-v2] Weight             0.67953
2026-04-25 04:57:46.466575 CST | [antmaze-large-play-v2] kl                 1
2026-04-25 04:57:46.466598 CST | [antmaze-large-play-v2] ---------------  ----------
2026-04-25 05:00:04.645063 CST | [antmaze-large-play-v2] ---------------  ----------
2026-04-25 05:00:04.645161 CST | [antmaze-large-play-v2] Training Epochs  132
2026-04-25 05:00:04.645191 CST | [antmaze-large-play-v2] AverageReturn      0.9
2026-04-25 05:00:04.645216 CST | [antmaze-large-play-v2] NormReturn         0.9
2026-04-25 05:00:04.645240 CST | [antmaze-large-play-v2] L_Act             28.4388
2026-04-25 05:00:04.645263 CST | [antmaze-large-play-v2] L_Crit             0.730954
2026-04-25 05:00:04.645287 CST | [antmaze-large-play-v2] Weight             0.679411
2026-04-25 05:00:04.645311 CST | [antmaze-large-play-v2] kl                 1
2026-04-25 05:00:04.645334 CST | [antmaze-large-play-v2] ---------------  ----------
2026-04-25 05:02:23.284027 CST | [antmaze-large-play-v2] ---------------  ----------
2026-04-25 05:02:23.284129 CST | [antmaze-large-play-v2] Training Epochs  133
2026-04-25 05:02:23.284157 CST | [antmaze-large-play-v2] AverageReturn      0.9
2026-04-25 05:02:23.284182 CST | [antmaze-large-play-v2] NormReturn         0.9
2026-04-25 05:02:23.284205 CST | [antmaze-large-play-v2] L_Act             28.4267
2026-04-25 05:02:23.284227 CST | [antmaze-large-play-v2] L_Crit             0.734539
2026-04-25 05:02:23.284251 CST | [antmaze-large-play-v2] Weight             0.679477
2026-04-25 05:02:23.284275 CST | [antmaze-large-play-v2] kl                 1
2026-04-25 05:02:23.284297 CST | [antmaze-large-play-v2] ---------------  ----------
2026-04-25 05:04:43.328729 CST | [antmaze-large-play-v2] ---------------  ----------
2026-04-25 05:04:43.328842 CST | [antmaze-large-play-v2] Training Epochs  134
2026-04-25 05:04:43.328870 CST | [antmaze-large-play-v2] AverageReturn      0.6
2026-04-25 05:04:43.328894 CST | [antmaze-large-play-v2] NormReturn         0.6
2026-04-25 05:04:43.328922 CST | [antmaze-large-play-v2] L_Act             28.4282
2026-04-25 05:04:43.328945 CST | [antmaze-large-play-v2] L_Crit             0.735323
2026-04-25 05:04:43.328968 CST | [antmaze-large-play-v2] Weight             0.680116
2026-04-25 05:04:43.328991 CST | [antmaze-large-play-v2] kl                 1
2026-04-25 05:04:43.329014 CST | [antmaze-large-play-v2] ---------------  ----------
2026-04-25 05:07:01.466048 CST | [antmaze-large-play-v2] ---------------  ----------
2026-04-25 05:07:01.466123 CST | [antmaze-large-play-v2] Training Epochs  135
2026-04-25 05:07:01.466153 CST | [antmaze-large-play-v2] AverageReturn      0.8
2026-04-25 05:07:01.466179 CST | [antmaze-large-play-v2] NormReturn         0.8
2026-04-25 05:07:01.466204 CST | [antmaze-large-play-v2] L_Act             28.4431
2026-04-25 05:07:01.466228 CST | [antmaze-large-play-v2] L_Crit             0.737994
2026-04-25 05:07:01.466252 CST | [antmaze-large-play-v2] Weight             0.679783
2026-04-25 05:07:01.466275 CST | [antmaze-large-play-v2] kl                 1
2026-04-25 05:07:01.466299 CST | [antmaze-large-play-v2] ---------------  ----------
2026-04-25 05:09:22.242596 CST | [antmaze-large-play-v2] ---------------  ----------
2026-04-25 05:09:22.242689 CST | [antmaze-large-play-v2] Training Epochs  136
2026-04-25 05:09:22.242716 CST | [antmaze-large-play-v2] AverageReturn      0.7
2026-04-25 05:09:22.242740 CST | [antmaze-large-play-v2] NormReturn         0.7
2026-04-25 05:09:22.242764 CST | [antmaze-large-play-v2] L_Act             28.4079
2026-04-25 05:09:22.242786 CST | [antmaze-large-play-v2] L_Crit             0.736944
2026-04-25 05:09:22.242809 CST | [antmaze-large-play-v2] Weight             0.679837
2026-04-25 05:09:22.242832 CST | [antmaze-large-play-v2] kl                 1
2026-04-25 05:09:22.242855 CST | [antmaze-large-play-v2] ---------------  ----------
2026-04-25 05:11:38.714815 CST | [antmaze-large-play-v2] ---------------  ----------
2026-04-25 05:11:38.714908 CST | [antmaze-large-play-v2] Training Epochs  137
2026-04-25 05:11:38.714936 CST | [antmaze-large-play-v2] AverageReturn      1
2026-04-25 05:11:38.714960 CST | [antmaze-large-play-v2] NormReturn         1
2026-04-25 05:11:38.714983 CST | [antmaze-large-play-v2] L_Act             28.3757
2026-04-25 05:11:38.715006 CST | [antmaze-large-play-v2] L_Crit             0.736025
2026-04-25 05:11:38.715028 CST | [antmaze-large-play-v2] Weight             0.68022
2026-04-25 05:11:38.715051 CST | [antmaze-large-play-v2] kl                 1
2026-04-25 05:11:38.715074 CST | [antmaze-large-play-v2] ---------------  ----------
2026-04-25 05:13:58.085851 CST | [antmaze-large-play-v2] ---------------  ----------
2026-04-25 05:13:58.085944 CST | [antmaze-large-play-v2] Training Epochs  138
2026-04-25 05:13:58.085972 CST | [antmaze-large-play-v2] AverageReturn      0.9
2026-04-25 05:13:58.085997 CST | [antmaze-large-play-v2] NormReturn         0.9
2026-04-25 05:13:58.086020 CST | [antmaze-large-play-v2] L_Act             28.4427
2026-04-25 05:13:58.086043 CST | [antmaze-large-play-v2] L_Crit             0.731606
2026-04-25 05:13:58.086067 CST | [antmaze-large-play-v2] Weight             0.679674
2026-04-25 05:13:58.086090 CST | [antmaze-large-play-v2] kl                 1
2026-04-25 05:13:58.086113 CST | [antmaze-large-play-v2] ---------------  ----------
2026-04-25 05:16:16.390361 CST | [antmaze-large-play-v2] ---------------  ----------
2026-04-25 05:16:16.390464 CST | [antmaze-large-play-v2] Training Epochs  139
2026-04-25 05:16:16.390494 CST | [antmaze-large-play-v2] AverageReturn      0.8
2026-04-25 05:16:16.390521 CST | [antmaze-large-play-v2] NormReturn         0.8
2026-04-25 05:16:16.390547 CST | [antmaze-large-play-v2] L_Act             28.4293
2026-04-25 05:16:16.390571 CST | [antmaze-large-play-v2] L_Crit             0.724792
2026-04-25 05:16:16.390595 CST | [antmaze-large-play-v2] Weight             0.680149
2026-04-25 05:16:16.390618 CST | [antmaze-large-play-v2] kl                 1
2026-04-25 05:16:16.390642 CST | [antmaze-large-play-v2] ---------------  ----------
2026-04-25 05:18:34.979181 CST | [antmaze-large-play-v2] ---------------  ----------
2026-04-25 05:18:34.979275 CST | [antmaze-large-play-v2] Training Epochs  140
2026-04-25 05:18:34.979304 CST | [antmaze-large-play-v2] AverageReturn      0.9
2026-04-25 05:18:34.979329 CST | [antmaze-large-play-v2] NormReturn         0.9
2026-04-25 05:18:34.979354 CST | [antmaze-large-play-v2] L_Act             28.3939
2026-04-25 05:18:34.979378 CST | [antmaze-large-play-v2] L_Crit             0.730948
2026-04-25 05:18:34.979402 CST | [antmaze-large-play-v2] Weight             0.680842
2026-04-25 05:18:34.979426 CST | [antmaze-large-play-v2] kl                 1
2026-04-25 05:18:34.979449 CST | [antmaze-large-play-v2] ---------------  ----------
2026-04-25 05:20:54.412170 CST | [antmaze-large-play-v2] ---------------  ----------
2026-04-25 05:20:54.412273 CST | [antmaze-large-play-v2] Training Epochs  141
2026-04-25 05:20:54.412303 CST | [antmaze-large-play-v2] AverageReturn      0.8
2026-04-25 05:20:54.412328 CST | [antmaze-large-play-v2] NormReturn         0.8
2026-04-25 05:20:54.412352 CST | [antmaze-large-play-v2] L_Act             28.3842
2026-04-25 05:20:54.412376 CST | [antmaze-large-play-v2] L_Crit             0.729682
2026-04-25 05:20:54.412400 CST | [antmaze-large-play-v2] Weight             0.682027
2026-04-25 05:20:54.412424 CST | [antmaze-large-play-v2] kl                 1
2026-04-25 05:20:54.412447 CST | [antmaze-large-play-v2] ---------------  ----------
2026-04-25 05:23:12.202513 CST | [antmaze-large-play-v2] ---------------  ----------
2026-04-25 05:23:12.202618 CST | [antmaze-large-play-v2] Training Epochs  142
2026-04-25 05:23:12.202647 CST | [antmaze-large-play-v2] AverageReturn      0.8
2026-04-25 05:23:12.202672 CST | [antmaze-large-play-v2] NormReturn         0.8
2026-04-25 05:23:12.202696 CST | [antmaze-large-play-v2] L_Act             28.3539
2026-04-25 05:23:12.202720 CST | [antmaze-large-play-v2] L_Crit             0.728874
2026-04-25 05:23:12.202744 CST | [antmaze-large-play-v2] Weight             0.680585
2026-04-25 05:23:12.202768 CST | [antmaze-large-play-v2] kl                 1
2026-04-25 05:23:12.202792 CST | [antmaze-large-play-v2] ---------------  ----------
2026-04-25 05:25:31.894051 CST | [antmaze-large-play-v2] ---------------  ----------
2026-04-25 05:25:31.894132 CST | [antmaze-large-play-v2] Training Epochs  143
2026-04-25 05:25:31.894160 CST | [antmaze-large-play-v2] AverageReturn      0.7
2026-04-25 05:25:31.894184 CST | [antmaze-large-play-v2] NormReturn         0.7
2026-04-25 05:25:31.894208 CST | [antmaze-large-play-v2] L_Act             28.397
2026-04-25 05:25:31.894231 CST | [antmaze-large-play-v2] L_Crit             0.720035
2026-04-25 05:25:31.894254 CST | [antmaze-large-play-v2] Weight             0.680675
2026-04-25 05:25:31.894277 CST | [antmaze-large-play-v2] kl                 1
2026-04-25 05:25:31.894300 CST | [antmaze-large-play-v2] ---------------  ----------
2026-04-25 05:27:50.583513 CST | [antmaze-large-play-v2] ---------------  ----------
2026-04-25 05:27:50.583622 CST | [antmaze-large-play-v2] Training Epochs  144
2026-04-25 05:27:50.583650 CST | [antmaze-large-play-v2] AverageReturn      0.9
2026-04-25 05:27:50.583675 CST | [antmaze-large-play-v2] NormReturn         0.9
2026-04-25 05:27:50.583698 CST | [antmaze-large-play-v2] L_Act             28.445
2026-04-25 05:27:50.583722 CST | [antmaze-large-play-v2] L_Crit             0.726913
2026-04-25 05:27:50.583744 CST | [antmaze-large-play-v2] Weight             0.680066
2026-04-25 05:27:50.583767 CST | [antmaze-large-play-v2] kl                 1
2026-04-25 05:27:50.583791 CST | [antmaze-large-play-v2] ---------------  ----------
2026-04-25 05:30:08.992524 CST | [antmaze-large-play-v2] ---------------  ----------
2026-04-25 05:30:08.992620 CST | [antmaze-large-play-v2] Training Epochs  145
2026-04-25 05:30:08.992650 CST | [antmaze-large-play-v2] AverageReturn      0.9
2026-04-25 05:30:08.992674 CST | [antmaze-large-play-v2] NormReturn         0.9
2026-04-25 05:30:08.992697 CST | [antmaze-large-play-v2] L_Act             28.4211
2026-04-25 05:30:08.992724 CST | [antmaze-large-play-v2] L_Crit             0.728909
2026-04-25 05:30:08.992747 CST | [antmaze-large-play-v2] Weight             0.681096
2026-04-25 05:30:08.992774 CST | [antmaze-large-play-v2] kl                 1
2026-04-25 05:30:08.992797 CST | [antmaze-large-play-v2] ---------------  ----------
2026-04-25 05:32:27.764348 CST | [antmaze-large-play-v2] ---------------  ----------
2026-04-25 05:32:27.764442 CST | [antmaze-large-play-v2] Training Epochs  146
2026-04-25 05:32:27.764471 CST | [antmaze-large-play-v2] AverageReturn      0.9
2026-04-25 05:32:27.764496 CST | [antmaze-large-play-v2] NormReturn         0.9
2026-04-25 05:32:27.764520 CST | [antmaze-large-play-v2] L_Act             28.4226
2026-04-25 05:32:27.764543 CST | [antmaze-large-play-v2] L_Crit             0.722168
2026-04-25 05:32:27.764567 CST | [antmaze-large-play-v2] Weight             0.681212
2026-04-25 05:32:27.764590 CST | [antmaze-large-play-v2] kl                 1
2026-04-25 05:32:27.764613 CST | [antmaze-large-play-v2] ---------------  ----------
2026-04-25 05:34:49.332826 CST | [antmaze-large-play-v2] ---------------  ----------
2026-04-25 05:34:49.332933 CST | [antmaze-large-play-v2] Training Epochs  147
2026-04-25 05:34:49.332962 CST | [antmaze-large-play-v2] AverageReturn      0.8
2026-04-25 05:34:49.332986 CST | [antmaze-large-play-v2] NormReturn         0.8
2026-04-25 05:34:49.333010 CST | [antmaze-large-play-v2] L_Act             28.4131
2026-04-25 05:34:49.333033 CST | [antmaze-large-play-v2] L_Crit             0.730249
2026-04-25 05:34:49.333056 CST | [antmaze-large-play-v2] Weight             0.681525
2026-04-25 05:34:49.333079 CST | [antmaze-large-play-v2] kl                 1
2026-04-25 05:34:49.333102 CST | [antmaze-large-play-v2] ---------------  ----------
2026-04-25 05:37:10.917985 CST | [antmaze-large-play-v2] ---------------  ----------
2026-04-25 05:37:10.918081 CST | [antmaze-large-play-v2] Training Epochs  148
2026-04-25 05:37:10.918110 CST | [antmaze-large-play-v2] AverageReturn      0.6
2026-04-25 05:37:10.918136 CST | [antmaze-large-play-v2] NormReturn         0.6
2026-04-25 05:37:10.918161 CST | [antmaze-large-play-v2] L_Act             28.3435
2026-04-25 05:37:10.918186 CST | [antmaze-large-play-v2] L_Crit             0.730132
2026-04-25 05:37:10.918210 CST | [antmaze-large-play-v2] Weight             0.681254
2026-04-25 05:37:10.918233 CST | [antmaze-large-play-v2] kl                 1
2026-04-25 05:37:10.918257 CST | [antmaze-large-play-v2] ---------------  ----------
2026-04-25 05:39:30.371069 CST | [antmaze-large-play-v2] ---------------  ----------
2026-04-25 05:39:30.371161 CST | [antmaze-large-play-v2] Training Epochs  149
2026-04-25 05:39:30.371189 CST | [antmaze-large-play-v2] AverageReturn      0.8
2026-04-25 05:39:30.371213 CST | [antmaze-large-play-v2] NormReturn         0.8
2026-04-25 05:39:30.371237 CST | [antmaze-large-play-v2] L_Act             28.337
2026-04-25 05:39:30.371260 CST | [antmaze-large-play-v2] L_Crit             0.726362
2026-04-25 05:39:30.371283 CST | [antmaze-large-play-v2] Weight             0.681264
2026-04-25 05:39:30.371306 CST | [antmaze-large-play-v2] kl                 1
2026-04-25 05:39:30.371329 CST | [antmaze-large-play-v2] ---------------  ----------
2026-04-25 05:41:50.177541 CST | [antmaze-large-play-v2] ---------------  ----------
2026-04-25 05:41:50.177619 CST | [antmaze-large-play-v2] Training Epochs  150
2026-04-25 05:41:50.177646 CST | [antmaze-large-play-v2] AverageReturn      0.7
2026-04-25 05:41:50.177671 CST | [antmaze-large-play-v2] NormReturn         0.7
2026-04-25 05:41:50.177694 CST | [antmaze-large-play-v2] L_Act             28.3185
2026-04-25 05:41:50.177717 CST | [antmaze-large-play-v2] L_Crit             0.723889
2026-04-25 05:41:50.177740 CST | [antmaze-large-play-v2] Weight             0.681713
2026-04-25 05:41:50.177763 CST | [antmaze-large-play-v2] kl                 1
2026-04-25 05:41:50.177786 CST | [antmaze-large-play-v2] ---------------  ----------
2026-04-25 05:44:11.179743 CST | [antmaze-large-play-v2] ---------------  ----------
2026-04-25 05:44:11.179836 CST | [antmaze-large-play-v2] Training Epochs  151
2026-04-25 05:44:11.179864 CST | [antmaze-large-play-v2] AverageReturn      0.8
2026-04-25 05:44:11.179889 CST | [antmaze-large-play-v2] NormReturn         0.8
2026-04-25 05:44:11.179913 CST | [antmaze-large-play-v2] L_Act             28.3001
2026-04-25 05:44:11.179936 CST | [antmaze-large-play-v2] L_Crit             0.725024
2026-04-25 05:44:11.179960 CST | [antmaze-large-play-v2] Weight             0.681447
2026-04-25 05:44:11.179984 CST | [antmaze-large-play-v2] kl                 1
2026-04-25 05:44:11.180007 CST | [antmaze-large-play-v2] ---------------  ----------
2026-04-25 05:46:29.525797 CST | [antmaze-large-play-v2] ---------------  ----------
2026-04-25 05:46:29.525895 CST | [antmaze-large-play-v2] Training Epochs  152
2026-04-25 05:46:29.525924 CST | [antmaze-large-play-v2] AverageReturn      0.9
2026-04-25 05:46:29.525949 CST | [antmaze-large-play-v2] NormReturn         0.9
2026-04-25 05:46:29.525973 CST | [antmaze-large-play-v2] L_Act             28.3258
2026-04-25 05:46:29.525996 CST | [antmaze-large-play-v2] L_Crit             0.725155
2026-04-25 05:46:29.526019 CST | [antmaze-large-play-v2] Weight             0.682262
2026-04-25 05:46:29.526042 CST | [antmaze-large-play-v2] kl                 1
2026-04-25 05:46:29.526065 CST | [antmaze-large-play-v2] ---------------  ----------
2026-04-25 05:48:50.127786 CST | [antmaze-large-play-v2] ---------------  ----------
2026-04-25 05:48:50.127890 CST | [antmaze-large-play-v2] Training Epochs  153
2026-04-25 05:48:50.127918 CST | [antmaze-large-play-v2] AverageReturn      0.7
2026-04-25 05:48:50.127942 CST | [antmaze-large-play-v2] NormReturn         0.7
2026-04-25 05:48:50.127966 CST | [antmaze-large-play-v2] L_Act             28.2656
2026-04-25 05:48:50.127989 CST | [antmaze-large-play-v2] L_Crit             0.720337
2026-04-25 05:48:50.128012 CST | [antmaze-large-play-v2] Weight             0.682944
2026-04-25 05:48:50.128039 CST | [antmaze-large-play-v2] kl                 1
2026-04-25 05:48:50.128062 CST | [antmaze-large-play-v2] ---------------  ----------
2026-04-25 05:51:07.791060 CST | [antmaze-large-play-v2] ---------------  ----------
2026-04-25 05:51:07.791165 CST | [antmaze-large-play-v2] Training Epochs  154
2026-04-25 05:51:07.791193 CST | [antmaze-large-play-v2] AverageReturn      1
2026-04-25 05:51:07.791217 CST | [antmaze-large-play-v2] NormReturn         1
2026-04-25 05:51:07.791241 CST | [antmaze-large-play-v2] L_Act             28.255
2026-04-25 05:51:07.791263 CST | [antmaze-large-play-v2] L_Crit             0.721898
2026-04-25 05:51:07.791286 CST | [antmaze-large-play-v2] Weight             0.683237
2026-04-25 05:51:07.791308 CST | [antmaze-large-play-v2] kl                 1
2026-04-25 05:51:07.791332 CST | [antmaze-large-play-v2] ---------------  ----------
2026-04-25 05:53:28.760068 CST | [antmaze-large-play-v2] ---------------  ----------
2026-04-25 05:53:28.760167 CST | [antmaze-large-play-v2] Training Epochs  155
2026-04-25 05:53:28.760196 CST | [antmaze-large-play-v2] AverageReturn      0.7
2026-04-25 05:53:28.760220 CST | [antmaze-large-play-v2] NormReturn         0.7
2026-04-25 05:53:28.760244 CST | [antmaze-large-play-v2] L_Act             28.2349
2026-04-25 05:53:28.760268 CST | [antmaze-large-play-v2] L_Crit             0.731393
2026-04-25 05:53:28.760292 CST | [antmaze-large-play-v2] Weight             0.682788
2026-04-25 05:53:28.760316 CST | [antmaze-large-play-v2] kl                 1
2026-04-25 05:53:28.760339 CST | [antmaze-large-play-v2] ---------------  ----------
2026-04-25 05:55:48.239803 CST | [antmaze-large-play-v2] ---------------  ----------
2026-04-25 05:55:48.239898 CST | [antmaze-large-play-v2] Training Epochs  156
2026-04-25 05:55:48.239926 CST | [antmaze-large-play-v2] AverageReturn      0.9
2026-04-25 05:55:48.239951 CST | [antmaze-large-play-v2] NormReturn         0.9
2026-04-25 05:55:48.239974 CST | [antmaze-large-play-v2] L_Act             28.2266
2026-04-25 05:55:48.239997 CST | [antmaze-large-play-v2] L_Crit             0.722644
2026-04-25 05:55:48.240024 CST | [antmaze-large-play-v2] Weight             0.682932
2026-04-25 05:55:48.240047 CST | [antmaze-large-play-v2] kl                 1
2026-04-25 05:55:48.240070 CST | [antmaze-large-play-v2] ---------------  ----------
2026-04-25 05:58:07.962483 CST | [antmaze-large-play-v2] ---------------  ----------
2026-04-25 05:58:07.962578 CST | [antmaze-large-play-v2] Training Epochs  157
2026-04-25 05:58:07.962608 CST | [antmaze-large-play-v2] AverageReturn      0.8
2026-04-25 05:58:07.962632 CST | [antmaze-large-play-v2] NormReturn         0.8
2026-04-25 05:58:07.962656 CST | [antmaze-large-play-v2] L_Act             28.2454
2026-04-25 05:58:07.962680 CST | [antmaze-large-play-v2] L_Crit             0.724302
2026-04-25 05:58:07.962703 CST | [antmaze-large-play-v2] Weight             0.682268
2026-04-25 05:58:07.962726 CST | [antmaze-large-play-v2] kl                 1
2026-04-25 05:58:07.962748 CST | [antmaze-large-play-v2] ---------------  ----------
2026-04-25 06:00:28.141874 CST | [antmaze-large-play-v2] ---------------  ----------
2026-04-25 06:00:28.141963 CST | [antmaze-large-play-v2] Training Epochs  158
2026-04-25 06:00:28.141991 CST | [antmaze-large-play-v2] AverageReturn      0.8
2026-04-25 06:00:28.142016 CST | [antmaze-large-play-v2] NormReturn         0.8
2026-04-25 06:00:28.142041 CST | [antmaze-large-play-v2] L_Act             28.2123
2026-04-25 06:00:28.142065 CST | [antmaze-large-play-v2] L_Crit             0.725636
2026-04-25 06:00:28.142088 CST | [antmaze-large-play-v2] Weight             0.682816
2026-04-25 06:00:28.142111 CST | [antmaze-large-play-v2] kl                 1
2026-04-25 06:00:28.142134 CST | [antmaze-large-play-v2] ---------------  ----------
2026-04-25 06:02:45.850073 CST | [antmaze-large-play-v2] ---------------  ----------
2026-04-25 06:02:45.850166 CST | [antmaze-large-play-v2] Training Epochs  159
2026-04-25 06:02:45.850194 CST | [antmaze-large-play-v2] AverageReturn      1
2026-04-25 06:02:45.850218 CST | [antmaze-large-play-v2] NormReturn         1
2026-04-25 06:02:45.850241 CST | [antmaze-large-play-v2] L_Act             28.2116
2026-04-25 06:02:45.850264 CST | [antmaze-large-play-v2] L_Crit             0.724675
2026-04-25 06:02:45.850287 CST | [antmaze-large-play-v2] Weight             0.682584
2026-04-25 06:02:45.850310 CST | [antmaze-large-play-v2] kl                 1
2026-04-25 06:02:45.850334 CST | [antmaze-large-play-v2] ---------------  ----------
2026-04-25 06:05:04.577656 CST | [antmaze-large-play-v2] ---------------  ----------
2026-04-25 06:05:04.577752 CST | [antmaze-large-play-v2] Training Epochs  160
2026-04-25 06:05:04.577779 CST | [antmaze-large-play-v2] AverageReturn      0.8
2026-04-25 06:05:04.577803 CST | [antmaze-large-play-v2] NormReturn         0.8
2026-04-25 06:05:04.577827 CST | [antmaze-large-play-v2] L_Act             28.2107
2026-04-25 06:05:04.577851 CST | [antmaze-large-play-v2] L_Crit             0.726194
2026-04-25 06:05:04.577874 CST | [antmaze-large-play-v2] Weight             0.682731
2026-04-25 06:05:04.577897 CST | [antmaze-large-play-v2] kl                 1
2026-04-25 06:05:04.577920 CST | [antmaze-large-play-v2] ---------------  ----------
2026-04-25 06:07:26.661492 CST | [antmaze-large-play-v2] ---------------  ----------
2026-04-25 06:07:26.661587 CST | [antmaze-large-play-v2] Training Epochs  161
2026-04-25 06:07:26.661615 CST | [antmaze-large-play-v2] AverageReturn      0.6
2026-04-25 06:07:26.661639 CST | [antmaze-large-play-v2] NormReturn         0.6
2026-04-25 06:07:26.661663 CST | [antmaze-large-play-v2] L_Act             28.228
2026-04-25 06:07:26.661686 CST | [antmaze-large-play-v2] L_Crit             0.721664
2026-04-25 06:07:26.661709 CST | [antmaze-large-play-v2] Weight             0.683366
2026-04-25 06:07:26.661732 CST | [antmaze-large-play-v2] kl                 1
2026-04-25 06:07:26.661755 CST | [antmaze-large-play-v2] ---------------  ----------
2026-04-25 06:09:45.944875 CST | [antmaze-large-play-v2] ---------------  ----------
2026-04-25 06:09:45.944977 CST | [antmaze-large-play-v2] Training Epochs  162
2026-04-25 06:09:45.945007 CST | [antmaze-large-play-v2] AverageReturn      0.8
2026-04-25 06:09:45.945032 CST | [antmaze-large-play-v2] NormReturn         0.8
2026-04-25 06:09:45.945056 CST | [antmaze-large-play-v2] L_Act             28.2425
2026-04-25 06:09:45.945080 CST | [antmaze-large-play-v2] L_Crit             0.71534
2026-04-25 06:09:45.945104 CST | [antmaze-large-play-v2] Weight             0.683417
2026-04-25 06:09:45.945127 CST | [antmaze-large-play-v2] kl                 1
2026-04-25 06:09:45.945151 CST | [antmaze-large-play-v2] ---------------  ----------
2026-04-25 06:12:06.192094 CST | [antmaze-large-play-v2] ---------------  ----------
2026-04-25 06:12:06.192198 CST | [antmaze-large-play-v2] Training Epochs  163
2026-04-25 06:12:06.192225 CST | [antmaze-large-play-v2] AverageReturn      0.8
2026-04-25 06:12:06.192249 CST | [antmaze-large-play-v2] NormReturn         0.8
2026-04-25 06:12:06.192272 CST | [antmaze-large-play-v2] L_Act             28.2089
2026-04-25 06:12:06.192295 CST | [antmaze-large-play-v2] L_Crit             0.714982
2026-04-25 06:12:06.192320 CST | [antmaze-large-play-v2] Weight             0.683261
2026-04-25 06:12:06.192343 CST | [antmaze-large-play-v2] kl                 1
2026-04-25 06:12:06.192366 CST | [antmaze-large-play-v2] ---------------  ----------
2026-04-25 06:14:25.114203 CST | [antmaze-large-play-v2] ---------------  ----------
2026-04-25 06:14:25.114304 CST | [antmaze-large-play-v2] Training Epochs  164
2026-04-25 06:14:25.114332 CST | [antmaze-large-play-v2] AverageReturn      1
2026-04-25 06:14:25.114357 CST | [antmaze-large-play-v2] NormReturn         1
2026-04-25 06:14:25.114380 CST | [antmaze-large-play-v2] L_Act             28.2207
2026-04-25 06:14:25.114403 CST | [antmaze-large-play-v2] L_Crit             0.713586
2026-04-25 06:14:25.114426 CST | [antmaze-large-play-v2] Weight             0.683405
2026-04-25 06:14:25.114450 CST | [antmaze-large-play-v2] kl                 1
2026-04-25 06:14:25.114473 CST | [antmaze-large-play-v2] ---------------  ----------
2026-04-25 06:16:47.621056 CST | [antmaze-large-play-v2] ---------------  ----------
2026-04-25 06:16:47.621139 CST | [antmaze-large-play-v2] Training Epochs  165
2026-04-25 06:16:47.621167 CST | [antmaze-large-play-v2] AverageReturn      0.7
2026-04-25 06:16:47.621191 CST | [antmaze-large-play-v2] NormReturn         0.7
2026-04-25 06:16:47.621215 CST | [antmaze-large-play-v2] L_Act             28.1996
2026-04-25 06:16:47.621238 CST | [antmaze-large-play-v2] L_Crit             0.707927
2026-04-25 06:16:47.621261 CST | [antmaze-large-play-v2] Weight             0.684414
2026-04-25 06:16:47.621284 CST | [antmaze-large-play-v2] kl                 1
2026-04-25 06:16:47.621307 CST | [antmaze-large-play-v2] ---------------  ----------
2026-04-25 06:19:09.019250 CST | [antmaze-large-play-v2] ---------------  ----------
2026-04-25 06:19:09.019351 CST | [antmaze-large-play-v2] Training Epochs  166
2026-04-25 06:19:09.019380 CST | [antmaze-large-play-v2] AverageReturn      0.8
2026-04-25 06:19:09.019405 CST | [antmaze-large-play-v2] NormReturn         0.8
2026-04-25 06:19:09.019428 CST | [antmaze-large-play-v2] L_Act             28.1748
2026-04-25 06:19:09.019451 CST | [antmaze-large-play-v2] L_Crit             0.715303
2026-04-25 06:19:09.019474 CST | [antmaze-large-play-v2] Weight             0.682811
2026-04-25 06:19:09.019498 CST | [antmaze-large-play-v2] kl                 1
2026-04-25 06:19:09.019521 CST | [antmaze-large-play-v2] ---------------  ----------
2026-04-25 06:21:28.624810 CST | [antmaze-large-play-v2] ---------------  ----------
2026-04-25 06:21:28.624910 CST | [antmaze-large-play-v2] Training Epochs  167
2026-04-25 06:21:28.624941 CST | [antmaze-large-play-v2] AverageReturn      0.8
2026-04-25 06:21:28.624967 CST | [antmaze-large-play-v2] NormReturn         0.8
2026-04-25 06:21:28.624993 CST | [antmaze-large-play-v2] L_Act             28.2023
2026-04-25 06:21:28.625017 CST | [antmaze-large-play-v2] L_Crit             0.716145
2026-04-25 06:21:28.625047 CST | [antmaze-large-play-v2] Weight             0.682875
2026-04-25 06:21:28.625071 CST | [antmaze-large-play-v2] kl                 1
2026-04-25 06:21:28.625094 CST | [antmaze-large-play-v2] ---------------  ----------
2026-04-25 06:23:49.510788 CST | [antmaze-large-play-v2] ---------------  ----------
2026-04-25 06:23:49.510887 CST | [antmaze-large-play-v2] Training Epochs  168
2026-04-25 06:23:49.510916 CST | [antmaze-large-play-v2] AverageReturn      0.8
2026-04-25 06:23:49.510943 CST | [antmaze-large-play-v2] NormReturn         0.8
2026-04-25 06:23:49.510967 CST | [antmaze-large-play-v2] L_Act             28.1577
2026-04-25 06:23:49.510990 CST | [antmaze-large-play-v2] L_Crit             0.713955
2026-04-25 06:23:49.511013 CST | [antmaze-large-play-v2] Weight             0.684083
2026-04-25 06:23:49.511035 CST | [antmaze-large-play-v2] kl                 1
2026-04-25 06:23:49.511059 CST | [antmaze-large-play-v2] ---------------  ----------
2026-04-25 06:26:10.507360 CST | [antmaze-large-play-v2] ---------------  ----------
2026-04-25 06:26:10.507457 CST | [antmaze-large-play-v2] Training Epochs  169
2026-04-25 06:26:10.507486 CST | [antmaze-large-play-v2] AverageReturn      0.8
2026-04-25 06:26:10.507510 CST | [antmaze-large-play-v2] NormReturn         0.8
2026-04-25 06:26:10.507534 CST | [antmaze-large-play-v2] L_Act             28.1291
2026-04-25 06:26:10.507557 CST | [antmaze-large-play-v2] L_Crit             0.714442
2026-04-25 06:26:10.507580 CST | [antmaze-large-play-v2] Weight             0.684477
2026-04-25 06:26:10.507603 CST | [antmaze-large-play-v2] kl                 1
2026-04-25 06:26:10.507626 CST | [antmaze-large-play-v2] ---------------  ----------
2026-04-25 06:28:33.449085 CST | [antmaze-large-play-v2] ---------------  ----------
2026-04-25 06:28:33.449184 CST | [antmaze-large-play-v2] Training Epochs  170
2026-04-25 06:28:33.449213 CST | [antmaze-large-play-v2] AverageReturn      0.8
2026-04-25 06:28:33.449238 CST | [antmaze-large-play-v2] NormReturn         0.8
2026-04-25 06:28:33.449261 CST | [antmaze-large-play-v2] L_Act             28.1282
2026-04-25 06:28:33.449285 CST | [antmaze-large-play-v2] L_Crit             0.717585
2026-04-25 06:28:33.449309 CST | [antmaze-large-play-v2] Weight             0.68413
2026-04-25 06:28:33.449332 CST | [antmaze-large-play-v2] kl                 1
2026-04-25 06:28:33.449355 CST | [antmaze-large-play-v2] ---------------  ----------
2026-04-25 06:30:56.332758 CST | [antmaze-large-play-v2] ---------------  ----------
2026-04-25 06:30:56.332858 CST | [antmaze-large-play-v2] Training Epochs  171
2026-04-25 06:30:56.332886 CST | [antmaze-large-play-v2] AverageReturn      0.8
2026-04-25 06:30:56.332911 CST | [antmaze-large-play-v2] NormReturn         0.8
2026-04-25 06:30:56.332935 CST | [antmaze-large-play-v2] L_Act             28.1178
2026-04-25 06:30:56.332958 CST | [antmaze-large-play-v2] L_Crit             0.717548
2026-04-25 06:30:56.332982 CST | [antmaze-large-play-v2] Weight             0.684359
2026-04-25 06:30:56.333006 CST | [antmaze-large-play-v2] kl                 1
2026-04-25 06:30:56.333029 CST | [antmaze-large-play-v2] ---------------  ----------
2026-04-25 06:33:18.044921 CST | [antmaze-large-play-v2] ---------------  ----------
2026-04-25 06:33:18.045004 CST | [antmaze-large-play-v2] Training Epochs  172
2026-04-25 06:33:18.045032 CST | [antmaze-large-play-v2] AverageReturn      0.9
2026-04-25 06:33:18.045057 CST | [antmaze-large-play-v2] NormReturn         0.9
2026-04-25 06:33:18.045080 CST | [antmaze-large-play-v2] L_Act             28.097
2026-04-25 06:33:18.045102 CST | [antmaze-large-play-v2] L_Crit             0.714649
2026-04-25 06:33:18.045125 CST | [antmaze-large-play-v2] Weight             0.684532
2026-04-25 06:33:18.045149 CST | [antmaze-large-play-v2] kl                 1
2026-04-25 06:33:18.045172 CST | [antmaze-large-play-v2] ---------------  ----------
2026-04-25 06:35:39.592706 CST | [antmaze-large-play-v2] ---------------  ----------
2026-04-25 06:35:39.592807 CST | [antmaze-large-play-v2] Training Epochs  173
2026-04-25 06:35:39.592839 CST | [antmaze-large-play-v2] AverageReturn      0.9
2026-04-25 06:35:39.592866 CST | [antmaze-large-play-v2] NormReturn         0.9
2026-04-25 06:35:39.592891 CST | [antmaze-large-play-v2] L_Act             28.0904
2026-04-25 06:35:39.592915 CST | [antmaze-large-play-v2] L_Crit             0.717615
2026-04-25 06:35:39.592939 CST | [antmaze-large-play-v2] Weight             0.684248
2026-04-25 06:35:39.592963 CST | [antmaze-large-play-v2] kl                 1
2026-04-25 06:35:39.592987 CST | [antmaze-large-play-v2] ---------------  ----------
2026-04-25 06:38:04.043040 CST | [antmaze-large-play-v2] ---------------  ----------
2026-04-25 06:38:04.043134 CST | [antmaze-large-play-v2] Training Epochs  174
2026-04-25 06:38:04.043163 CST | [antmaze-large-play-v2] AverageReturn      0.4
2026-04-25 06:38:04.043188 CST | [antmaze-large-play-v2] NormReturn         0.4
2026-04-25 06:38:04.043213 CST | [antmaze-large-play-v2] L_Act             28.1192
2026-04-25 06:38:04.043236 CST | [antmaze-large-play-v2] L_Crit             0.719289
2026-04-25 06:38:04.043259 CST | [antmaze-large-play-v2] Weight             0.684241
2026-04-25 06:38:04.043282 CST | [antmaze-large-play-v2] kl                 1
2026-04-25 06:38:04.043305 CST | [antmaze-large-play-v2] ---------------  ----------
2026-04-25 06:40:25.796637 CST | [antmaze-large-play-v2] ---------------  ----------
2026-04-25 06:40:25.796739 CST | [antmaze-large-play-v2] Training Epochs  175
2026-04-25 06:40:25.796775 CST | [antmaze-large-play-v2] AverageReturn      0.8
2026-04-25 06:40:25.796801 CST | [antmaze-large-play-v2] NormReturn         0.8
2026-04-25 06:40:25.796825 CST | [antmaze-large-play-v2] L_Act             28.0737
2026-04-25 06:40:25.796850 CST | [antmaze-large-play-v2] L_Crit             0.715672
2026-04-25 06:40:25.796873 CST | [antmaze-large-play-v2] Weight             0.684765
2026-04-25 06:40:25.796896 CST | [antmaze-large-play-v2] kl                 1
2026-04-25 06:40:25.796932 CST | [antmaze-large-play-v2] ---------------  ----------
2026-04-25 06:42:45.584913 CST | [antmaze-large-play-v2] ---------------  ----------
2026-04-25 06:42:45.585011 CST | [antmaze-large-play-v2] Training Epochs  176
2026-04-25 06:42:45.585039 CST | [antmaze-large-play-v2] AverageReturn      0.8
2026-04-25 06:42:45.585064 CST | [antmaze-large-play-v2] NormReturn         0.8
2026-04-25 06:42:45.585088 CST | [antmaze-large-play-v2] L_Act             28.0633
2026-04-25 06:42:45.585111 CST | [antmaze-large-play-v2] L_Crit             0.718692
2026-04-25 06:42:45.585134 CST | [antmaze-large-play-v2] Weight             0.685167
2026-04-25 06:42:45.585157 CST | [antmaze-large-play-v2] kl                 1
2026-04-25 06:42:45.585180 CST | [antmaze-large-play-v2] ---------------  ----------
2026-04-25 06:45:07.965610 CST | [antmaze-large-play-v2] ---------------  ----------
2026-04-25 06:45:07.965700 CST | [antmaze-large-play-v2] Training Epochs  177
2026-04-25 06:45:07.965727 CST | [antmaze-large-play-v2] AverageReturn      0.7
2026-04-25 06:45:07.965751 CST | [antmaze-large-play-v2] NormReturn         0.7
2026-04-25 06:45:07.965774 CST | [antmaze-large-play-v2] L_Act             28.0701
2026-04-25 06:45:07.965797 CST | [antmaze-large-play-v2] L_Crit             0.717021
2026-04-25 06:45:07.965820 CST | [antmaze-large-play-v2] Weight             0.684909
2026-04-25 06:45:07.965842 CST | [antmaze-large-play-v2] kl                 1
2026-04-25 06:45:07.965865 CST | [antmaze-large-play-v2] ---------------  ----------
2026-04-25 06:47:27.826840 CST | [antmaze-large-play-v2] ---------------  ----------
2026-04-25 06:47:27.826934 CST | [antmaze-large-play-v2] Training Epochs  178
2026-04-25 06:47:27.826963 CST | [antmaze-large-play-v2] AverageReturn      0.8
2026-04-25 06:47:27.826988 CST | [antmaze-large-play-v2] NormReturn         0.8
2026-04-25 06:47:27.827012 CST | [antmaze-large-play-v2] L_Act             28.1053
2026-04-25 06:47:27.827035 CST | [antmaze-large-play-v2] L_Crit             0.724131
2026-04-25 06:47:27.827058 CST | [antmaze-large-play-v2] Weight             0.683832
2026-04-25 06:47:27.827085 CST | [antmaze-large-play-v2] kl                 1
2026-04-25 06:47:27.827109 CST | [antmaze-large-play-v2] ---------------  ----------
2026-04-25 06:49:47.899863 CST | [antmaze-large-play-v2] ---------------  ----------
2026-04-25 06:49:47.899941 CST | [antmaze-large-play-v2] Training Epochs  179
2026-04-25 06:49:47.899969 CST | [antmaze-large-play-v2] AverageReturn      0.9
2026-04-25 06:49:47.899995 CST | [antmaze-large-play-v2] NormReturn         0.9
2026-04-25 06:49:47.900019 CST | [antmaze-large-play-v2] L_Act             28.1101
2026-04-25 06:49:47.900043 CST | [antmaze-large-play-v2] L_Crit             0.719582
2026-04-25 06:49:47.900066 CST | [antmaze-large-play-v2] Weight             0.685424
2026-04-25 06:49:47.900090 CST | [antmaze-large-play-v2] kl                 1
2026-04-25 06:49:47.900113 CST | [antmaze-large-play-v2] ---------------  ----------
2026-04-25 06:52:07.903698 CST | [antmaze-large-play-v2] ---------------  ----------
2026-04-25 06:52:07.903790 CST | [antmaze-large-play-v2] Training Epochs  180
2026-04-25 06:52:07.903818 CST | [antmaze-large-play-v2] AverageReturn      0.9
2026-04-25 06:52:07.903842 CST | [antmaze-large-play-v2] NormReturn         0.9
2026-04-25 06:52:07.903865 CST | [antmaze-large-play-v2] L_Act             28.0739
2026-04-25 06:52:07.903888 CST | [antmaze-large-play-v2] L_Crit             0.715155
2026-04-25 06:52:07.903910 CST | [antmaze-large-play-v2] Weight             0.685697
2026-04-25 06:52:07.903933 CST | [antmaze-large-play-v2] kl                 1
2026-04-25 06:52:07.903956 CST | [antmaze-large-play-v2] ---------------  ----------
2026-04-25 06:54:27.144822 CST | [antmaze-large-play-v2] ---------------  ----------
2026-04-25 06:54:27.144912 CST | [antmaze-large-play-v2] Training Epochs  181
2026-04-25 06:54:27.144942 CST | [antmaze-large-play-v2] AverageReturn      0.9
2026-04-25 06:54:27.144967 CST | [antmaze-large-play-v2] NormReturn         0.9
2026-04-25 06:54:27.144991 CST | [antmaze-large-play-v2] L_Act             28.1078
2026-04-25 06:54:27.145015 CST | [antmaze-large-play-v2] L_Crit             0.716542
2026-04-25 06:54:27.145038 CST | [antmaze-large-play-v2] Weight             0.685585
2026-04-25 06:54:27.145062 CST | [antmaze-large-play-v2] kl                 1
2026-04-25 06:54:27.145086 CST | [antmaze-large-play-v2] ---------------  ----------
2026-04-25 06:56:47.782550 CST | [antmaze-large-play-v2] ---------------  ----------
2026-04-25 06:56:47.782649 CST | [antmaze-large-play-v2] Training Epochs  182
2026-04-25 06:56:47.782679 CST | [antmaze-large-play-v2] AverageReturn      0.8
2026-04-25 06:56:47.782702 CST | [antmaze-large-play-v2] NormReturn         0.8
2026-04-25 06:56:47.782726 CST | [antmaze-large-play-v2] L_Act             28.104
2026-04-25 06:56:47.782748 CST | [antmaze-large-play-v2] L_Crit             0.712072
2026-04-25 06:56:47.782772 CST | [antmaze-large-play-v2] Weight             0.684322
2026-04-25 06:56:47.782795 CST | [antmaze-large-play-v2] kl                 1
2026-04-25 06:56:47.782818 CST | [antmaze-large-play-v2] ---------------  ----------
2026-04-25 06:59:09.182098 CST | [antmaze-large-play-v2] ---------------  ----------
2026-04-25 06:59:09.182188 CST | [antmaze-large-play-v2] Training Epochs  183
2026-04-25 06:59:09.182217 CST | [antmaze-large-play-v2] AverageReturn      0.7
2026-04-25 06:59:09.182242 CST | [antmaze-large-play-v2] NormReturn         0.7
2026-04-25 06:59:09.182266 CST | [antmaze-large-play-v2] L_Act             28.0643
2026-04-25 06:59:09.182290 CST | [antmaze-large-play-v2] L_Crit             0.71937
2026-04-25 06:59:09.182313 CST | [antmaze-large-play-v2] Weight             0.684652
2026-04-25 06:59:09.182337 CST | [antmaze-large-play-v2] kl                 1
2026-04-25 06:59:09.182361 CST | [antmaze-large-play-v2] ---------------  ----------
2026-04-25 07:01:30.998520 CST | [antmaze-large-play-v2] ---------------  ----------
2026-04-25 07:01:30.998623 CST | [antmaze-large-play-v2] Training Epochs  184
2026-04-25 07:01:30.998652 CST | [antmaze-large-play-v2] AverageReturn      0.9
2026-04-25 07:01:30.998680 CST | [antmaze-large-play-v2] NormReturn         0.9
2026-04-25 07:01:30.998704 CST | [antmaze-large-play-v2] L_Act             28.0829
2026-04-25 07:01:30.998729 CST | [antmaze-large-play-v2] L_Crit             0.709832
2026-04-25 07:01:30.998752 CST | [antmaze-large-play-v2] Weight             0.685067
2026-04-25 07:01:30.998776 CST | [antmaze-large-play-v2] kl                 1
2026-04-25 07:01:30.998800 CST | [antmaze-large-play-v2] ---------------  ----------
2026-04-25 07:03:53.752420 CST | [antmaze-large-play-v2] ---------------  ----------
2026-04-25 07:03:53.752519 CST | [antmaze-large-play-v2] Training Epochs  185
2026-04-25 07:03:53.752548 CST | [antmaze-large-play-v2] AverageReturn      0.6
2026-04-25 07:03:53.752573 CST | [antmaze-large-play-v2] NormReturn         0.6
2026-04-25 07:03:53.752597 CST | [antmaze-large-play-v2] L_Act             28.0923
2026-04-25 07:03:53.752621 CST | [antmaze-large-play-v2] L_Crit             0.711644
2026-04-25 07:03:53.752645 CST | [antmaze-large-play-v2] Weight             0.685005
2026-04-25 07:03:53.752668 CST | [antmaze-large-play-v2] kl                 1
2026-04-25 07:03:53.752691 CST | [antmaze-large-play-v2] ---------------  ----------
2026-04-25 07:06:17.317028 CST | [antmaze-large-play-v2] ---------------  ----------
2026-04-25 07:06:17.317122 CST | [antmaze-large-play-v2] Training Epochs  186
2026-04-25 07:06:17.317150 CST | [antmaze-large-play-v2] AverageReturn      0.7
2026-04-25 07:06:17.317174 CST | [antmaze-large-play-v2] NormReturn         0.7
2026-04-25 07:06:17.317197 CST | [antmaze-large-play-v2] L_Act             28.0619
2026-04-25 07:06:17.317220 CST | [antmaze-large-play-v2] L_Crit             0.712755
2026-04-25 07:06:17.317243 CST | [antmaze-large-play-v2] Weight             0.685467
2026-04-25 07:06:17.317266 CST | [antmaze-large-play-v2] kl                 1
2026-04-25 07:06:17.317289 CST | [antmaze-large-play-v2] ---------------  ----------
2026-04-25 07:08:39.812773 CST | [antmaze-large-play-v2] ---------------  ----------
2026-04-25 07:08:39.812851 CST | [antmaze-large-play-v2] Training Epochs  187
2026-04-25 07:08:39.812880 CST | [antmaze-large-play-v2] AverageReturn      0.6
2026-04-25 07:08:39.812906 CST | [antmaze-large-play-v2] NormReturn         0.6
2026-04-25 07:08:39.812931 CST | [antmaze-large-play-v2] L_Act             28.0283
2026-04-25 07:08:39.812954 CST | [antmaze-large-play-v2] L_Crit             0.712815
2026-04-25 07:08:39.812978 CST | [antmaze-large-play-v2] Weight             0.685826
2026-04-25 07:08:39.813002 CST | [antmaze-large-play-v2] kl                 1
2026-04-25 07:08:39.813026 CST | [antmaze-large-play-v2] ---------------  ----------
2026-04-25 07:11:00.930744 CST | [antmaze-large-play-v2] ---------------  ----------
2026-04-25 07:11:00.930850 CST | [antmaze-large-play-v2] Training Epochs  188
2026-04-25 07:11:00.930879 CST | [antmaze-large-play-v2] AverageReturn      0.8
2026-04-25 07:11:00.930905 CST | [antmaze-large-play-v2] NormReturn         0.8
2026-04-25 07:11:00.930930 CST | [antmaze-large-play-v2] L_Act             28.0295
2026-04-25 07:11:00.930954 CST | [antmaze-large-play-v2] L_Crit             0.709418
2026-04-25 07:11:00.930977 CST | [antmaze-large-play-v2] Weight             0.685837
2026-04-25 07:11:00.931000 CST | [antmaze-large-play-v2] kl                 1
2026-04-25 07:11:00.931024 CST | [antmaze-large-play-v2] ---------------  ----------
2026-04-25 07:13:18.664241 CST | [antmaze-large-play-v2] ---------------  ----------
2026-04-25 07:13:18.664341 CST | [antmaze-large-play-v2] Training Epochs  189
2026-04-25 07:13:18.664371 CST | [antmaze-large-play-v2] AverageReturn      1
2026-04-25 07:13:18.664395 CST | [antmaze-large-play-v2] NormReturn         1
2026-04-25 07:13:18.664419 CST | [antmaze-large-play-v2] L_Act             28.0322
2026-04-25 07:13:18.664442 CST | [antmaze-large-play-v2] L_Crit             0.711535
2026-04-25 07:13:18.664465 CST | [antmaze-large-play-v2] Weight             0.685485
2026-04-25 07:13:18.664488 CST | [antmaze-large-play-v2] kl                 1
2026-04-25 07:13:18.664515 CST | [antmaze-large-play-v2] ---------------  ----------
2026-04-25 07:15:38.942327 CST | [antmaze-large-play-v2] ---------------  ----------
2026-04-25 07:15:38.942518 CST | [antmaze-large-play-v2] Training Epochs  190
2026-04-25 07:15:38.942587 CST | [antmaze-large-play-v2] AverageReturn      1
2026-04-25 07:15:38.942645 CST | [antmaze-large-play-v2] NormReturn         1
2026-04-25 07:15:38.942699 CST | [antmaze-large-play-v2] L_Act             28.0806
2026-04-25 07:15:38.942751 CST | [antmaze-large-play-v2] L_Crit             0.70917
2026-04-25 07:15:38.942801 CST | [antmaze-large-play-v2] Weight             0.685588
2026-04-25 07:15:38.942850 CST | [antmaze-large-play-v2] kl                 1
2026-04-25 07:15:38.942897 CST | [antmaze-large-play-v2] ---------------  ----------
2026-04-25 07:17:59.669680 CST | [antmaze-large-play-v2] ---------------  ----------
2026-04-25 07:17:59.669776 CST | [antmaze-large-play-v2] Training Epochs  191
2026-04-25 07:17:59.669805 CST | [antmaze-large-play-v2] AverageReturn      0.8
2026-04-25 07:17:59.669829 CST | [antmaze-large-play-v2] NormReturn         0.8
2026-04-25 07:17:59.669853 CST | [antmaze-large-play-v2] L_Act             28.1081
2026-04-25 07:17:59.669877 CST | [antmaze-large-play-v2] L_Crit             0.710656
2026-04-25 07:17:59.669900 CST | [antmaze-large-play-v2] Weight             0.686378
2026-04-25 07:17:59.669923 CST | [antmaze-large-play-v2] kl                 1
2026-04-25 07:17:59.669946 CST | [antmaze-large-play-v2] ---------------  ----------
2026-04-25 07:20:23.305458 CST | [antmaze-large-play-v2] ---------------  ----------
2026-04-25 07:20:23.305566 CST | [antmaze-large-play-v2] Training Epochs  192
2026-04-25 07:20:23.305595 CST | [antmaze-large-play-v2] AverageReturn      0.6
2026-04-25 07:20:23.305620 CST | [antmaze-large-play-v2] NormReturn         0.6
2026-04-25 07:20:23.305643 CST | [antmaze-large-play-v2] L_Act             28.0498
2026-04-25 07:20:23.305666 CST | [antmaze-large-play-v2] L_Crit             0.703342
2026-04-25 07:20:23.305689 CST | [antmaze-large-play-v2] Weight             0.686347
2026-04-25 07:20:23.305712 CST | [antmaze-large-play-v2] kl                 1
2026-04-25 07:20:23.305735 CST | [antmaze-large-play-v2] ---------------  ----------
2026-04-25 07:22:44.923189 CST | [antmaze-large-play-v2] ---------------  ----------
2026-04-25 07:22:44.923282 CST | [antmaze-large-play-v2] Training Epochs  193
2026-04-25 07:22:44.923310 CST | [antmaze-large-play-v2] AverageReturn      0.8
2026-04-25 07:22:44.923335 CST | [antmaze-large-play-v2] NormReturn         0.8
2026-04-25 07:22:44.923360 CST | [antmaze-large-play-v2] L_Act             28.0452
2026-04-25 07:22:44.923384 CST | [antmaze-large-play-v2] L_Crit             0.708772
2026-04-25 07:22:44.923407 CST | [antmaze-large-play-v2] Weight             0.686017
2026-04-25 07:22:44.923431 CST | [antmaze-large-play-v2] kl                 1
2026-04-25 07:22:44.923455 CST | [antmaze-large-play-v2] ---------------  ----------
2026-04-25 07:25:06.192923 CST | [antmaze-large-play-v2] ---------------  ----------
2026-04-25 07:25:06.193002 CST | [antmaze-large-play-v2] Training Epochs  194
2026-04-25 07:25:06.193030 CST | [antmaze-large-play-v2] AverageReturn      0.8
2026-04-25 07:25:06.193054 CST | [antmaze-large-play-v2] NormReturn         0.8
2026-04-25 07:25:06.193078 CST | [antmaze-large-play-v2] L_Act             28.0569
2026-04-25 07:25:06.193102 CST | [antmaze-large-play-v2] L_Crit             0.71384
2026-04-25 07:25:06.193125 CST | [antmaze-large-play-v2] Weight             0.685753
2026-04-25 07:25:06.193148 CST | [antmaze-large-play-v2] kl                 1
2026-04-25 07:25:06.193171 CST | [antmaze-large-play-v2] ---------------  ----------
2026-04-25 07:27:27.337692 CST | [antmaze-large-play-v2] ---------------  ----------
2026-04-25 07:27:27.337788 CST | [antmaze-large-play-v2] Training Epochs  195
2026-04-25 07:27:27.337816 CST | [antmaze-large-play-v2] AverageReturn      0.8
2026-04-25 07:27:27.337841 CST | [antmaze-large-play-v2] NormReturn         0.8
2026-04-25 07:27:27.337867 CST | [antmaze-large-play-v2] L_Act             28.0335
2026-04-25 07:27:27.337891 CST | [antmaze-large-play-v2] L_Crit             0.713725
2026-04-25 07:27:27.337914 CST | [antmaze-large-play-v2] Weight             0.685918
2026-04-25 07:27:27.337937 CST | [antmaze-large-play-v2] kl                 1
2026-04-25 07:27:27.337959 CST | [antmaze-large-play-v2] ---------------  ----------
2026-04-25 07:29:52.505777 CST | [antmaze-large-play-v2] ---------------  ----------
2026-04-25 07:29:52.505887 CST | [antmaze-large-play-v2] Training Epochs  196
2026-04-25 07:29:52.505915 CST | [antmaze-large-play-v2] AverageReturn      0.4
2026-04-25 07:29:52.505940 CST | [antmaze-large-play-v2] NormReturn         0.4
2026-04-25 07:29:52.505964 CST | [antmaze-large-play-v2] L_Act             28.0065
2026-04-25 07:29:52.505988 CST | [antmaze-large-play-v2] L_Crit             0.715732
2026-04-25 07:29:52.506012 CST | [antmaze-large-play-v2] Weight             0.685926
2026-04-25 07:29:52.506035 CST | [antmaze-large-play-v2] kl                 1
2026-04-25 07:29:52.506057 CST | [antmaze-large-play-v2] ---------------  ----------
2026-04-25 07:32:13.184928 CST | [antmaze-large-play-v2] ---------------  ----------
2026-04-25 07:32:13.185022 CST | [antmaze-large-play-v2] Training Epochs  197
2026-04-25 07:32:13.185050 CST | [antmaze-large-play-v2] AverageReturn      0.9
2026-04-25 07:32:13.185075 CST | [antmaze-large-play-v2] NormReturn         0.9
2026-04-25 07:32:13.185099 CST | [antmaze-large-play-v2] L_Act             27.9854
2026-04-25 07:32:13.185123 CST | [antmaze-large-play-v2] L_Crit             0.709216
2026-04-25 07:32:13.185146 CST | [antmaze-large-play-v2] Weight             0.686602
2026-04-25 07:32:13.185169 CST | [antmaze-large-play-v2] kl                 1
2026-04-25 07:32:13.185193 CST | [antmaze-large-play-v2] ---------------  ----------
2026-04-25 07:34:34.191592 CST | [antmaze-large-play-v2] ---------------  ----------
2026-04-25 07:34:34.191803 CST | [antmaze-large-play-v2] Training Epochs  198
2026-04-25 07:34:34.191872 CST | [antmaze-large-play-v2] AverageReturn      0.8
2026-04-25 07:34:34.191931 CST | [antmaze-large-play-v2] NormReturn         0.8
2026-04-25 07:34:34.191986 CST | [antmaze-large-play-v2] L_Act             27.9877
2026-04-25 07:34:34.192037 CST | [antmaze-large-play-v2] L_Crit             0.709829
2026-04-25 07:34:34.192087 CST | [antmaze-large-play-v2] Weight             0.686659
2026-04-25 07:34:34.192135 CST | [antmaze-large-play-v2] kl                 1
2026-04-25 07:34:34.192183 CST | [antmaze-large-play-v2] ---------------  ----------
2026-04-25 07:36:57.154922 CST | [antmaze-large-play-v2] ---------------  ----------
2026-04-25 07:36:57.155024 CST | [antmaze-large-play-v2] Training Epochs  199
2026-04-25 07:36:57.155054 CST | [antmaze-large-play-v2] AverageReturn      0.8
2026-04-25 07:36:57.155080 CST | [antmaze-large-play-v2] NormReturn         0.8
2026-04-25 07:36:57.155104 CST | [antmaze-large-play-v2] L_Act             27.9992
2026-04-25 07:36:57.155128 CST | [antmaze-large-play-v2] L_Crit             0.705793
2026-04-25 07:36:57.155152 CST | [antmaze-large-play-v2] Weight             0.686144
2026-04-25 07:36:57.155175 CST | [antmaze-large-play-v2] kl                 1
2026-04-25 07:36:57.155199 CST | [antmaze-large-play-v2] ---------------  ----------
2026-04-25 07:39:18.806495 CST | [antmaze-large-play-v2] ---------------  ----------
2026-04-25 07:39:18.806587 CST | [antmaze-large-play-v2] Training Epochs  200
2026-04-25 07:39:18.806616 CST | [antmaze-large-play-v2] AverageReturn      0.9
2026-04-25 07:39:18.806641 CST | [antmaze-large-play-v2] NormReturn         0.9
2026-04-25 07:39:18.806665 CST | [antmaze-large-play-v2] L_Act             27.988
2026-04-25 07:39:18.806687 CST | [antmaze-large-play-v2] L_Crit             0.70499
2026-04-25 07:39:18.806710 CST | [antmaze-large-play-v2] Weight             0.686626
2026-04-25 07:39:18.806733 CST | [antmaze-large-play-v2] kl                 1
2026-04-25 07:39:18.806756 CST | [antmaze-large-play-v2] ---------------  ----------
2026-04-25 07:41:45.490211 CST | [antmaze-large-play-v2] ---------------  ----------
2026-04-25 07:41:45.490307 CST | [antmaze-large-play-v2] Training Epochs  201
2026-04-25 07:41:45.490335 CST | [antmaze-large-play-v2] AverageReturn      0.5
2026-04-25 07:41:45.490361 CST | [antmaze-large-play-v2] NormReturn         0.5
2026-04-25 07:41:45.490385 CST | [antmaze-large-play-v2] L_Act             28.0209
2026-04-25 07:41:45.490409 CST | [antmaze-large-play-v2] L_Crit             0.709787
2026-04-25 07:41:45.490432 CST | [antmaze-large-play-v2] Weight             0.686013
2026-04-25 07:41:45.490455 CST | [antmaze-large-play-v2] kl                 1
2026-04-25 07:41:45.490478 CST | [antmaze-large-play-v2] ---------------  ----------
2026-04-25 07:44:08.462313 CST | [antmaze-large-play-v2] ---------------  ----------
2026-04-25 07:44:08.462391 CST | [antmaze-large-play-v2] Training Epochs  202
2026-04-25 07:44:08.462418 CST | [antmaze-large-play-v2] AverageReturn      0.7
2026-04-25 07:44:08.462442 CST | [antmaze-large-play-v2] NormReturn         0.7
2026-04-25 07:44:08.462466 CST | [antmaze-large-play-v2] L_Act             27.9829
2026-04-25 07:44:08.462489 CST | [antmaze-large-play-v2] L_Crit             0.713212
2026-04-25 07:44:08.462511 CST | [antmaze-large-play-v2] Weight             0.687041
2026-04-25 07:44:08.462535 CST | [antmaze-large-play-v2] kl                 1
2026-04-25 07:44:08.462557 CST | [antmaze-large-play-v2] ---------------  ----------
2026-04-25 07:46:30.249816 CST | [antmaze-large-play-v2] ---------------  ----------
2026-04-25 07:46:30.249907 CST | [antmaze-large-play-v2] Training Epochs  203
2026-04-25 07:46:30.249935 CST | [antmaze-large-play-v2] AverageReturn      0.9
2026-04-25 07:46:30.249960 CST | [antmaze-large-play-v2] NormReturn         0.9
2026-04-25 07:46:30.249984 CST | [antmaze-large-play-v2] L_Act             27.9719
2026-04-25 07:46:30.250008 CST | [antmaze-large-play-v2] L_Crit             0.711964
2026-04-25 07:46:30.250032 CST | [antmaze-large-play-v2] Weight             0.686014
2026-04-25 07:46:30.250056 CST | [antmaze-large-play-v2] kl                 1
2026-04-25 07:46:30.250079 CST | [antmaze-large-play-v2] ---------------  ----------
2026-04-25 07:48:50.979374 CST | [antmaze-large-play-v2] ---------------  ----------
2026-04-25 07:48:50.979470 CST | [antmaze-large-play-v2] Training Epochs  204
2026-04-25 07:48:50.979499 CST | [antmaze-large-play-v2] AverageReturn      1
2026-04-25 07:48:50.979523 CST | [antmaze-large-play-v2] NormReturn         1
2026-04-25 07:48:50.979546 CST | [antmaze-large-play-v2] L_Act             27.9699
2026-04-25 07:48:50.979569 CST | [antmaze-large-play-v2] L_Crit             0.711286
2026-04-25 07:48:50.979592 CST | [antmaze-large-play-v2] Weight             0.68607
2026-04-25 07:48:50.979616 CST | [antmaze-large-play-v2] kl                 1
2026-04-25 07:48:50.979639 CST | [antmaze-large-play-v2] ---------------  ----------
2026-04-25 07:51:12.654874 CST | [antmaze-large-play-v2] ---------------  ----------
2026-04-25 07:51:12.654966 CST | [antmaze-large-play-v2] Training Epochs  205
2026-04-25 07:51:12.654995 CST | [antmaze-large-play-v2] AverageReturn      0.8
2026-04-25 07:51:12.655020 CST | [antmaze-large-play-v2] NormReturn         0.8
2026-04-25 07:51:12.655044 CST | [antmaze-large-play-v2] L_Act             27.9321
2026-04-25 07:51:12.655068 CST | [antmaze-large-play-v2] L_Crit             0.704539
2026-04-25 07:51:12.655092 CST | [antmaze-large-play-v2] Weight             0.686726
2026-04-25 07:51:12.655116 CST | [antmaze-large-play-v2] kl                 1
2026-04-25 07:51:12.655140 CST | [antmaze-large-play-v2] ---------------  ----------
2026-04-25 07:53:34.871345 CST | [antmaze-large-play-v2] ---------------  ----------
2026-04-25 07:53:34.871450 CST | [antmaze-large-play-v2] Training Epochs  206
2026-04-25 07:53:34.871479 CST | [antmaze-large-play-v2] AverageReturn      0.8
2026-04-25 07:53:34.871503 CST | [antmaze-large-play-v2] NormReturn         0.8
2026-04-25 07:53:34.871527 CST | [antmaze-large-play-v2] L_Act             27.9817
2026-04-25 07:53:34.871557 CST | [antmaze-large-play-v2] L_Crit             0.703698
2026-04-25 07:53:34.871580 CST | [antmaze-large-play-v2] Weight             0.685466
2026-04-25 07:53:34.871603 CST | [antmaze-large-play-v2] kl                 1
2026-04-25 07:53:34.871626 CST | [antmaze-large-play-v2] ---------------  ----------
2026-04-25 07:55:55.679407 CST | [antmaze-large-play-v2] ---------------  ----------
2026-04-25 07:55:55.679506 CST | [antmaze-large-play-v2] Training Epochs  207
2026-04-25 07:55:55.679536 CST | [antmaze-large-play-v2] AverageReturn      1
2026-04-25 07:55:55.679561 CST | [antmaze-large-play-v2] NormReturn         1
2026-04-25 07:55:55.679585 CST | [antmaze-large-play-v2] L_Act             27.9901
2026-04-25 07:55:55.679609 CST | [antmaze-large-play-v2] L_Crit             0.710267
2026-04-25 07:55:55.679632 CST | [antmaze-large-play-v2] Weight             0.686717
2026-04-25 07:55:55.679655 CST | [antmaze-large-play-v2] kl                 1
2026-04-25 07:55:55.679678 CST | [antmaze-large-play-v2] ---------------  ----------
2026-04-25 07:58:15.912404 CST | [antmaze-large-play-v2] ---------------  ----------
2026-04-25 07:58:15.912505 CST | [antmaze-large-play-v2] Training Epochs  208
2026-04-25 07:58:15.912534 CST | [antmaze-large-play-v2] AverageReturn      1
2026-04-25 07:58:15.912559 CST | [antmaze-large-play-v2] NormReturn         1
2026-04-25 07:58:15.912582 CST | [antmaze-large-play-v2] L_Act             27.9426
2026-04-25 07:58:15.912605 CST | [antmaze-large-play-v2] L_Crit             0.710081
2026-04-25 07:58:15.912629 CST | [antmaze-large-play-v2] Weight             0.686341
2026-04-25 07:58:15.912652 CST | [antmaze-large-play-v2] kl                 1
2026-04-25 07:58:15.912675 CST | [antmaze-large-play-v2] ---------------  ----------
2026-04-25 08:00:35.840866 CST | [antmaze-large-play-v2] ---------------  ----------
2026-04-25 08:00:35.840943 CST | [antmaze-large-play-v2] Training Epochs  209
2026-04-25 08:00:35.840972 CST | [antmaze-large-play-v2] AverageReturn      1
2026-04-25 08:00:35.840997 CST | [antmaze-large-play-v2] NormReturn         1
2026-04-25 08:00:35.841021 CST | [antmaze-large-play-v2] L_Act             27.9434
2026-04-25 08:00:35.841045 CST | [antmaze-large-play-v2] L_Crit             0.710266
2026-04-25 08:00:35.841069 CST | [antmaze-large-play-v2] Weight             0.687012
2026-04-25 08:00:35.841093 CST | [antmaze-large-play-v2] kl                 1
2026-04-25 08:00:35.841117 CST | [antmaze-large-play-v2] ---------------  ----------
2026-04-25 08:03:00.689737 CST | [antmaze-large-play-v2] ---------------  ----------
2026-04-25 08:03:00.689837 CST | [antmaze-large-play-v2] Training Epochs  210
2026-04-25 08:03:00.689865 CST | [antmaze-large-play-v2] AverageReturn      0.6
2026-04-25 08:03:00.689890 CST | [antmaze-large-play-v2] NormReturn         0.6
2026-04-25 08:03:00.689913 CST | [antmaze-large-play-v2] L_Act             27.9433
2026-04-25 08:03:00.689936 CST | [antmaze-large-play-v2] L_Crit             0.710826
2026-04-25 08:03:00.689959 CST | [antmaze-large-play-v2] Weight             0.686821
2026-04-25 08:03:00.689991 CST | [antmaze-large-play-v2] kl                 1
2026-04-25 08:03:00.690014 CST | [antmaze-large-play-v2] ---------------  ----------
2026-04-25 08:05:23.250446 CST | [antmaze-large-play-v2] ---------------  ----------
2026-04-25 08:05:23.250547 CST | [antmaze-large-play-v2] Training Epochs  211
2026-04-25 08:05:23.250576 CST | [antmaze-large-play-v2] AverageReturn      0.8
2026-04-25 08:05:23.250601 CST | [antmaze-large-play-v2] NormReturn         0.8
2026-04-25 08:05:23.250624 CST | [antmaze-large-play-v2] L_Act             27.9184
2026-04-25 08:05:23.250648 CST | [antmaze-large-play-v2] L_Crit             0.713845
2026-04-25 08:05:23.250671 CST | [antmaze-large-play-v2] Weight             0.686604
2026-04-25 08:05:23.250694 CST | [antmaze-large-play-v2] kl                 1
2026-04-25 08:05:23.250717 CST | [antmaze-large-play-v2] ---------------  ----------
2026-04-25 08:07:44.911692 CST | [antmaze-large-play-v2] ---------------  ----------
2026-04-25 08:07:44.911801 CST | [antmaze-large-play-v2] Training Epochs  212
2026-04-25 08:07:44.911830 CST | [antmaze-large-play-v2] AverageReturn      0.9
2026-04-25 08:07:44.911856 CST | [antmaze-large-play-v2] NormReturn         0.9
2026-04-25 08:07:44.911881 CST | [antmaze-large-play-v2] L_Act             27.9097
2026-04-25 08:07:44.911904 CST | [antmaze-large-play-v2] L_Crit             0.715469
2026-04-25 08:07:44.911928 CST | [antmaze-large-play-v2] Weight             0.686959
2026-04-25 08:07:44.911952 CST | [antmaze-large-play-v2] kl                 1
2026-04-25 08:07:44.911975 CST | [antmaze-large-play-v2] ---------------  ----------
2026-04-25 08:10:09.042485 CST | [antmaze-large-play-v2] ---------------  ----------
2026-04-25 08:10:09.042684 CST | [antmaze-large-play-v2] Training Epochs  213
2026-04-25 08:10:09.042752 CST | [antmaze-large-play-v2] AverageReturn      0.7
2026-04-25 08:10:09.042809 CST | [antmaze-large-play-v2] NormReturn         0.7
2026-04-25 08:10:09.042862 CST | [antmaze-large-play-v2] L_Act             27.9313
2026-04-25 08:10:09.042912 CST | [antmaze-large-play-v2] L_Crit             0.715665
2026-04-25 08:10:09.042960 CST | [antmaze-large-play-v2] Weight             0.686533
2026-04-25 08:10:09.043007 CST | [antmaze-large-play-v2] kl                 1
2026-04-25 08:10:09.043054 CST | [antmaze-large-play-v2] ---------------  ----------
2026-04-25 08:12:30.929390 CST | [antmaze-large-play-v2] ---------------  ----------
2026-04-25 08:12:30.929483 CST | [antmaze-large-play-v2] Training Epochs  214
2026-04-25 08:12:30.929510 CST | [antmaze-large-play-v2] AverageReturn      0.9
2026-04-25 08:12:30.929535 CST | [antmaze-large-play-v2] NormReturn         0.9
2026-04-25 08:12:30.929559 CST | [antmaze-large-play-v2] L_Act             27.9052
2026-04-25 08:12:30.929583 CST | [antmaze-large-play-v2] L_Crit             0.709587
2026-04-25 08:12:30.929606 CST | [antmaze-large-play-v2] Weight             0.687109
2026-04-25 08:12:30.929629 CST | [antmaze-large-play-v2] kl                 1
2026-04-25 08:12:30.929652 CST | [antmaze-large-play-v2] ---------------  ----------
2026-04-25 08:14:54.151237 CST | [antmaze-large-play-v2] ---------------  ----------
2026-04-25 08:14:54.151332 CST | [antmaze-large-play-v2] Training Epochs  215
2026-04-25 08:14:54.151361 CST | [antmaze-large-play-v2] AverageReturn      0.9
2026-04-25 08:14:54.151386 CST | [antmaze-large-play-v2] NormReturn         0.9
2026-04-25 08:14:54.151409 CST | [antmaze-large-play-v2] L_Act             27.8839
2026-04-25 08:14:54.151432 CST | [antmaze-large-play-v2] L_Crit             0.710389
2026-04-25 08:14:54.151455 CST | [antmaze-large-play-v2] Weight             0.68686
2026-04-25 08:14:54.151478 CST | [antmaze-large-play-v2] kl                 1
2026-04-25 08:14:54.151501 CST | [antmaze-large-play-v2] ---------------  ----------
2026-04-25 08:17:17.753862 CST | [antmaze-large-play-v2] ---------------  ----------
2026-04-25 08:17:17.753940 CST | [antmaze-large-play-v2] Training Epochs  216
2026-04-25 08:17:17.753969 CST | [antmaze-large-play-v2] AverageReturn      0.9
2026-04-25 08:17:17.753996 CST | [antmaze-large-play-v2] NormReturn         0.9
2026-04-25 08:17:17.754020 CST | [antmaze-large-play-v2] L_Act             27.9064
2026-04-25 08:17:17.754044 CST | [antmaze-large-play-v2] L_Crit             0.711284
2026-04-25 08:17:17.754067 CST | [antmaze-large-play-v2] Weight             0.686584
2026-04-25 08:17:17.754090 CST | [antmaze-large-play-v2] kl                 1
2026-04-25 08:17:17.754114 CST | [antmaze-large-play-v2] ---------------  ----------
2026-04-25 08:19:41.645442 CST | [antmaze-large-play-v2] ---------------  ----------
2026-04-25 08:19:41.645536 CST | [antmaze-large-play-v2] Training Epochs  217
2026-04-25 08:19:41.645565 CST | [antmaze-large-play-v2] AverageReturn      0.7
2026-04-25 08:19:41.645589 CST | [antmaze-large-play-v2] NormReturn         0.7
2026-04-25 08:19:41.645613 CST | [antmaze-large-play-v2] L_Act             27.9259
2026-04-25 08:19:41.645636 CST | [antmaze-large-play-v2] L_Crit             0.709853
2026-04-25 08:19:41.645662 CST | [antmaze-large-play-v2] Weight             0.687016
2026-04-25 08:19:41.645685 CST | [antmaze-large-play-v2] kl                 1
2026-04-25 08:19:41.645708 CST | [antmaze-large-play-v2] ---------------  ----------
2026-04-25 08:22:04.223928 CST | [antmaze-large-play-v2] ---------------  ----------
2026-04-25 08:22:04.224028 CST | [antmaze-large-play-v2] Training Epochs  218
2026-04-25 08:22:04.224056 CST | [antmaze-large-play-v2] AverageReturn      0.8
2026-04-25 08:22:04.224082 CST | [antmaze-large-play-v2] NormReturn         0.8
2026-04-25 08:22:04.224106 CST | [antmaze-large-play-v2] L_Act             27.8962
2026-04-25 08:22:04.224130 CST | [antmaze-large-play-v2] L_Crit             0.703354
2026-04-25 08:22:04.224154 CST | [antmaze-large-play-v2] Weight             0.686539
2026-04-25 08:22:04.224177 CST | [antmaze-large-play-v2] kl                 1
2026-04-25 08:22:04.224201 CST | [antmaze-large-play-v2] ---------------  ----------
2026-04-25 08:24:26.315536 CST | [antmaze-large-play-v2] ---------------  ----------
2026-04-25 08:24:26.315634 CST | [antmaze-large-play-v2] Training Epochs  219
2026-04-25 08:24:26.315663 CST | [antmaze-large-play-v2] AverageReturn      0.9
2026-04-25 08:24:26.315689 CST | [antmaze-large-play-v2] NormReturn         0.9
2026-04-25 08:24:26.315713 CST | [antmaze-large-play-v2] L_Act             27.8835
2026-04-25 08:24:26.315737 CST | [antmaze-large-play-v2] L_Crit             0.709461
2026-04-25 08:24:26.315761 CST | [antmaze-large-play-v2] Weight             0.686778
2026-04-25 08:24:26.315785 CST | [antmaze-large-play-v2] kl                 1
2026-04-25 08:24:26.315808 CST | [antmaze-large-play-v2] ---------------  ----------
2026-04-25 08:26:47.875853 CST | [antmaze-large-play-v2] ---------------  ----------
2026-04-25 08:26:47.875947 CST | [antmaze-large-play-v2] Training Epochs  220
2026-04-25 08:26:47.875977 CST | [antmaze-large-play-v2] AverageReturn      0.8
2026-04-25 08:26:47.876003 CST | [antmaze-large-play-v2] NormReturn         0.8
2026-04-25 08:26:47.876027 CST | [antmaze-large-play-v2] L_Act             27.8439
2026-04-25 08:26:47.876051 CST | [antmaze-large-play-v2] L_Crit             0.715554
2026-04-25 08:26:47.876075 CST | [antmaze-large-play-v2] Weight             0.687094
2026-04-25 08:26:47.876099 CST | [antmaze-large-play-v2] kl                 1
2026-04-25 08:26:47.876123 CST | [antmaze-large-play-v2] ---------------  ----------
2026-04-25 08:29:11.745710 CST | [antmaze-large-play-v2] ---------------  ----------
2026-04-25 08:29:11.745806 CST | [antmaze-large-play-v2] Training Epochs  221
2026-04-25 08:29:11.745834 CST | [antmaze-large-play-v2] AverageReturn      0.9
2026-04-25 08:29:11.745860 CST | [antmaze-large-play-v2] NormReturn         0.9
2026-04-25 08:29:11.745884 CST | [antmaze-large-play-v2] L_Act             27.8564
2026-04-25 08:29:11.745907 CST | [antmaze-large-play-v2] L_Crit             0.717071
2026-04-25 08:29:11.745930 CST | [antmaze-large-play-v2] Weight             0.687164
2026-04-25 08:29:11.745953 CST | [antmaze-large-play-v2] kl                 1
2026-04-25 08:29:11.745976 CST | [antmaze-large-play-v2] ---------------  ----------
2026-04-25 08:31:32.484737 CST | [antmaze-large-play-v2] ---------------  ----------
2026-04-25 08:31:32.484837 CST | [antmaze-large-play-v2] Training Epochs  222
2026-04-25 08:31:32.484865 CST | [antmaze-large-play-v2] AverageReturn      0.9
2026-04-25 08:31:32.484890 CST | [antmaze-large-play-v2] NormReturn         0.9
2026-04-25 08:31:32.484913 CST | [antmaze-large-play-v2] L_Act             27.8671
2026-04-25 08:31:32.484937 CST | [antmaze-large-play-v2] L_Crit             0.707746
2026-04-25 08:31:32.484960 CST | [antmaze-large-play-v2] Weight             0.68708
2026-04-25 08:31:32.484982 CST | [antmaze-large-play-v2] kl                 1
2026-04-25 08:31:32.485006 CST | [antmaze-large-play-v2] ---------------  ----------
2026-04-25 08:33:54.922613 CST | [antmaze-large-play-v2] ---------------  ----------
2026-04-25 08:33:54.922824 CST | [antmaze-large-play-v2] Training Epochs  223
2026-04-25 08:33:54.922903 CST | [antmaze-large-play-v2] AverageReturn      0.9
2026-04-25 08:33:54.922963 CST | [antmaze-large-play-v2] NormReturn         0.9
2026-04-25 08:33:54.923017 CST | [antmaze-large-play-v2] L_Act             27.8729
2026-04-25 08:33:54.923068 CST | [antmaze-large-play-v2] L_Crit             0.713772
2026-04-25 08:33:54.923117 CST | [antmaze-large-play-v2] Weight             0.687057
2026-04-25 08:33:54.923165 CST | [antmaze-large-play-v2] kl                 1
2026-04-25 08:33:54.923213 CST | [antmaze-large-play-v2] ---------------  ----------
2026-04-25 08:36:19.606443 CST | [antmaze-large-play-v2] ---------------  ----------
2026-04-25 08:36:19.606519 CST | [antmaze-large-play-v2] Training Epochs  224
2026-04-25 08:36:19.606548 CST | [antmaze-large-play-v2] AverageReturn      0.6
2026-04-25 08:36:19.606574 CST | [antmaze-large-play-v2] NormReturn         0.6
2026-04-25 08:36:19.606598 CST | [antmaze-large-play-v2] L_Act             27.9018
2026-04-25 08:36:19.606622 CST | [antmaze-large-play-v2] L_Crit             0.713731
2026-04-25 08:36:19.606645 CST | [antmaze-large-play-v2] Weight             0.68726
2026-04-25 08:36:19.606668 CST | [antmaze-large-play-v2] kl                 1
2026-04-25 08:36:19.606692 CST | [antmaze-large-play-v2] ---------------  ----------
2026-04-25 08:38:42.456253 CST | [antmaze-large-play-v2] ---------------  ----------
2026-04-25 08:38:42.456354 CST | [antmaze-large-play-v2] Training Epochs  225
2026-04-25 08:38:42.456382 CST | [antmaze-large-play-v2] AverageReturn      0.8
2026-04-25 08:38:42.456407 CST | [antmaze-large-play-v2] NormReturn         0.8
2026-04-25 08:38:42.456432 CST | [antmaze-large-play-v2] L_Act             27.8805
2026-04-25 08:38:42.456455 CST | [antmaze-large-play-v2] L_Crit             0.712099
2026-04-25 08:38:42.456479 CST | [antmaze-large-play-v2] Weight             0.686953
2026-04-25 08:38:42.456502 CST | [antmaze-large-play-v2] kl                 1
2026-04-25 08:38:42.456525 CST | [antmaze-large-play-v2] ---------------  ----------
2026-04-25 08:41:05.216203 CST | [antmaze-large-play-v2] ---------------  ----------
2026-04-25 08:41:05.216305 CST | [antmaze-large-play-v2] Training Epochs  226
2026-04-25 08:41:05.216333 CST | [antmaze-large-play-v2] AverageReturn      0.9
2026-04-25 08:41:05.216358 CST | [antmaze-large-play-v2] NormReturn         0.9
2026-04-25 08:41:05.216382 CST | [antmaze-large-play-v2] L_Act             27.8993
2026-04-25 08:41:05.216405 CST | [antmaze-large-play-v2] L_Crit             0.706807
2026-04-25 08:41:05.216429 CST | [antmaze-large-play-v2] Weight             0.687585
2026-04-25 08:41:05.216452 CST | [antmaze-large-play-v2] kl                 1
2026-04-25 08:41:05.216475 CST | [antmaze-large-play-v2] ---------------  ----------
2026-04-25 08:43:29.926868 CST | [antmaze-large-play-v2] ---------------  ----------
2026-04-25 08:43:29.926967 CST | [antmaze-large-play-v2] Training Epochs  227
2026-04-25 08:43:29.927001 CST | [antmaze-large-play-v2] AverageReturn      0.5
2026-04-25 08:43:29.927025 CST | [antmaze-large-play-v2] NormReturn         0.5
2026-04-25 08:43:29.927048 CST | [antmaze-large-play-v2] L_Act             27.8779
2026-04-25 08:43:29.927071 CST | [antmaze-large-play-v2] L_Crit             0.709405
2026-04-25 08:43:29.927095 CST | [antmaze-large-play-v2] Weight             0.687795
2026-04-25 08:43:29.927118 CST | [antmaze-large-play-v2] kl                 1
2026-04-25 08:43:29.927141 CST | [antmaze-large-play-v2] ---------------  ----------
2026-04-25 08:45:53.177710 CST | [antmaze-large-play-v2] ---------------  ----------
2026-04-25 08:45:53.177800 CST | [antmaze-large-play-v2] Training Epochs  228
2026-04-25 08:45:53.177828 CST | [antmaze-large-play-v2] AverageReturn      0.9
2026-04-25 08:45:53.177853 CST | [antmaze-large-play-v2] NormReturn         0.9
2026-04-25 08:45:53.177876 CST | [antmaze-large-play-v2] L_Act             27.9253
2026-04-25 08:45:53.177900 CST | [antmaze-large-play-v2] L_Crit             0.714325
2026-04-25 08:45:53.177923 CST | [antmaze-large-play-v2] Weight             0.686583
2026-04-25 08:45:53.177949 CST | [antmaze-large-play-v2] kl                 1
2026-04-25 08:45:53.177972 CST | [antmaze-large-play-v2] ---------------  ----------
2026-04-25 08:48:16.516772 CST | [antmaze-large-play-v2] ---------------  ----------
2026-04-25 08:48:16.516876 CST | [antmaze-large-play-v2] Training Epochs  229
2026-04-25 08:48:16.516904 CST | [antmaze-large-play-v2] AverageReturn      0.8
2026-04-25 08:48:16.516930 CST | [antmaze-large-play-v2] NormReturn         0.8
2026-04-25 08:48:16.516956 CST | [antmaze-large-play-v2] L_Act             27.8971
2026-04-25 08:48:16.516980 CST | [antmaze-large-play-v2] L_Crit             0.709578
2026-04-25 08:48:16.517004 CST | [antmaze-large-play-v2] Weight             0.688291
2026-04-25 08:48:16.517028 CST | [antmaze-large-play-v2] kl                 1
2026-04-25 08:48:16.517051 CST | [antmaze-large-play-v2] ---------------  ----------
2026-04-25 08:50:41.291105 CST | [antmaze-large-play-v2] ---------------  ----------
2026-04-25 08:50:41.291197 CST | [antmaze-large-play-v2] Training Epochs  230
2026-04-25 08:50:41.291225 CST | [antmaze-large-play-v2] AverageReturn      0.6
2026-04-25 08:50:41.291250 CST | [antmaze-large-play-v2] NormReturn         0.6
2026-04-25 08:50:41.291273 CST | [antmaze-large-play-v2] L_Act             27.8849
2026-04-25 08:50:41.291297 CST | [antmaze-large-play-v2] L_Crit             0.710185
2026-04-25 08:50:41.291321 CST | [antmaze-large-play-v2] Weight             0.686668
2026-04-25 08:50:41.291344 CST | [antmaze-large-play-v2] kl                 1
2026-04-25 08:50:41.291368 CST | [antmaze-large-play-v2] ---------------  ----------
2026-04-25 08:53:04.998266 CST | [antmaze-large-play-v2] ---------------  ----------
2026-04-25 08:53:04.998346 CST | [antmaze-large-play-v2] Training Epochs  231
2026-04-25 08:53:04.998374 CST | [antmaze-large-play-v2] AverageReturn      0.8
2026-04-25 08:53:04.998398 CST | [antmaze-large-play-v2] NormReturn         0.8
2026-04-25 08:53:04.998421 CST | [antmaze-large-play-v2] L_Act             27.8471
2026-04-25 08:53:04.998445 CST | [antmaze-large-play-v2] L_Crit             0.715923
2026-04-25 08:53:04.998469 CST | [antmaze-large-play-v2] Weight             0.688062
2026-04-25 08:53:04.998492 CST | [antmaze-large-play-v2] kl                 1
2026-04-25 08:53:04.998515 CST | [antmaze-large-play-v2] ---------------  ----------
2026-04-25 08:55:30.814410 CST | [antmaze-large-play-v2] ---------------  ----------
2026-04-25 08:55:30.814503 CST | [antmaze-large-play-v2] Training Epochs  232
2026-04-25 08:55:30.814533 CST | [antmaze-large-play-v2] AverageReturn      0.7
2026-04-25 08:55:30.814558 CST | [antmaze-large-play-v2] NormReturn         0.7
2026-04-25 08:55:30.814582 CST | [antmaze-large-play-v2] L_Act             27.851
2026-04-25 08:55:30.814606 CST | [antmaze-large-play-v2] L_Crit             0.711693
2026-04-25 08:55:30.814630 CST | [antmaze-large-play-v2] Weight             0.687055
2026-04-25 08:55:30.814654 CST | [antmaze-large-play-v2] kl                 1
2026-04-25 08:55:30.814678 CST | [antmaze-large-play-v2] ---------------  ----------
2026-04-25 08:57:54.979178 CST | [antmaze-large-play-v2] ---------------  ----------
2026-04-25 08:57:54.979279 CST | [antmaze-large-play-v2] Training Epochs  233
2026-04-25 08:57:54.979308 CST | [antmaze-large-play-v2] AverageReturn      0.7
2026-04-25 08:57:54.979333 CST | [antmaze-large-play-v2] NormReturn         0.7
2026-04-25 08:57:54.979357 CST | [antmaze-large-play-v2] L_Act             27.8605
2026-04-25 08:57:54.979380 CST | [antmaze-large-play-v2] L_Crit             0.721429
2026-04-25 08:57:54.979403 CST | [antmaze-large-play-v2] Weight             0.687701
2026-04-25 08:57:54.979426 CST | [antmaze-large-play-v2] kl                 1
2026-04-25 08:57:54.979449 CST | [antmaze-large-play-v2] ---------------  ----------
2026-04-25 09:00:19.783298 CST | [antmaze-large-play-v2] ---------------  ----------
2026-04-25 09:00:19.783392 CST | [antmaze-large-play-v2] Training Epochs  234
2026-04-25 09:00:19.783425 CST | [antmaze-large-play-v2] AverageReturn      0.7
2026-04-25 09:00:19.783450 CST | [antmaze-large-play-v2] NormReturn         0.7
2026-04-25 09:00:19.783474 CST | [antmaze-large-play-v2] L_Act             27.8426
2026-04-25 09:00:19.783498 CST | [antmaze-large-play-v2] L_Crit             0.714597
2026-04-25 09:00:19.783522 CST | [antmaze-large-play-v2] Weight             0.68746
2026-04-25 09:00:19.783546 CST | [antmaze-large-play-v2] kl                 1
2026-04-25 09:00:19.783570 CST | [antmaze-large-play-v2] ---------------  ----------
2026-04-25 09:02:44.056570 CST | [antmaze-large-play-v2] ---------------  ----------
2026-04-25 09:02:44.056674 CST | [antmaze-large-play-v2] Training Epochs  235
2026-04-25 09:02:44.056703 CST | [antmaze-large-play-v2] AverageReturn      0.8
2026-04-25 09:02:44.056728 CST | [antmaze-large-play-v2] NormReturn         0.8
2026-04-25 09:02:44.056758 CST | [antmaze-large-play-v2] L_Act             27.8664
2026-04-25 09:02:44.056788 CST | [antmaze-large-play-v2] L_Crit             0.714748
2026-04-25 09:02:44.056812 CST | [antmaze-large-play-v2] Weight             0.687824
2026-04-25 09:02:44.056836 CST | [antmaze-large-play-v2] kl                 1
2026-04-25 09:02:44.056859 CST | [antmaze-large-play-v2] ---------------  ----------
2026-04-25 09:05:07.506535 CST | [antmaze-large-play-v2] ---------------  ----------
2026-04-25 09:05:07.506627 CST | [antmaze-large-play-v2] Training Epochs  236
2026-04-25 09:05:07.506656 CST | [antmaze-large-play-v2] AverageReturn      0.8
2026-04-25 09:05:07.506681 CST | [antmaze-large-play-v2] NormReturn         0.8
2026-04-25 09:05:07.506704 CST | [antmaze-large-play-v2] L_Act             27.8194
2026-04-25 09:05:07.506727 CST | [antmaze-large-play-v2] L_Crit             0.719605
2026-04-25 09:05:07.506750 CST | [antmaze-large-play-v2] Weight             0.688355
2026-04-25 09:05:07.506773 CST | [antmaze-large-play-v2] kl                 1
2026-04-25 09:05:07.506796 CST | [antmaze-large-play-v2] ---------------  ----------
2026-04-25 09:07:31.009097 CST | [antmaze-large-play-v2] ---------------  ----------
2026-04-25 09:07:31.009196 CST | [antmaze-large-play-v2] Training Epochs  237
2026-04-25 09:07:31.009226 CST | [antmaze-large-play-v2] AverageReturn      0.9
2026-04-25 09:07:31.009250 CST | [antmaze-large-play-v2] NormReturn         0.9
2026-04-25 09:07:31.009275 CST | [antmaze-large-play-v2] L_Act             27.7902
2026-04-25 09:07:31.009299 CST | [antmaze-large-play-v2] L_Crit             0.716821
2026-04-25 09:07:31.009323 CST | [antmaze-large-play-v2] Weight             0.687771
2026-04-25 09:07:31.009346 CST | [antmaze-large-play-v2] kl                 1
2026-04-25 09:07:31.009370 CST | [antmaze-large-play-v2] ---------------  ----------
2026-04-25 09:09:54.782029 CST | [antmaze-large-play-v2] ---------------  ----------
2026-04-25 09:09:54.782107 CST | [antmaze-large-play-v2] Training Epochs  238
2026-04-25 09:09:54.782137 CST | [antmaze-large-play-v2] AverageReturn      0.8
2026-04-25 09:09:54.782162 CST | [antmaze-large-play-v2] NormReturn         0.8
2026-04-25 09:09:54.782187 CST | [antmaze-large-play-v2] L_Act             27.8482
2026-04-25 09:09:54.782211 CST | [antmaze-large-play-v2] L_Crit             0.709529
2026-04-25 09:09:54.782234 CST | [antmaze-large-play-v2] Weight             0.688337
2026-04-25 09:09:54.782258 CST | [antmaze-large-play-v2] kl                 1
2026-04-25 09:09:54.782282 CST | [antmaze-large-play-v2] ---------------  ----------
2026-04-25 09:12:18.585902 CST | [antmaze-large-play-v2] ---------------  ----------
2026-04-25 09:12:18.585995 CST | [antmaze-large-play-v2] Training Epochs  239
2026-04-25 09:12:18.586025 CST | [antmaze-large-play-v2] AverageReturn      0.8
2026-04-25 09:12:18.586050 CST | [antmaze-large-play-v2] NormReturn         0.8
2026-04-25 09:12:18.586075 CST | [antmaze-large-play-v2] L_Act             27.8567
2026-04-25 09:12:18.586098 CST | [antmaze-large-play-v2] L_Crit             0.710365
2026-04-25 09:12:18.586122 CST | [antmaze-large-play-v2] Weight             0.688069
2026-04-25 09:12:18.586155 CST | [antmaze-large-play-v2] kl                 1
2026-04-25 09:12:18.586178 CST | [antmaze-large-play-v2] ---------------  ----------
2026-04-25 09:14:44.036860 CST | [antmaze-large-play-v2] ---------------  ----------
2026-04-25 09:14:44.036954 CST | [antmaze-large-play-v2] Training Epochs  240
2026-04-25 09:14:44.036983 CST | [antmaze-large-play-v2] AverageReturn      0.6
2026-04-25 09:14:44.037008 CST | [antmaze-large-play-v2] NormReturn         0.6
2026-04-25 09:14:44.037033 CST | [antmaze-large-play-v2] L_Act             27.8611
2026-04-25 09:14:44.037056 CST | [antmaze-large-play-v2] L_Crit             0.708171
2026-04-25 09:14:44.037079 CST | [antmaze-large-play-v2] Weight             0.688086
2026-04-25 09:14:44.037102 CST | [antmaze-large-play-v2] kl                 1
2026-04-25 09:14:44.037125 CST | [antmaze-large-play-v2] ---------------  ----------
2026-04-25 09:17:08.599806 CST | [antmaze-large-play-v2] ---------------  ----------
2026-04-25 09:17:08.599904 CST | [antmaze-large-play-v2] Training Epochs  241
2026-04-25 09:17:08.599932 CST | [antmaze-large-play-v2] AverageReturn      0.7
2026-04-25 09:17:08.599956 CST | [antmaze-large-play-v2] NormReturn         0.7
2026-04-25 09:17:08.599980 CST | [antmaze-large-play-v2] L_Act             27.8247
2026-04-25 09:17:08.600003 CST | [antmaze-large-play-v2] L_Crit             0.71927
2026-04-25 09:17:08.600026 CST | [antmaze-large-play-v2] Weight             0.688884
2026-04-25 09:17:08.600049 CST | [antmaze-large-play-v2] kl                 1
2026-04-25 09:17:08.600072 CST | [antmaze-large-play-v2] ---------------  ----------
2026-04-25 09:19:34.123742 CST | [antmaze-large-play-v2] ---------------  ----------
2026-04-25 09:19:34.123838 CST | [antmaze-large-play-v2] Training Epochs  242
2026-04-25 09:19:34.123865 CST | [antmaze-large-play-v2] AverageReturn      0.6
2026-04-25 09:19:34.123889 CST | [antmaze-large-play-v2] NormReturn         0.6
2026-04-25 09:19:34.123912 CST | [antmaze-large-play-v2] L_Act             27.8293
2026-04-25 09:19:34.123936 CST | [antmaze-large-play-v2] L_Crit             0.711265
2026-04-25 09:19:34.123960 CST | [antmaze-large-play-v2] Weight             0.688025
2026-04-25 09:19:34.123983 CST | [antmaze-large-play-v2] kl                 1
2026-04-25 09:19:34.124006 CST | [antmaze-large-play-v2] ---------------  ----------
2026-04-25 09:21:55.648785 CST | [antmaze-large-play-v2] ---------------  ----------
2026-04-25 09:21:55.648880 CST | [antmaze-large-play-v2] Training Epochs  243
2026-04-25 09:21:55.648909 CST | [antmaze-large-play-v2] AverageReturn      1
2026-04-25 09:21:55.648934 CST | [antmaze-large-play-v2] NormReturn         1
2026-04-25 09:21:55.648958 CST | [antmaze-large-play-v2] L_Act             27.8108
2026-04-25 09:21:55.648982 CST | [antmaze-large-play-v2] L_Crit             0.708044
2026-04-25 09:21:55.649006 CST | [antmaze-large-play-v2] Weight             0.688755
2026-04-25 09:21:55.649030 CST | [antmaze-large-play-v2] kl                 1
2026-04-25 09:21:55.649054 CST | [antmaze-large-play-v2] ---------------  ----------
2026-04-25 09:24:16.821339 CST | [antmaze-large-play-v2] ---------------  ----------
2026-04-25 09:24:16.821438 CST | [antmaze-large-play-v2] Training Epochs  244
2026-04-25 09:24:16.821466 CST | [antmaze-large-play-v2] AverageReturn      0.9
2026-04-25 09:24:16.821491 CST | [antmaze-large-play-v2] NormReturn         0.9
2026-04-25 09:24:16.821515 CST | [antmaze-large-play-v2] L_Act             27.7838
2026-04-25 09:24:16.821538 CST | [antmaze-large-play-v2] L_Crit             0.709667
2026-04-25 09:24:16.821561 CST | [antmaze-large-play-v2] Weight             0.689033
2026-04-25 09:24:16.821584 CST | [antmaze-large-play-v2] kl                 1
2026-04-25 09:24:16.821607 CST | [antmaze-large-play-v2] ---------------  ----------
2026-04-25 09:26:40.561289 CST | [antmaze-large-play-v2] ---------------  ----------
2026-04-25 09:26:40.561387 CST | [antmaze-large-play-v2] Training Epochs  245
2026-04-25 09:26:40.561416 CST | [antmaze-large-play-v2] AverageReturn      0.8
2026-04-25 09:26:40.561443 CST | [antmaze-large-play-v2] NormReturn         0.8
2026-04-25 09:26:40.561467 CST | [antmaze-large-play-v2] L_Act             27.785
2026-04-25 09:26:40.561490 CST | [antmaze-large-play-v2] L_Crit             0.716496
2026-04-25 09:26:40.561513 CST | [antmaze-large-play-v2] Weight             0.688791
2026-04-25 09:26:40.561536 CST | [antmaze-large-play-v2] kl                 1
2026-04-25 09:26:40.561559 CST | [antmaze-large-play-v2] ---------------  ----------
2026-04-25 09:29:05.279472 CST | [antmaze-large-play-v2] ---------------  ----------
2026-04-25 09:29:05.279550 CST | [antmaze-large-play-v2] Training Epochs  246
2026-04-25 09:29:05.279579 CST | [antmaze-large-play-v2] AverageReturn      0.8
2026-04-25 09:29:05.279603 CST | [antmaze-large-play-v2] NormReturn         0.8
2026-04-25 09:29:05.279626 CST | [antmaze-large-play-v2] L_Act             27.7966
2026-04-25 09:29:05.279650 CST | [antmaze-large-play-v2] L_Crit             0.71941
2026-04-25 09:29:05.279674 CST | [antmaze-large-play-v2] Weight             0.689302
2026-04-25 09:29:05.279697 CST | [antmaze-large-play-v2] kl                 1
2026-04-25 09:29:05.279720 CST | [antmaze-large-play-v2] ---------------  ----------
2026-04-25 09:31:31.990016 CST | [antmaze-large-play-v2] ---------------  ----------
2026-04-25 09:31:31.990105 CST | [antmaze-large-play-v2] Training Epochs  247
2026-04-25 09:31:31.990136 CST | [antmaze-large-play-v2] AverageReturn      0.6
2026-04-25 09:31:31.990162 CST | [antmaze-large-play-v2] NormReturn         0.6
2026-04-25 09:31:31.990187 CST | [antmaze-large-play-v2] L_Act             27.7724
2026-04-25 09:31:31.990211 CST | [antmaze-large-play-v2] L_Crit             0.71272
2026-04-25 09:31:31.990235 CST | [antmaze-large-play-v2] Weight             0.689589
2026-04-25 09:31:31.990259 CST | [antmaze-large-play-v2] kl                 1
2026-04-25 09:31:31.990282 CST | [antmaze-large-play-v2] ---------------  ----------
2026-04-25 09:33:53.420251 CST | [antmaze-large-play-v2] ---------------  ----------
2026-04-25 09:33:53.420341 CST | [antmaze-large-play-v2] Training Epochs  248
2026-04-25 09:33:53.420370 CST | [antmaze-large-play-v2] AverageReturn      0.9
2026-04-25 09:33:53.420395 CST | [antmaze-large-play-v2] NormReturn         0.9
2026-04-25 09:33:53.420419 CST | [antmaze-large-play-v2] L_Act             27.7364
2026-04-25 09:33:53.420443 CST | [antmaze-large-play-v2] L_Crit             0.713726
2026-04-25 09:33:53.420466 CST | [antmaze-large-play-v2] Weight             0.689383
2026-04-25 09:33:53.420490 CST | [antmaze-large-play-v2] kl                 1
2026-04-25 09:33:53.420514 CST | [antmaze-large-play-v2] ---------------  ----------
2026-04-25 09:36:15.866384 CST | [antmaze-large-play-v2] ---------------  ----------
2026-04-25 09:36:15.866478 CST | [antmaze-large-play-v2] Training Epochs  249
2026-04-25 09:36:15.866508 CST | [antmaze-large-play-v2] AverageReturn      1
2026-04-25 09:36:15.866533 CST | [antmaze-large-play-v2] NormReturn         1
2026-04-25 09:36:15.866557 CST | [antmaze-large-play-v2] L_Act             27.7208
2026-04-25 09:36:15.866581 CST | [antmaze-large-play-v2] L_Crit             0.715976
2026-04-25 09:36:15.866605 CST | [antmaze-large-play-v2] Weight             0.689625
2026-04-25 09:36:15.866628 CST | [antmaze-large-play-v2] kl                 1
2026-04-25 09:36:15.866652 CST | [antmaze-large-play-v2] ---------------  ----------
2026-04-25 09:38:41.272044 CST | [antmaze-large-play-v2] ---------------  ----------
2026-04-25 09:38:41.272145 CST | [antmaze-large-play-v2] Training Epochs  250
2026-04-25 09:38:41.272172 CST | [antmaze-large-play-v2] AverageReturn      0.6
2026-04-25 09:38:41.272197 CST | [antmaze-large-play-v2] NormReturn         0.6
2026-04-25 09:38:41.272221 CST | [antmaze-large-play-v2] L_Act             27.7625
2026-04-25 09:38:41.272244 CST | [antmaze-large-play-v2] L_Crit             0.714073
2026-04-25 09:38:41.272267 CST | [antmaze-large-play-v2] Weight             0.688864
2026-04-25 09:38:41.272290 CST | [antmaze-large-play-v2] kl                 1
2026-04-25 09:38:41.272316 CST | [antmaze-large-play-v2] ---------------  ----------
2026-04-25 09:41:06.033800 CST | [antmaze-large-play-v2] ---------------  ----------
2026-04-25 09:41:06.033904 CST | [antmaze-large-play-v2] Training Epochs  251
2026-04-25 09:41:06.033932 CST | [antmaze-large-play-v2] AverageReturn      0.8
2026-04-25 09:41:06.033957 CST | [antmaze-large-play-v2] NormReturn         0.8
2026-04-25 09:41:06.033980 CST | [antmaze-large-play-v2] L_Act             27.732
2026-04-25 09:41:06.034003 CST | [antmaze-large-play-v2] L_Crit             0.716606
2026-04-25 09:41:06.034026 CST | [antmaze-large-play-v2] Weight             0.689522
2026-04-25 09:41:06.034049 CST | [antmaze-large-play-v2] kl                 1
2026-04-25 09:41:06.034072 CST | [antmaze-large-play-v2] ---------------  ----------
2026-04-25 09:43:29.089039 CST | [antmaze-large-play-v2] ---------------  ----------
2026-04-25 09:43:29.089139 CST | [antmaze-large-play-v2] Training Epochs  252
2026-04-25 09:43:29.089169 CST | [antmaze-large-play-v2] AverageReturn      0.9
2026-04-25 09:43:29.089195 CST | [antmaze-large-play-v2] NormReturn         0.9
2026-04-25 09:43:29.089219 CST | [antmaze-large-play-v2] L_Act             27.7531
2026-04-25 09:43:29.089244 CST | [antmaze-large-play-v2] L_Crit             0.704954
2026-04-25 09:43:29.089268 CST | [antmaze-large-play-v2] Weight             0.689888
2026-04-25 09:43:29.089291 CST | [antmaze-large-play-v2] kl                 1
2026-04-25 09:43:29.089315 CST | [antmaze-large-play-v2] ---------------  ----------
2026-04-25 09:45:56.711437 CST | [antmaze-large-play-v2] ---------------  ----------
2026-04-25 09:45:56.711518 CST | [antmaze-large-play-v2] Training Epochs  253
2026-04-25 09:45:56.711547 CST | [antmaze-large-play-v2] AverageReturn      0.5
2026-04-25 09:45:56.711572 CST | [antmaze-large-play-v2] NormReturn         0.5
2026-04-25 09:45:56.711596 CST | [antmaze-large-play-v2] L_Act             27.7044
2026-04-25 09:45:56.711619 CST | [antmaze-large-play-v2] L_Crit             0.706804
2026-04-25 09:45:56.711642 CST | [antmaze-large-play-v2] Weight             0.690041
2026-04-25 09:45:56.711666 CST | [antmaze-large-play-v2] kl                 1
2026-04-25 09:45:56.711688 CST | [antmaze-large-play-v2] ---------------  ----------
2026-04-25 09:48:23.527991 CST | [antmaze-large-play-v2] ---------------  ----------
2026-04-25 09:48:23.528087 CST | [antmaze-large-play-v2] Training Epochs  254
2026-04-25 09:48:23.528116 CST | [antmaze-large-play-v2] AverageReturn      0.7
2026-04-25 09:48:23.528140 CST | [antmaze-large-play-v2] NormReturn         0.7
2026-04-25 09:48:23.528164 CST | [antmaze-large-play-v2] L_Act             27.7215
2026-04-25 09:48:23.528187 CST | [antmaze-large-play-v2] L_Crit             0.712749
2026-04-25 09:48:23.528211 CST | [antmaze-large-play-v2] Weight             0.689257
2026-04-25 09:48:23.528234 CST | [antmaze-large-play-v2] kl                 1
2026-04-25 09:48:23.528257 CST | [antmaze-large-play-v2] ---------------  ----------
2026-04-25 09:50:46.665738 CST | [antmaze-large-play-v2] ---------------  ----------
2026-04-25 09:50:46.665836 CST | [antmaze-large-play-v2] Training Epochs  255
2026-04-25 09:50:46.665865 CST | [antmaze-large-play-v2] AverageReturn      0.9
2026-04-25 09:50:46.665890 CST | [antmaze-large-play-v2] NormReturn         0.9
2026-04-25 09:50:46.665915 CST | [antmaze-large-play-v2] L_Act             27.6956
2026-04-25 09:50:46.665938 CST | [antmaze-large-play-v2] L_Crit             0.716002
2026-04-25 09:50:46.665961 CST | [antmaze-large-play-v2] Weight             0.690724
2026-04-25 09:50:46.665984 CST | [antmaze-large-play-v2] kl                 1
2026-04-25 09:50:46.666007 CST | [antmaze-large-play-v2] ---------------  ----------
2026-04-25 09:53:11.899493 CST | [antmaze-large-play-v2] ---------------  ---------
2026-04-25 09:53:11.899699 CST | [antmaze-large-play-v2] Training Epochs  256
2026-04-25 09:53:11.899767 CST | [antmaze-large-play-v2] AverageReturn      0.8
2026-04-25 09:53:11.899823 CST | [antmaze-large-play-v2] NormReturn         0.8
2026-04-25 09:53:11.899886 CST | [antmaze-large-play-v2] L_Act             27.6916
2026-04-25 09:53:11.899938 CST | [antmaze-large-play-v2] L_Crit             0.71941
2026-04-25 09:53:11.899986 CST | [antmaze-large-play-v2] Weight             0.68999
2026-04-25 09:53:11.900033 CST | [antmaze-large-play-v2] kl                 1
2026-04-25 09:53:11.900080 CST | [antmaze-large-play-v2] ---------------  ---------
2026-04-25 09:55:37.089900 CST | [antmaze-large-play-v2] ---------------  ----------
2026-04-25 09:55:37.089998 CST | [antmaze-large-play-v2] Training Epochs  257
2026-04-25 09:55:37.090026 CST | [antmaze-large-play-v2] AverageReturn      0.7
2026-04-25 09:55:37.090051 CST | [antmaze-large-play-v2] NormReturn         0.7
2026-04-25 09:55:37.090074 CST | [antmaze-large-play-v2] L_Act             27.7198
2026-04-25 09:55:37.090097 CST | [antmaze-large-play-v2] L_Crit             0.709261
2026-04-25 09:55:37.090120 CST | [antmaze-large-play-v2] Weight             0.690495
2026-04-25 09:55:37.090144 CST | [antmaze-large-play-v2] kl                 1
2026-04-25 09:55:37.090167 CST | [antmaze-large-play-v2] ---------------  ----------
2026-04-25 09:58:00.410144 CST | [antmaze-large-play-v2] ---------------  ----------
2026-04-25 09:58:00.410240 CST | [antmaze-large-play-v2] Training Epochs  258
2026-04-25 09:58:00.410269 CST | [antmaze-large-play-v2] AverageReturn      0.9
2026-04-25 09:58:00.410295 CST | [antmaze-large-play-v2] NormReturn         0.9
2026-04-25 09:58:00.410319 CST | [antmaze-large-play-v2] L_Act             27.7081
2026-04-25 09:58:00.410343 CST | [antmaze-large-play-v2] L_Crit             0.715867
2026-04-25 09:58:00.410366 CST | [antmaze-large-play-v2] Weight             0.690883
2026-04-25 09:58:00.410390 CST | [antmaze-large-play-v2] kl                 1
2026-04-25 09:58:00.410413 CST | [antmaze-large-play-v2] ---------------  ----------
2026-04-25 10:00:26.366881 CST | [antmaze-large-play-v2] ---------------  ----------
2026-04-25 10:00:26.366979 CST | [antmaze-large-play-v2] Training Epochs  259
2026-04-25 10:00:26.367007 CST | [antmaze-large-play-v2] AverageReturn      0.7
2026-04-25 10:00:26.367033 CST | [antmaze-large-play-v2] NormReturn         0.7
2026-04-25 10:00:26.367058 CST | [antmaze-large-play-v2] L_Act             27.7023
2026-04-25 10:00:26.367081 CST | [antmaze-large-play-v2] L_Crit             0.709529
2026-04-25 10:00:26.367106 CST | [antmaze-large-play-v2] Weight             0.690196
2026-04-25 10:00:26.367130 CST | [antmaze-large-play-v2] kl                 1
2026-04-25 10:00:26.367154 CST | [antmaze-large-play-v2] ---------------  ----------
2026-04-25 10:02:50.195208 CST | [antmaze-large-play-v2] ---------------  ----------
2026-04-25 10:02:50.195287 CST | [antmaze-large-play-v2] Training Epochs  260
2026-04-25 10:02:50.195315 CST | [antmaze-large-play-v2] AverageReturn      0.9
2026-04-25 10:02:50.195340 CST | [antmaze-large-play-v2] NormReturn         0.9
2026-04-25 10:02:50.195363 CST | [antmaze-large-play-v2] L_Act             27.7095
2026-04-25 10:02:50.195386 CST | [antmaze-large-play-v2] L_Crit             0.714919
2026-04-25 10:02:50.195409 CST | [antmaze-large-play-v2] Weight             0.690338
2026-04-25 10:02:50.195432 CST | [antmaze-large-play-v2] kl                 1
2026-04-25 10:02:50.195455 CST | [antmaze-large-play-v2] ---------------  ----------
2026-04-25 10:05:16.737211 CST | [antmaze-large-play-v2] ---------------  ----------
2026-04-25 10:05:16.737309 CST | [antmaze-large-play-v2] Training Epochs  261
2026-04-25 10:05:16.737338 CST | [antmaze-large-play-v2] AverageReturn      0.7
2026-04-25 10:05:16.737363 CST | [antmaze-large-play-v2] NormReturn         0.7
2026-04-25 10:05:16.737388 CST | [antmaze-large-play-v2] L_Act             27.701
2026-04-25 10:05:16.737411 CST | [antmaze-large-play-v2] L_Crit             0.714031
2026-04-25 10:05:16.737435 CST | [antmaze-large-play-v2] Weight             0.690527
2026-04-25 10:05:16.737458 CST | [antmaze-large-play-v2] kl                 1
2026-04-25 10:05:16.737481 CST | [antmaze-large-play-v2] ---------------  ----------
2026-04-25 10:07:43.561269 CST | [antmaze-large-play-v2] ---------------  ----------
2026-04-25 10:07:43.561373 CST | [antmaze-large-play-v2] Training Epochs  262
2026-04-25 10:07:43.561400 CST | [antmaze-large-play-v2] AverageReturn      0.4
2026-04-25 10:07:43.561424 CST | [antmaze-large-play-v2] NormReturn         0.4
2026-04-25 10:07:43.561448 CST | [antmaze-large-play-v2] L_Act             27.6962
2026-04-25 10:07:43.561471 CST | [antmaze-large-play-v2] L_Crit             0.713583
2026-04-25 10:07:43.561494 CST | [antmaze-large-play-v2] Weight             0.690926
2026-04-25 10:07:43.561517 CST | [antmaze-large-play-v2] kl                 1
2026-04-25 10:07:43.561540 CST | [antmaze-large-play-v2] ---------------  ----------
2026-04-25 10:10:07.410362 CST | [antmaze-large-play-v2] ---------------  ----------
2026-04-25 10:10:07.410458 CST | [antmaze-large-play-v2] Training Epochs  263
2026-04-25 10:10:07.410486 CST | [antmaze-large-play-v2] AverageReturn      1
2026-04-25 10:10:07.410509 CST | [antmaze-large-play-v2] NormReturn         1
2026-04-25 10:10:07.410533 CST | [antmaze-large-play-v2] L_Act             27.6962
2026-04-25 10:10:07.410556 CST | [antmaze-large-play-v2] L_Crit             0.713658
2026-04-25 10:10:07.410579 CST | [antmaze-large-play-v2] Weight             0.690494
2026-04-25 10:10:07.410601 CST | [antmaze-large-play-v2] kl                 1
2026-04-25 10:10:07.410624 CST | [antmaze-large-play-v2] ---------------  ----------
2026-04-25 10:12:33.097861 CST | [antmaze-large-play-v2] ---------------  ----------
2026-04-25 10:12:33.097950 CST | [antmaze-large-play-v2] Training Epochs  264
2026-04-25 10:12:33.097979 CST | [antmaze-large-play-v2] AverageReturn      1
2026-04-25 10:12:33.098003 CST | [antmaze-large-play-v2] NormReturn         1
2026-04-25 10:12:33.098027 CST | [antmaze-large-play-v2] L_Act             27.7157
2026-04-25 10:12:33.098051 CST | [antmaze-large-play-v2] L_Crit             0.712345
2026-04-25 10:12:33.098075 CST | [antmaze-large-play-v2] Weight             0.690171
2026-04-25 10:12:33.098099 CST | [antmaze-large-play-v2] kl                 1
2026-04-25 10:12:33.098122 CST | [antmaze-large-play-v2] ---------------  ----------
2026-04-25 10:15:00.488922 CST | [antmaze-large-play-v2] ---------------  ----------
2026-04-25 10:15:00.489015 CST | [antmaze-large-play-v2] Training Epochs  265
2026-04-25 10:15:00.489045 CST | [antmaze-large-play-v2] AverageReturn      0.7
2026-04-25 10:15:00.489070 CST | [antmaze-large-play-v2] NormReturn         0.7
2026-04-25 10:15:00.489093 CST | [antmaze-large-play-v2] L_Act             27.7038
2026-04-25 10:15:00.489116 CST | [antmaze-large-play-v2] L_Crit             0.711524
2026-04-25 10:15:00.489141 CST | [antmaze-large-play-v2] Weight             0.69109
2026-04-25 10:15:00.489164 CST | [antmaze-large-play-v2] kl                 1
2026-04-25 10:15:00.489187 CST | [antmaze-large-play-v2] ---------------  ----------
2026-04-25 10:17:26.391378 CST | [antmaze-large-play-v2] ---------------  ----------
2026-04-25 10:17:26.391471 CST | [antmaze-large-play-v2] Training Epochs  266
2026-04-25 10:17:26.391500 CST | [antmaze-large-play-v2] AverageReturn      0.7
2026-04-25 10:17:26.391527 CST | [antmaze-large-play-v2] NormReturn         0.7
2026-04-25 10:17:26.391551 CST | [antmaze-large-play-v2] L_Act             27.6955
2026-04-25 10:17:26.391574 CST | [antmaze-large-play-v2] L_Crit             0.713272
2026-04-25 10:17:26.391597 CST | [antmaze-large-play-v2] Weight             0.69116
2026-04-25 10:17:26.391620 CST | [antmaze-large-play-v2] kl                 1
2026-04-25 10:17:26.391643 CST | [antmaze-large-play-v2] ---------------  ----------
2026-04-25 10:19:51.442105 CST | [antmaze-large-play-v2] ---------------  ----------
2026-04-25 10:19:51.442198 CST | [antmaze-large-play-v2] Training Epochs  267
2026-04-25 10:19:51.442227 CST | [antmaze-large-play-v2] AverageReturn      0.8
2026-04-25 10:19:51.442253 CST | [antmaze-large-play-v2] NormReturn         0.8
2026-04-25 10:19:51.442279 CST | [antmaze-large-play-v2] L_Act             27.6651
2026-04-25 10:19:51.442306 CST | [antmaze-large-play-v2] L_Crit             0.711356
2026-04-25 10:19:51.442330 CST | [antmaze-large-play-v2] Weight             0.691438
2026-04-25 10:19:51.442354 CST | [antmaze-large-play-v2] kl                 1
2026-04-25 10:19:51.442378 CST | [antmaze-large-play-v2] ---------------  ----------
2026-04-25 10:22:16.487224 CST | [antmaze-large-play-v2] ---------------  ----------
2026-04-25 10:22:16.487304 CST | [antmaze-large-play-v2] Training Epochs  268
2026-04-25 10:22:16.487333 CST | [antmaze-large-play-v2] AverageReturn      0.9
2026-04-25 10:22:16.487358 CST | [antmaze-large-play-v2] NormReturn         0.9
2026-04-25 10:22:16.487381 CST | [antmaze-large-play-v2] L_Act             27.6724
2026-04-25 10:22:16.487405 CST | [antmaze-large-play-v2] L_Crit             0.715352
2026-04-25 10:22:16.487429 CST | [antmaze-large-play-v2] Weight             0.690762
2026-04-25 10:22:16.487452 CST | [antmaze-large-play-v2] kl                 1
2026-04-25 10:22:16.487476 CST | [antmaze-large-play-v2] ---------------  ----------
2026-04-25 10:24:41.445208 CST | [antmaze-large-play-v2] ---------------  ----------
2026-04-25 10:24:41.445305 CST | [antmaze-large-play-v2] Training Epochs  269
2026-04-25 10:24:41.445333 CST | [antmaze-large-play-v2] AverageReturn      0.9
2026-04-25 10:24:41.445357 CST | [antmaze-large-play-v2] NormReturn         0.9
2026-04-25 10:24:41.445381 CST | [antmaze-large-play-v2] L_Act             27.6418
2026-04-25 10:24:41.445404 CST | [antmaze-large-play-v2] L_Crit             0.708381
2026-04-25 10:24:41.445427 CST | [antmaze-large-play-v2] Weight             0.69119
2026-04-25 10:24:41.445450 CST | [antmaze-large-play-v2] kl                 1
2026-04-25 10:24:41.445473 CST | [antmaze-large-play-v2] ---------------  ----------
2026-04-25 10:27:08.575164 CST | [antmaze-large-play-v2] ---------------  ----------
2026-04-25 10:27:08.575263 CST | [antmaze-large-play-v2] Training Epochs  270
2026-04-25 10:27:08.575293 CST | [antmaze-large-play-v2] AverageReturn      0.6
2026-04-25 10:27:08.575319 CST | [antmaze-large-play-v2] NormReturn         0.6
2026-04-25 10:27:08.575343 CST | [antmaze-large-play-v2] L_Act             27.6206
2026-04-25 10:27:08.575367 CST | [antmaze-large-play-v2] L_Crit             0.714308
2026-04-25 10:27:08.575391 CST | [antmaze-large-play-v2] Weight             0.690999
2026-04-25 10:27:08.575416 CST | [antmaze-large-play-v2] kl                 1
2026-04-25 10:27:08.575439 CST | [antmaze-large-play-v2] ---------------  ----------
2026-04-25 10:29:31.932525 CST | [antmaze-large-play-v2] ---------------  ----------
2026-04-25 10:29:31.932720 CST | [antmaze-large-play-v2] Training Epochs  271
2026-04-25 10:29:31.932800 CST | [antmaze-large-play-v2] AverageReturn      1
2026-04-25 10:29:31.932859 CST | [antmaze-large-play-v2] NormReturn         1
2026-04-25 10:29:31.932915 CST | [antmaze-large-play-v2] L_Act             27.6718
2026-04-25 10:29:31.932966 CST | [antmaze-large-play-v2] L_Crit             0.707249
2026-04-25 10:29:31.933016 CST | [antmaze-large-play-v2] Weight             0.690759
2026-04-25 10:29:31.933066 CST | [antmaze-large-play-v2] kl                 1
2026-04-25 10:29:31.933114 CST | [antmaze-large-play-v2] ---------------  ----------
2026-04-25 10:31:58.234380 CST | [antmaze-large-play-v2] ---------------  ----------
2026-04-25 10:31:58.234477 CST | [antmaze-large-play-v2] Training Epochs  272
2026-04-25 10:31:58.234506 CST | [antmaze-large-play-v2] AverageReturn      0.8
2026-04-25 10:31:58.234531 CST | [antmaze-large-play-v2] NormReturn         0.8
2026-04-25 10:31:58.234554 CST | [antmaze-large-play-v2] L_Act             27.6548
2026-04-25 10:31:58.234577 CST | [antmaze-large-play-v2] L_Crit             0.702906
2026-04-25 10:31:58.234600 CST | [antmaze-large-play-v2] Weight             0.691977
2026-04-25 10:31:58.234623 CST | [antmaze-large-play-v2] kl                 1
2026-04-25 10:31:58.234647 CST | [antmaze-large-play-v2] ---------------  ----------
2026-04-25 10:34:40.834160 CST | [antmaze-large-play-v2] ---------------  ----------
2026-04-25 10:34:40.834266 CST | [antmaze-large-play-v2] Training Epochs  273
2026-04-25 10:34:40.834297 CST | [antmaze-large-play-v2] AverageReturn      0.9
2026-04-25 10:34:40.834323 CST | [antmaze-large-play-v2] NormReturn         0.9
2026-04-25 10:34:40.834348 CST | [antmaze-large-play-v2] L_Act             27.6231
2026-04-25 10:34:40.834373 CST | [antmaze-large-play-v2] L_Crit             0.714477
2026-04-25 10:34:40.834398 CST | [antmaze-large-play-v2] Weight             0.69066
2026-04-25 10:34:40.834423 CST | [antmaze-large-play-v2] kl                 1
2026-04-25 10:34:40.834454 CST | [antmaze-large-play-v2] ---------------  ----------
2026-04-25 10:37:42.860597 CST | [antmaze-large-play-v2] ---------------  ----------
2026-04-25 10:37:42.860699 CST | [antmaze-large-play-v2] Training Epochs  274
2026-04-25 10:37:42.860727 CST | [antmaze-large-play-v2] AverageReturn      0.7
2026-04-25 10:37:42.860757 CST | [antmaze-large-play-v2] NormReturn         0.7
2026-04-25 10:37:42.860782 CST | [antmaze-large-play-v2] L_Act             27.6548
2026-04-25 10:37:42.860805 CST | [antmaze-large-play-v2] L_Crit             0.709993
2026-04-25 10:37:42.860828 CST | [antmaze-large-play-v2] Weight             0.691522
2026-04-25 10:37:42.860852 CST | [antmaze-large-play-v2] kl                 1
2026-04-25 10:37:42.860875 CST | [antmaze-large-play-v2] ---------------  ----------
2026-04-25 10:40:21.442675 CST | [antmaze-large-play-v2] ---------------  ----------
2026-04-25 10:40:21.442755 CST | [antmaze-large-play-v2] Training Epochs  275
2026-04-25 10:40:21.442783 CST | [antmaze-large-play-v2] AverageReturn      0.9
2026-04-25 10:40:21.442808 CST | [antmaze-large-play-v2] NormReturn         0.9
2026-04-25 10:40:21.442832 CST | [antmaze-large-play-v2] L_Act             27.6593
2026-04-25 10:40:21.442855 CST | [antmaze-large-play-v2] L_Crit             0.70889
2026-04-25 10:40:21.442879 CST | [antmaze-large-play-v2] Weight             0.691401
2026-04-25 10:40:21.442902 CST | [antmaze-large-play-v2] kl                 1
2026-04-25 10:40:21.442925 CST | [antmaze-large-play-v2] ---------------  ----------
2026-04-25 10:42:59.512639 CST | [antmaze-large-play-v2] ---------------  ----------
2026-04-25 10:42:59.512761 CST | [antmaze-large-play-v2] Training Epochs  276
2026-04-25 10:42:59.512791 CST | [antmaze-large-play-v2] AverageReturn      0.9
2026-04-25 10:42:59.512817 CST | [antmaze-large-play-v2] NormReturn         0.9
2026-04-25 10:42:59.512841 CST | [antmaze-large-play-v2] L_Act             27.6708
2026-04-25 10:42:59.512864 CST | [antmaze-large-play-v2] L_Crit             0.705072
2026-04-25 10:42:59.512887 CST | [antmaze-large-play-v2] Weight             0.691475
2026-04-25 10:42:59.512910 CST | [antmaze-large-play-v2] kl                 1
2026-04-25 10:42:59.512934 CST | [antmaze-large-play-v2] ---------------  ----------
2026-04-25 10:45:37.019094 CST | [antmaze-large-play-v2] ---------------  ----------
2026-04-25 10:45:37.019205 CST | [antmaze-large-play-v2] Training Epochs  277
2026-04-25 10:45:37.019233 CST | [antmaze-large-play-v2] AverageReturn      0.8
2026-04-25 10:45:37.019258 CST | [antmaze-large-play-v2] NormReturn         0.8
2026-04-25 10:45:37.019281 CST | [antmaze-large-play-v2] L_Act             27.611
2026-04-25 10:45:37.019306 CST | [antmaze-large-play-v2] L_Crit             0.710435
2026-04-25 10:45:37.019329 CST | [antmaze-large-play-v2] Weight             0.690972
2026-04-25 10:45:37.019352 CST | [antmaze-large-play-v2] kl                 1
2026-04-25 10:45:37.019375 CST | [antmaze-large-play-v2] ---------------  ----------
2026-04-25 10:48:10.557427 CST | [antmaze-large-play-v2] ---------------  ----------
2026-04-25 10:48:10.557531 CST | [antmaze-large-play-v2] Training Epochs  278
2026-04-25 10:48:10.557562 CST | [antmaze-large-play-v2] AverageReturn      0.8
2026-04-25 10:48:10.557587 CST | [antmaze-large-play-v2] NormReturn         0.8
2026-04-25 10:48:10.557612 CST | [antmaze-large-play-v2] L_Act             27.6097
2026-04-25 10:48:10.557636 CST | [antmaze-large-play-v2] L_Crit             0.70769
2026-04-25 10:48:10.557665 CST | [antmaze-large-play-v2] Weight             0.691783
2026-04-25 10:48:10.557689 CST | [antmaze-large-play-v2] kl                 1
2026-04-25 10:48:10.557712 CST | [antmaze-large-play-v2] ---------------  ----------
2026-04-25 10:50:43.752261 CST | [antmaze-large-play-v2] ---------------  ----------
2026-04-25 10:50:43.752369 CST | [antmaze-large-play-v2] Training Epochs  279
2026-04-25 10:50:43.752398 CST | [antmaze-large-play-v2] AverageReturn      0.8
2026-04-25 10:50:43.752422 CST | [antmaze-large-play-v2] NormReturn         0.8
2026-04-25 10:50:43.752446 CST | [antmaze-large-play-v2] L_Act             27.6048
2026-04-25 10:50:43.752469 CST | [antmaze-large-play-v2] L_Crit             0.713422
2026-04-25 10:50:43.752492 CST | [antmaze-large-play-v2] Weight             0.692202
2026-04-25 10:50:43.752515 CST | [antmaze-large-play-v2] kl                 1
2026-04-25 10:50:43.752538 CST | [antmaze-large-play-v2] ---------------  ----------
2026-04-25 10:53:18.620955 CST | [antmaze-large-play-v2] ---------------  ----------
2026-04-25 10:53:18.621059 CST | [antmaze-large-play-v2] Training Epochs  280
2026-04-25 10:53:18.621088 CST | [antmaze-large-play-v2] AverageReturn      0.7
2026-04-25 10:53:18.621113 CST | [antmaze-large-play-v2] NormReturn         0.7
2026-04-25 10:53:18.621138 CST | [antmaze-large-play-v2] L_Act             27.5756
2026-04-25 10:53:18.621161 CST | [antmaze-large-play-v2] L_Crit             0.705074
2026-04-25 10:53:18.621185 CST | [antmaze-large-play-v2] Weight             0.692255
2026-04-25 10:53:18.621209 CST | [antmaze-large-play-v2] kl                 1
2026-04-25 10:53:18.621232 CST | [antmaze-large-play-v2] ---------------  ----------
2026-04-25 10:55:58.632766 CST | [antmaze-large-play-v2] ---------------  ----------
2026-04-25 10:55:58.632863 CST | [antmaze-large-play-v2] Training Epochs  281
2026-04-25 10:55:58.632892 CST | [antmaze-large-play-v2] AverageReturn      0.8
2026-04-25 10:55:58.632918 CST | [antmaze-large-play-v2] NormReturn         0.8
2026-04-25 10:55:58.632943 CST | [antmaze-large-play-v2] L_Act             27.5689
2026-04-25 10:55:58.632967 CST | [antmaze-large-play-v2] L_Crit             0.704119
2026-04-25 10:55:58.632991 CST | [antmaze-large-play-v2] Weight             0.692558
2026-04-25 10:55:58.633016 CST | [antmaze-large-play-v2] kl                 1
2026-04-25 10:55:58.633040 CST | [antmaze-large-play-v2] ---------------  ----------
