2026-04-25 00:00:11.960326 CST | [antmaze-large-play-v2] ---------------  ---------
2026-04-25 00:00:11.960629 CST | [antmaze-large-play-v2] Training Epochs   0
2026-04-25 00:00:11.960755 CST | [antmaze-large-play-v2] AverageReturn     0.1
2026-04-25 00:00:11.960864 CST | [antmaze-large-play-v2] NormReturn        0.1
2026-04-25 00:00:11.960966 CST | [antmaze-large-play-v2] L_Act             2.99217
2026-04-25 00:00:11.961071 CST | [antmaze-large-play-v2] L_Crit           18.7061
2026-04-25 00:00:11.961175 CST | [antmaze-large-play-v2] Weight            0.676114
2026-04-25 00:00:11.961281 CST | [antmaze-large-play-v2] kl                1
2026-04-25 00:00:11.961385 CST | [antmaze-large-play-v2] ---------------  ---------
2026-04-25 00:02:30.149251 CST | [antmaze-large-play-v2] ---------------  ---------
2026-04-25 00:02:30.149345 CST | [antmaze-large-play-v2] Training Epochs   1
2026-04-25 00:02:30.149375 CST | [antmaze-large-play-v2] AverageReturn     0.6
2026-04-25 00:02:30.149400 CST | [antmaze-large-play-v2] NormReturn        0.6
2026-04-25 00:02:30.149424 CST | [antmaze-large-play-v2] L_Act            13.9758
2026-04-25 00:02:30.149448 CST | [antmaze-large-play-v2] L_Crit            3.11115
2026-04-25 00:02:30.149472 CST | [antmaze-large-play-v2] Weight            0.715953
2026-04-25 00:02:30.149495 CST | [antmaze-large-play-v2] kl                1
2026-04-25 00:02:30.149519 CST | [antmaze-large-play-v2] ---------------  ---------
2026-04-25 00:04:49.544133 CST | [antmaze-large-play-v2] ---------------  ---------
2026-04-25 00:04:49.544226 CST | [antmaze-large-play-v2] Training Epochs   2
2026-04-25 00:04:49.544256 CST | [antmaze-large-play-v2] AverageReturn     0.1
2026-04-25 00:04:49.544283 CST | [antmaze-large-play-v2] NormReturn        0.1
2026-04-25 00:04:49.544309 CST | [antmaze-large-play-v2] L_Act            17.8521
2026-04-25 00:04:49.544333 CST | [antmaze-large-play-v2] L_Crit            1.07653
2026-04-25 00:04:49.544358 CST | [antmaze-large-play-v2] Weight            0.725159
2026-04-25 00:04:49.544382 CST | [antmaze-large-play-v2] kl                1
2026-04-25 00:04:49.544406 CST | [antmaze-large-play-v2] ---------------  ---------
2026-04-25 00:07:09.539723 CST | [antmaze-large-play-v2] ---------------  ---------
2026-04-25 00:07:09.539816 CST | [antmaze-large-play-v2] Training Epochs   3
2026-04-25 00:07:09.539847 CST | [antmaze-large-play-v2] AverageReturn     0
2026-04-25 00:07:09.539877 CST | [antmaze-large-play-v2] NormReturn        0
2026-04-25 00:07:09.539901 CST | [antmaze-large-play-v2] L_Act            19.5828
2026-04-25 00:07:09.539925 CST | [antmaze-large-play-v2] L_Crit            1.04489
2026-04-25 00:07:09.539950 CST | [antmaze-large-play-v2] Weight            0.700438
2026-04-25 00:07:09.539975 CST | [antmaze-large-play-v2] kl                1
2026-04-25 00:07:09.539999 CST | [antmaze-large-play-v2] ---------------  ---------
2026-04-25 00:09:30.344655 CST | [antmaze-large-play-v2] ---------------  --------
2026-04-25 00:09:30.344750 CST | [antmaze-large-play-v2] Training Epochs   4
2026-04-25 00:09:30.344792 CST | [antmaze-large-play-v2] AverageReturn     0.2
2026-04-25 00:09:30.344817 CST | [antmaze-large-play-v2] NormReturn        0.2
2026-04-25 00:09:30.344841 CST | [antmaze-large-play-v2] L_Act            20.6298
2026-04-25 00:09:30.344865 CST | [antmaze-large-play-v2] L_Crit            0.91642
2026-04-25 00:09:30.344889 CST | [antmaze-large-play-v2] Weight            0.69947
2026-04-25 00:09:30.344913 CST | [antmaze-large-play-v2] kl                1
2026-04-25 00:09:30.344937 CST | [antmaze-large-play-v2] ---------------  --------
2026-04-25 00:11:50.352367 CST | [antmaze-large-play-v2] ---------------  ---------
2026-04-25 00:11:50.352458 CST | [antmaze-large-play-v2] Training Epochs   5
2026-04-25 00:11:50.352487 CST | [antmaze-large-play-v2] AverageReturn     0.4
2026-04-25 00:11:50.352512 CST | [antmaze-large-play-v2] NormReturn        0.4
2026-04-25 00:11:50.352536 CST | [antmaze-large-play-v2] L_Act            20.988
2026-04-25 00:11:50.352560 CST | [antmaze-large-play-v2] L_Crit            0.852987
2026-04-25 00:11:50.352588 CST | [antmaze-large-play-v2] Weight            0.700305
2026-04-25 00:11:50.352612 CST | [antmaze-large-play-v2] kl                1
2026-04-25 00:11:50.352636 CST | [antmaze-large-play-v2] ---------------  ---------
2026-04-25 00:14:09.442494 CST | [antmaze-large-play-v2] ---------------  ---------
2026-04-25 00:14:09.442592 CST | [antmaze-large-play-v2] Training Epochs   6
2026-04-25 00:14:09.442622 CST | [antmaze-large-play-v2] AverageReturn     0.2
2026-04-25 00:14:09.442648 CST | [antmaze-large-play-v2] NormReturn        0.2
2026-04-25 00:14:09.442673 CST | [antmaze-large-play-v2] L_Act            21.1233
2026-04-25 00:14:09.442697 CST | [antmaze-large-play-v2] L_Crit            0.826593
2026-04-25 00:14:09.442722 CST | [antmaze-large-play-v2] Weight            0.701263
2026-04-25 00:14:09.442745 CST | [antmaze-large-play-v2] kl                1
2026-04-25 00:14:09.442769 CST | [antmaze-large-play-v2] ---------------  ---------
2026-04-25 00:16:30.339185 CST | [antmaze-large-play-v2] ---------------  ---------
2026-04-25 00:16:30.339274 CST | [antmaze-large-play-v2] Training Epochs   7
2026-04-25 00:16:30.339303 CST | [antmaze-large-play-v2] AverageReturn     0
2026-04-25 00:16:30.339329 CST | [antmaze-large-play-v2] NormReturn        0
2026-04-25 00:16:30.339354 CST | [antmaze-large-play-v2] L_Act            21.1923
2026-04-25 00:16:30.339378 CST | [antmaze-large-play-v2] L_Crit            0.777571
2026-04-25 00:16:30.339402 CST | [antmaze-large-play-v2] Weight            0.702031
2026-04-25 00:16:30.339427 CST | [antmaze-large-play-v2] kl                1
2026-04-25 00:16:30.339451 CST | [antmaze-large-play-v2] ---------------  ---------
2026-04-25 00:18:49.471403 CST | [antmaze-large-play-v2] ---------------  ---------
2026-04-25 00:18:49.471500 CST | [antmaze-large-play-v2] Training Epochs   8
2026-04-25 00:18:49.471529 CST | [antmaze-large-play-v2] AverageReturn     0.1
2026-04-25 00:18:49.471554 CST | [antmaze-large-play-v2] NormReturn        0.1
2026-04-25 00:18:49.471578 CST | [antmaze-large-play-v2] L_Act            21.2605
2026-04-25 00:18:49.471602 CST | [antmaze-large-play-v2] L_Crit            0.810845
2026-04-25 00:18:49.471626 CST | [antmaze-large-play-v2] Weight            0.698607
2026-04-25 00:18:49.471650 CST | [antmaze-large-play-v2] kl                1
2026-04-25 00:18:49.471674 CST | [antmaze-large-play-v2] ---------------  ---------
2026-04-25 00:21:08.487996 CST | [antmaze-large-play-v2] ---------------  ---------
2026-04-25 00:21:08.488086 CST | [antmaze-large-play-v2] Training Epochs   9
2026-04-25 00:21:08.488115 CST | [antmaze-large-play-v2] AverageReturn     0.4
2026-04-25 00:21:08.488142 CST | [antmaze-large-play-v2] NormReturn        0.4
2026-04-25 00:21:08.488166 CST | [antmaze-large-play-v2] L_Act            21.3762
2026-04-25 00:21:08.488190 CST | [antmaze-large-play-v2] L_Crit            0.781396
2026-04-25 00:21:08.488214 CST | [antmaze-large-play-v2] Weight            0.697502
2026-04-25 00:21:08.488238 CST | [antmaze-large-play-v2] kl                1
2026-04-25 00:21:08.488262 CST | [antmaze-large-play-v2] ---------------  ---------
2026-04-25 00:23:27.509038 CST | [antmaze-large-play-v2] ---------------  ---------
2026-04-25 00:23:27.509130 CST | [antmaze-large-play-v2] Training Epochs  10
2026-04-25 00:23:27.509159 CST | [antmaze-large-play-v2] AverageReturn     0.2
2026-04-25 00:23:27.509184 CST | [antmaze-large-play-v2] NormReturn        0.2
2026-04-25 00:23:27.509208 CST | [antmaze-large-play-v2] L_Act            21.3533
2026-04-25 00:23:27.509232 CST | [antmaze-large-play-v2] L_Crit            0.758291
2026-04-25 00:23:27.509257 CST | [antmaze-large-play-v2] Weight            0.699827
2026-04-25 00:23:27.509281 CST | [antmaze-large-play-v2] kl                1
2026-04-25 00:23:27.509304 CST | [antmaze-large-play-v2] ---------------  ---------
2026-04-25 00:25:47.748531 CST | [antmaze-large-play-v2] ---------------  ---------
2026-04-25 00:25:47.748626 CST | [antmaze-large-play-v2] Training Epochs  11
2026-04-25 00:25:47.748657 CST | [antmaze-large-play-v2] AverageReturn     0.1
2026-04-25 00:25:47.748685 CST | [antmaze-large-play-v2] NormReturn        0.1
2026-04-25 00:25:47.748710 CST | [antmaze-large-play-v2] L_Act            21.347
2026-04-25 00:25:47.748734 CST | [antmaze-large-play-v2] L_Crit            0.780259
2026-04-25 00:25:47.748762 CST | [antmaze-large-play-v2] Weight            0.69872
2026-04-25 00:25:47.748786 CST | [antmaze-large-play-v2] kl                1
2026-04-25 00:25:47.748810 CST | [antmaze-large-play-v2] ---------------  ---------
2026-04-25 00:28:03.649180 CST | [antmaze-large-play-v2] ---------------  ---------
2026-04-25 00:28:03.649275 CST | [antmaze-large-play-v2] Training Epochs  12
2026-04-25 00:28:03.649305 CST | [antmaze-large-play-v2] AverageReturn     0.6
2026-04-25 00:28:03.649333 CST | [antmaze-large-play-v2] NormReturn        0.6
2026-04-25 00:28:03.649360 CST | [antmaze-large-play-v2] L_Act            21.3789
2026-04-25 00:28:03.649385 CST | [antmaze-large-play-v2] L_Crit            0.75093
2026-04-25 00:28:03.649409 CST | [antmaze-large-play-v2] Weight            0.696852
2026-04-25 00:28:03.649433 CST | [antmaze-large-play-v2] kl                1
2026-04-25 00:28:03.649458 CST | [antmaze-large-play-v2] ---------------  ---------
2026-04-25 00:30:24.177800 CST | [antmaze-large-play-v2] ---------------  ---------
2026-04-25 00:30:24.177896 CST | [antmaze-large-play-v2] Training Epochs  13
2026-04-25 00:30:24.177925 CST | [antmaze-large-play-v2] AverageReturn     0
2026-04-25 00:30:24.177951 CST | [antmaze-large-play-v2] NormReturn        0
2026-04-25 00:30:24.177975 CST | [antmaze-large-play-v2] L_Act            21.4366
2026-04-25 00:30:24.177999 CST | [antmaze-large-play-v2] L_Crit            0.763185
2026-04-25 00:30:24.178023 CST | [antmaze-large-play-v2] Weight            0.696829
2026-04-25 00:30:24.178047 CST | [antmaze-large-play-v2] kl                1
2026-04-25 00:30:24.178071 CST | [antmaze-large-play-v2] ---------------  ---------
2026-04-25 00:32:41.598866 CST | [antmaze-large-play-v2] ---------------  ---------
2026-04-25 00:32:41.598964 CST | [antmaze-large-play-v2] Training Epochs  14
2026-04-25 00:32:41.598994 CST | [antmaze-large-play-v2] AverageReturn     0.4
2026-04-25 00:32:41.599020 CST | [antmaze-large-play-v2] NormReturn        0.4
2026-04-25 00:32:41.599045 CST | [antmaze-large-play-v2] L_Act            21.4716
2026-04-25 00:32:41.599070 CST | [antmaze-large-play-v2] L_Crit            0.765544
2026-04-25 00:32:41.599095 CST | [antmaze-large-play-v2] Weight            0.698027
2026-04-25 00:32:41.599119 CST | [antmaze-large-play-v2] kl                1
2026-04-25 00:32:41.599144 CST | [antmaze-large-play-v2] ---------------  ---------
2026-04-25 00:35:00.602470 CST | [antmaze-large-play-v2] ---------------  ---------
2026-04-25 00:35:00.602564 CST | [antmaze-large-play-v2] Training Epochs  15
2026-04-25 00:35:00.602593 CST | [antmaze-large-play-v2] AverageReturn     0.4
2026-04-25 00:35:00.602618 CST | [antmaze-large-play-v2] NormReturn        0.4
2026-04-25 00:35:00.602642 CST | [antmaze-large-play-v2] L_Act            21.4848
2026-04-25 00:35:00.602665 CST | [antmaze-large-play-v2] L_Crit            0.750432
2026-04-25 00:35:00.602690 CST | [antmaze-large-play-v2] Weight            0.697693
2026-04-25 00:35:00.602714 CST | [antmaze-large-play-v2] kl                1
2026-04-25 00:35:00.602738 CST | [antmaze-large-play-v2] ---------------  ---------
2026-04-25 00:37:18.667973 CST | [antmaze-large-play-v2] ---------------  ---------
2026-04-25 00:37:18.668065 CST | [antmaze-large-play-v2] Training Epochs  16
2026-04-25 00:37:18.668094 CST | [antmaze-large-play-v2] AverageReturn     0.3
2026-04-25 00:37:18.668120 CST | [antmaze-large-play-v2] NormReturn        0.3
2026-04-25 00:37:18.668145 CST | [antmaze-large-play-v2] L_Act            21.5078
2026-04-25 00:37:18.668169 CST | [antmaze-large-play-v2] L_Crit            0.7622
2026-04-25 00:37:18.668193 CST | [antmaze-large-play-v2] Weight            0.699429
2026-04-25 00:37:18.668216 CST | [antmaze-large-play-v2] kl                1
2026-04-25 00:37:18.668244 CST | [antmaze-large-play-v2] ---------------  ---------
2026-04-25 00:39:36.642928 CST | [antmaze-large-play-v2] ---------------  ---------
2026-04-25 00:39:36.643022 CST | [antmaze-large-play-v2] Training Epochs  17
2026-04-25 00:39:36.643051 CST | [antmaze-large-play-v2] AverageReturn     0.1
2026-04-25 00:39:36.643077 CST | [antmaze-large-play-v2] NormReturn        0.1
2026-04-25 00:39:36.643102 CST | [antmaze-large-play-v2] L_Act            21.5074
2026-04-25 00:39:36.643126 CST | [antmaze-large-play-v2] L_Crit            0.76742
2026-04-25 00:39:36.643151 CST | [antmaze-large-play-v2] Weight            0.697276
2026-04-25 00:39:36.643175 CST | [antmaze-large-play-v2] kl                1
2026-04-25 00:39:36.643199 CST | [antmaze-large-play-v2] ---------------  ---------
2026-04-25 00:41:54.983853 CST | [antmaze-large-play-v2] ---------------  ---------
2026-04-25 00:41:54.983958 CST | [antmaze-large-play-v2] Training Epochs  18
2026-04-25 00:41:54.983990 CST | [antmaze-large-play-v2] AverageReturn     0.3
2026-04-25 00:41:54.984017 CST | [antmaze-large-play-v2] NormReturn        0.3
2026-04-25 00:41:54.984042 CST | [antmaze-large-play-v2] L_Act            21.5021
2026-04-25 00:41:54.984067 CST | [antmaze-large-play-v2] L_Crit            0.764046
2026-04-25 00:41:54.984092 CST | [antmaze-large-play-v2] Weight            0.697826
2026-04-25 00:41:54.984116 CST | [antmaze-large-play-v2] kl                1
2026-04-25 00:41:54.984140 CST | [antmaze-large-play-v2] ---------------  ---------
2026-04-25 00:44:14.076422 CST | [antmaze-large-play-v2] ---------------  ---------
2026-04-25 00:44:14.076512 CST | [antmaze-large-play-v2] Training Epochs  19
2026-04-25 00:44:14.076540 CST | [antmaze-large-play-v2] AverageReturn     0.3
2026-04-25 00:44:14.076565 CST | [antmaze-large-play-v2] NormReturn        0.3
2026-04-25 00:44:14.076590 CST | [antmaze-large-play-v2] L_Act            21.5669
2026-04-25 00:44:14.076614 CST | [antmaze-large-play-v2] L_Crit            0.755715
2026-04-25 00:44:14.076638 CST | [antmaze-large-play-v2] Weight            0.696735
2026-04-25 00:44:14.076662 CST | [antmaze-large-play-v2] kl                1
2026-04-25 00:44:14.076686 CST | [antmaze-large-play-v2] ---------------  ---------
2026-04-25 00:46:32.991415 CST | [antmaze-large-play-v2] ---------------  ---------
2026-04-25 00:46:32.991511 CST | [antmaze-large-play-v2] Training Epochs  20
2026-04-25 00:46:32.991540 CST | [antmaze-large-play-v2] AverageReturn     0.2
2026-04-25 00:46:32.991566 CST | [antmaze-large-play-v2] NormReturn        0.2
2026-04-25 00:46:32.991591 CST | [antmaze-large-play-v2] L_Act            21.6391
2026-04-25 00:46:32.991616 CST | [antmaze-large-play-v2] L_Crit            0.737175
2026-04-25 00:46:32.991640 CST | [antmaze-large-play-v2] Weight            0.695924
2026-04-25 00:46:32.991664 CST | [antmaze-large-play-v2] kl                1
2026-04-25 00:46:32.991688 CST | [antmaze-large-play-v2] ---------------  ---------
2026-04-25 00:48:51.352629 CST | [antmaze-large-play-v2] ---------------  ---------
2026-04-25 00:48:51.352722 CST | [antmaze-large-play-v2] Training Epochs  21
2026-04-25 00:48:51.352759 CST | [antmaze-large-play-v2] AverageReturn     0.3
2026-04-25 00:48:51.352785 CST | [antmaze-large-play-v2] NormReturn        0.3
2026-04-25 00:48:51.352809 CST | [antmaze-large-play-v2] L_Act            21.7298
2026-04-25 00:48:51.352833 CST | [antmaze-large-play-v2] L_Crit            0.769776
2026-04-25 00:48:51.352857 CST | [antmaze-large-play-v2] Weight            0.695169
2026-04-25 00:48:51.352881 CST | [antmaze-large-play-v2] kl                1
2026-04-25 00:48:51.352905 CST | [antmaze-large-play-v2] ---------------  ---------
2026-04-25 00:51:10.286779 CST | [antmaze-large-play-v2] ---------------  ---------
2026-04-25 00:51:10.286872 CST | [antmaze-large-play-v2] Training Epochs  22
2026-04-25 00:51:10.286902 CST | [antmaze-large-play-v2] AverageReturn     0.1
2026-04-25 00:51:10.286928 CST | [antmaze-large-play-v2] NormReturn        0.1
2026-04-25 00:51:10.286953 CST | [antmaze-large-play-v2] L_Act            21.7911
2026-04-25 00:51:10.286981 CST | [antmaze-large-play-v2] L_Crit            0.785491
2026-04-25 00:51:10.287005 CST | [antmaze-large-play-v2] Weight            0.695024
2026-04-25 00:51:10.287029 CST | [antmaze-large-play-v2] kl                1
2026-04-25 00:51:10.287053 CST | [antmaze-large-play-v2] ---------------  ---------
2026-04-25 00:53:28.523855 CST | [antmaze-large-play-v2] ---------------  ---------
2026-04-25 00:53:28.523949 CST | [antmaze-large-play-v2] Training Epochs  23
2026-04-25 00:53:28.523979 CST | [antmaze-large-play-v2] AverageReturn     0.2
2026-04-25 00:53:28.524006 CST | [antmaze-large-play-v2] NormReturn        0.2
2026-04-25 00:53:28.524031 CST | [antmaze-large-play-v2] L_Act            21.8252
2026-04-25 00:53:28.524056 CST | [antmaze-large-play-v2] L_Crit            0.769073
2026-04-25 00:53:28.524081 CST | [antmaze-large-play-v2] Weight            0.694931
2026-04-25 00:53:28.524106 CST | [antmaze-large-play-v2] kl                1
2026-04-25 00:53:28.524130 CST | [antmaze-large-play-v2] ---------------  ---------
2026-04-25 00:55:48.472775 CST | [antmaze-large-play-v2] ---------------  ---------
2026-04-25 00:55:48.472867 CST | [antmaze-large-play-v2] Training Epochs  24
2026-04-25 00:55:48.472897 CST | [antmaze-large-play-v2] AverageReturn     0.1
2026-04-25 00:55:48.472924 CST | [antmaze-large-play-v2] NormReturn        0.1
2026-04-25 00:55:48.472949 CST | [antmaze-large-play-v2] L_Act            21.9276
2026-04-25 00:55:48.472974 CST | [antmaze-large-play-v2] L_Crit            0.788296
2026-04-25 00:55:48.472998 CST | [antmaze-large-play-v2] Weight            0.69389
2026-04-25 00:55:48.473022 CST | [antmaze-large-play-v2] kl                1
2026-04-25 00:55:48.473046 CST | [antmaze-large-play-v2] ---------------  ---------
2026-04-25 00:58:07.224936 CST | [antmaze-large-play-v2] ---------------  ---------
2026-04-25 00:58:07.225027 CST | [antmaze-large-play-v2] Training Epochs  25
2026-04-25 00:58:07.225055 CST | [antmaze-large-play-v2] AverageReturn     0.1
2026-04-25 00:58:07.225081 CST | [antmaze-large-play-v2] NormReturn        0.1
2026-04-25 00:58:07.225107 CST | [antmaze-large-play-v2] L_Act            21.9807
2026-04-25 00:58:07.225131 CST | [antmaze-large-play-v2] L_Crit            0.774023
2026-04-25 00:58:07.225155 CST | [antmaze-large-play-v2] Weight            0.694508
2026-04-25 00:58:07.225180 CST | [antmaze-large-play-v2] kl                1
2026-04-25 00:58:07.225203 CST | [antmaze-large-play-v2] ---------------  ---------
2026-04-25 01:00:26.930107 CST | [antmaze-large-play-v2] ---------------  ---------
2026-04-25 01:00:26.930204 CST | [antmaze-large-play-v2] Training Epochs  26
2026-04-25 01:00:26.930233 CST | [antmaze-large-play-v2] AverageReturn     0
2026-04-25 01:00:26.930257 CST | [antmaze-large-play-v2] NormReturn        0
2026-04-25 01:00:26.930281 CST | [antmaze-large-play-v2] L_Act            21.9878
2026-04-25 01:00:26.930305 CST | [antmaze-large-play-v2] L_Crit            0.753708
2026-04-25 01:00:26.930329 CST | [antmaze-large-play-v2] Weight            0.69511
2026-04-25 01:00:26.930353 CST | [antmaze-large-play-v2] kl                1
2026-04-25 01:00:26.930377 CST | [antmaze-large-play-v2] ---------------  ---------
2026-04-25 01:02:45.347246 CST | [antmaze-large-play-v2] ---------------  ---------
2026-04-25 01:02:45.347329 CST | [antmaze-large-play-v2] Training Epochs  27
2026-04-25 01:02:45.347359 CST | [antmaze-large-play-v2] AverageReturn     0.2
2026-04-25 01:02:45.347384 CST | [antmaze-large-play-v2] NormReturn        0.2
2026-04-25 01:02:45.347408 CST | [antmaze-large-play-v2] L_Act            22.0904
2026-04-25 01:02:45.347433 CST | [antmaze-large-play-v2] L_Crit            0.766302
2026-04-25 01:02:45.347456 CST | [antmaze-large-play-v2] Weight            0.6926
2026-04-25 01:02:45.347480 CST | [antmaze-large-play-v2] kl                1
2026-04-25 01:02:45.347504 CST | [antmaze-large-play-v2] ---------------  ---------
2026-04-25 01:05:05.460030 CST | [antmaze-large-play-v2] ---------------  ---------
2026-04-25 01:05:05.460124 CST | [antmaze-large-play-v2] Training Epochs  28
2026-04-25 01:05:05.460153 CST | [antmaze-large-play-v2] AverageReturn     0.1
2026-04-25 01:05:05.460178 CST | [antmaze-large-play-v2] NormReturn        0.1
2026-04-25 01:05:05.460203 CST | [antmaze-large-play-v2] L_Act            22.1406
2026-04-25 01:05:05.460227 CST | [antmaze-large-play-v2] L_Crit            0.758005
2026-04-25 01:05:05.460250 CST | [antmaze-large-play-v2] Weight            0.694073
2026-04-25 01:05:05.460274 CST | [antmaze-large-play-v2] kl                1
2026-04-25 01:05:05.460299 CST | [antmaze-large-play-v2] ---------------  ---------
2026-04-25 01:07:24.670254 CST | [antmaze-large-play-v2] ---------------  ---------
2026-04-25 01:07:24.670346 CST | [antmaze-large-play-v2] Training Epochs  29
2026-04-25 01:07:24.670375 CST | [antmaze-large-play-v2] AverageReturn     0
2026-04-25 01:07:24.670400 CST | [antmaze-large-play-v2] NormReturn        0
2026-04-25 01:07:24.670424 CST | [antmaze-large-play-v2] L_Act            22.1394
2026-04-25 01:07:24.670448 CST | [antmaze-large-play-v2] L_Crit            0.768675
2026-04-25 01:07:24.670473 CST | [antmaze-large-play-v2] Weight            0.693641
2026-04-25 01:07:24.670497 CST | [antmaze-large-play-v2] kl                1
2026-04-25 01:07:24.670520 CST | [antmaze-large-play-v2] ---------------  ---------
2026-04-25 01:09:44.702711 CST | [antmaze-large-play-v2] ---------------  ---------
2026-04-25 01:09:44.702803 CST | [antmaze-large-play-v2] Training Epochs  30
2026-04-25 01:09:44.702832 CST | [antmaze-large-play-v2] AverageReturn     0.1
2026-04-25 01:09:44.702858 CST | [antmaze-large-play-v2] NormReturn        0.1
2026-04-25 01:09:44.702883 CST | [antmaze-large-play-v2] L_Act            22.1569
2026-04-25 01:09:44.702908 CST | [antmaze-large-play-v2] L_Crit            0.784144
2026-04-25 01:09:44.702932 CST | [antmaze-large-play-v2] Weight            0.694559
2026-04-25 01:09:44.702956 CST | [antmaze-large-play-v2] kl                1
2026-04-25 01:09:44.702980 CST | [antmaze-large-play-v2] ---------------  ---------
2026-04-25 01:12:03.322659 CST | [antmaze-large-play-v2] ---------------  ---------
2026-04-25 01:12:03.322759 CST | [antmaze-large-play-v2] Training Epochs  31
2026-04-25 01:12:03.322788 CST | [antmaze-large-play-v2] AverageReturn     0.3
2026-04-25 01:12:03.322814 CST | [antmaze-large-play-v2] NormReturn        0.3
2026-04-25 01:12:03.322838 CST | [antmaze-large-play-v2] L_Act            22.2312
2026-04-25 01:12:03.322862 CST | [antmaze-large-play-v2] L_Crit            0.78372
2026-04-25 01:12:03.322886 CST | [antmaze-large-play-v2] Weight            0.694578
2026-04-25 01:12:03.322910 CST | [antmaze-large-play-v2] kl                1
2026-04-25 01:12:03.322934 CST | [antmaze-large-play-v2] ---------------  ---------
2026-04-25 01:14:22.878124 CST | [antmaze-large-play-v2] ---------------  ---------
2026-04-25 01:14:22.878220 CST | [antmaze-large-play-v2] Training Epochs  32
2026-04-25 01:14:22.878249 CST | [antmaze-large-play-v2] AverageReturn     0.1
2026-04-25 01:14:22.878275 CST | [antmaze-large-play-v2] NormReturn        0.1
2026-04-25 01:14:22.878298 CST | [antmaze-large-play-v2] L_Act            22.2629
2026-04-25 01:14:22.878322 CST | [antmaze-large-play-v2] L_Crit            0.76769
2026-04-25 01:14:22.878345 CST | [antmaze-large-play-v2] Weight            0.694913
2026-04-25 01:14:22.878369 CST | [antmaze-large-play-v2] kl                1
2026-04-25 01:14:22.878393 CST | [antmaze-large-play-v2] ---------------  ---------
2026-04-25 01:16:42.418454 CST | [antmaze-large-play-v2] ---------------  ---------
2026-04-25 01:16:42.418546 CST | [antmaze-large-play-v2] Training Epochs  33
2026-04-25 01:16:42.418575 CST | [antmaze-large-play-v2] AverageReturn     0
2026-04-25 01:16:42.418601 CST | [antmaze-large-play-v2] NormReturn        0
2026-04-25 01:16:42.418625 CST | [antmaze-large-play-v2] L_Act            22.2961
2026-04-25 01:16:42.418649 CST | [antmaze-large-play-v2] L_Crit            0.778882
2026-04-25 01:16:42.418673 CST | [antmaze-large-play-v2] Weight            0.694785
2026-04-25 01:16:42.418701 CST | [antmaze-large-play-v2] kl                1
2026-04-25 01:16:42.418725 CST | [antmaze-large-play-v2] ---------------  ---------
2026-04-25 01:19:01.629255 CST | [antmaze-large-play-v2] ---------------  ---------
2026-04-25 01:19:01.629348 CST | [antmaze-large-play-v2] Training Epochs  34
2026-04-25 01:19:01.629378 CST | [antmaze-large-play-v2] AverageReturn     0.2
2026-04-25 01:19:01.629403 CST | [antmaze-large-play-v2] NormReturn        0.2
2026-04-25 01:19:01.629426 CST | [antmaze-large-play-v2] L_Act            22.3265
2026-04-25 01:19:01.629450 CST | [antmaze-large-play-v2] L_Crit            0.773551
2026-04-25 01:19:01.629473 CST | [antmaze-large-play-v2] Weight            0.694806
2026-04-25 01:19:01.629497 CST | [antmaze-large-play-v2] kl                1
2026-04-25 01:19:01.629521 CST | [antmaze-large-play-v2] ---------------  ---------
2026-04-25 01:21:21.028410 CST | [antmaze-large-play-v2] ---------------  ---------
2026-04-25 01:21:21.028486 CST | [antmaze-large-play-v2] Training Epochs  35
2026-04-25 01:21:21.028517 CST | [antmaze-large-play-v2] AverageReturn     0
2026-04-25 01:21:21.028543 CST | [antmaze-large-play-v2] NormReturn        0
2026-04-25 01:21:21.028568 CST | [antmaze-large-play-v2] L_Act            22.3451
2026-04-25 01:21:21.028591 CST | [antmaze-large-play-v2] L_Crit            0.792203
2026-04-25 01:21:21.028616 CST | [antmaze-large-play-v2] Weight            0.695607
2026-04-25 01:21:21.028640 CST | [antmaze-large-play-v2] kl                1
2026-04-25 01:21:21.028664 CST | [antmaze-large-play-v2] ---------------  ---------
2026-04-25 01:23:39.535853 CST | [antmaze-large-play-v2] ---------------  ---------
2026-04-25 01:23:39.535945 CST | [antmaze-large-play-v2] Training Epochs  36
2026-04-25 01:23:39.535974 CST | [antmaze-large-play-v2] AverageReturn     0.3
2026-04-25 01:23:39.536000 CST | [antmaze-large-play-v2] NormReturn        0.3
2026-04-25 01:23:39.536025 CST | [antmaze-large-play-v2] L_Act            22.3325
2026-04-25 01:23:39.536049 CST | [antmaze-large-play-v2] L_Crit            0.816452
2026-04-25 01:23:39.536073 CST | [antmaze-large-play-v2] Weight            0.69587
2026-04-25 01:23:39.536097 CST | [antmaze-large-play-v2] kl                1
2026-04-25 01:23:39.536121 CST | [antmaze-large-play-v2] ---------------  ---------
2026-04-25 01:25:58.688196 CST | [antmaze-large-play-v2] ---------------  ---------
2026-04-25 01:25:58.688294 CST | [antmaze-large-play-v2] Training Epochs  37
2026-04-25 01:25:58.688324 CST | [antmaze-large-play-v2] AverageReturn     0.2
2026-04-25 01:25:58.688350 CST | [antmaze-large-play-v2] NormReturn        0.2
2026-04-25 01:25:58.688374 CST | [antmaze-large-play-v2] L_Act            22.3571
2026-04-25 01:25:58.688399 CST | [antmaze-large-play-v2] L_Crit            0.800546
2026-04-25 01:25:58.688423 CST | [antmaze-large-play-v2] Weight            0.695106
2026-04-25 01:25:58.688447 CST | [antmaze-large-play-v2] kl                1
2026-04-25 01:25:58.688471 CST | [antmaze-large-play-v2] ---------------  ---------
2026-04-25 01:28:17.578420 CST | [antmaze-large-play-v2] ---------------  ---------
2026-04-25 01:28:17.578514 CST | [antmaze-large-play-v2] Training Epochs  38
2026-04-25 01:28:17.578543 CST | [antmaze-large-play-v2] AverageReturn     0
2026-04-25 01:28:17.578568 CST | [antmaze-large-play-v2] NormReturn        0
2026-04-25 01:28:17.578592 CST | [antmaze-large-play-v2] L_Act            22.4385
2026-04-25 01:28:17.578617 CST | [antmaze-large-play-v2] L_Crit            0.797871
2026-04-25 01:28:17.578640 CST | [antmaze-large-play-v2] Weight            0.696844
2026-04-25 01:28:17.578664 CST | [antmaze-large-play-v2] kl                1
2026-04-25 01:28:17.578689 CST | [antmaze-large-play-v2] ---------------  ---------
2026-04-25 01:30:37.259773 CST | [antmaze-large-play-v2] ---------------  ---------
2026-04-25 01:30:37.259868 CST | [antmaze-large-play-v2] Training Epochs  39
2026-04-25 01:30:37.259897 CST | [antmaze-large-play-v2] AverageReturn     0
2026-04-25 01:30:37.259921 CST | [antmaze-large-play-v2] NormReturn        0
2026-04-25 01:30:37.259948 CST | [antmaze-large-play-v2] L_Act            22.4487
2026-04-25 01:30:37.259972 CST | [antmaze-large-play-v2] L_Crit            0.817295
2026-04-25 01:30:37.259996 CST | [antmaze-large-play-v2] Weight            0.696227
2026-04-25 01:30:37.260019 CST | [antmaze-large-play-v2] kl                1
2026-04-25 01:30:37.260043 CST | [antmaze-large-play-v2] ---------------  ---------
2026-04-25 01:32:56.828746 CST | [antmaze-large-play-v2] ---------------  ---------
2026-04-25 01:32:56.828844 CST | [antmaze-large-play-v2] Training Epochs  40
2026-04-25 01:32:56.828875 CST | [antmaze-large-play-v2] AverageReturn     0.2
2026-04-25 01:32:56.828901 CST | [antmaze-large-play-v2] NormReturn        0.2
2026-04-25 01:32:56.828925 CST | [antmaze-large-play-v2] L_Act            22.4722
2026-04-25 01:32:56.828955 CST | [antmaze-large-play-v2] L_Crit            0.818323
2026-04-25 01:32:56.828980 CST | [antmaze-large-play-v2] Weight            0.696133
2026-04-25 01:32:56.829010 CST | [antmaze-large-play-v2] kl                1
2026-04-25 01:32:56.829044 CST | [antmaze-large-play-v2] ---------------  ---------
2026-04-25 01:35:15.967826 CST | [antmaze-large-play-v2] ---------------  ---------
2026-04-25 01:35:15.967919 CST | [antmaze-large-play-v2] Training Epochs  41
2026-04-25 01:35:15.967947 CST | [antmaze-large-play-v2] AverageReturn     0.3
2026-04-25 01:35:15.967973 CST | [antmaze-large-play-v2] NormReturn        0.3
2026-04-25 01:35:15.967997 CST | [antmaze-large-play-v2] L_Act            22.4948
2026-04-25 01:35:15.968021 CST | [antmaze-large-play-v2] L_Crit            0.78361
2026-04-25 01:35:15.968045 CST | [antmaze-large-play-v2] Weight            0.695385
2026-04-25 01:35:15.968069 CST | [antmaze-large-play-v2] kl                1
2026-04-25 01:35:15.968093 CST | [antmaze-large-play-v2] ---------------  ---------
2026-04-25 01:37:35.686087 CST | [antmaze-large-play-v2] ---------------  ---------
2026-04-25 01:37:35.686170 CST | [antmaze-large-play-v2] Training Epochs  42
2026-04-25 01:37:35.686199 CST | [antmaze-large-play-v2] AverageReturn     0
2026-04-25 01:37:35.686224 CST | [antmaze-large-play-v2] NormReturn        0
2026-04-25 01:37:35.686248 CST | [antmaze-large-play-v2] L_Act            22.4757
2026-04-25 01:37:35.686272 CST | [antmaze-large-play-v2] L_Crit            0.804738
2026-04-25 01:37:35.686295 CST | [antmaze-large-play-v2] Weight            0.695367
2026-04-25 01:37:35.686319 CST | [antmaze-large-play-v2] kl                1
2026-04-25 01:37:35.686343 CST | [antmaze-large-play-v2] ---------------  ---------
2026-04-25 01:39:56.744066 CST | [antmaze-large-play-v2] ---------------  ---------
2026-04-25 01:39:56.744158 CST | [antmaze-large-play-v2] Training Epochs  43
2026-04-25 01:39:56.744187 CST | [antmaze-large-play-v2] AverageReturn     0
2026-04-25 01:39:56.744213 CST | [antmaze-large-play-v2] NormReturn        0
2026-04-25 01:39:56.744237 CST | [antmaze-large-play-v2] L_Act            22.4148
2026-04-25 01:39:56.744261 CST | [antmaze-large-play-v2] L_Crit            0.798008
2026-04-25 01:39:56.744285 CST | [antmaze-large-play-v2] Weight            0.697232
2026-04-25 01:39:56.744309 CST | [antmaze-large-play-v2] kl                1
2026-04-25 01:39:56.744333 CST | [antmaze-large-play-v2] ---------------  ---------
2026-04-25 01:42:16.114264 CST | [antmaze-large-play-v2] ---------------  ---------
2026-04-25 01:42:16.114360 CST | [antmaze-large-play-v2] Training Epochs  44
2026-04-25 01:42:16.114388 CST | [antmaze-large-play-v2] AverageReturn     0
2026-04-25 01:42:16.114414 CST | [antmaze-large-play-v2] NormReturn        0
2026-04-25 01:42:16.114438 CST | [antmaze-large-play-v2] L_Act            22.3458
2026-04-25 01:42:16.114467 CST | [antmaze-large-play-v2] L_Crit            0.794542
2026-04-25 01:42:16.114490 CST | [antmaze-large-play-v2] Weight            0.697445
2026-04-25 01:42:16.114514 CST | [antmaze-large-play-v2] kl                1
2026-04-25 01:42:16.114537 CST | [antmaze-large-play-v2] ---------------  ---------
2026-04-25 01:44:37.539981 CST | [antmaze-large-play-v2] ---------------  ---------
2026-04-25 01:44:37.540075 CST | [antmaze-large-play-v2] Training Epochs  45
2026-04-25 01:44:37.540104 CST | [antmaze-large-play-v2] AverageReturn     0
2026-04-25 01:44:37.540129 CST | [antmaze-large-play-v2] NormReturn        0
2026-04-25 01:44:37.540153 CST | [antmaze-large-play-v2] L_Act            22.3452
2026-04-25 01:44:37.540176 CST | [antmaze-large-play-v2] L_Crit            0.798934
2026-04-25 01:44:37.540200 CST | [antmaze-large-play-v2] Weight            0.697198
2026-04-25 01:44:37.540224 CST | [antmaze-large-play-v2] kl                1
2026-04-25 01:44:37.540248 CST | [antmaze-large-play-v2] ---------------  ---------
2026-04-25 01:46:58.994063 CST | [antmaze-large-play-v2] ---------------  ---------
2026-04-25 01:46:58.994162 CST | [antmaze-large-play-v2] Training Epochs  46
2026-04-25 01:46:58.994191 CST | [antmaze-large-play-v2] AverageReturn     0
2026-04-25 01:46:58.994217 CST | [antmaze-large-play-v2] NormReturn        0
2026-04-25 01:46:58.994243 CST | [antmaze-large-play-v2] L_Act            22.3536
2026-04-25 01:46:58.994267 CST | [antmaze-large-play-v2] L_Crit            0.797432
2026-04-25 01:46:58.994291 CST | [antmaze-large-play-v2] Weight            0.69719
2026-04-25 01:46:58.994315 CST | [antmaze-large-play-v2] kl                1
2026-04-25 01:46:58.994339 CST | [antmaze-large-play-v2] ---------------  ---------
2026-04-25 01:49:19.984826 CST | [antmaze-large-play-v2] ---------------  ---------
2026-04-25 01:49:19.984922 CST | [antmaze-large-play-v2] Training Epochs  47
2026-04-25 01:49:19.984951 CST | [antmaze-large-play-v2] AverageReturn     0.1
2026-04-25 01:49:19.984977 CST | [antmaze-large-play-v2] NormReturn        0.1
2026-04-25 01:49:19.985002 CST | [antmaze-large-play-v2] L_Act            22.3651
2026-04-25 01:49:19.985026 CST | [antmaze-large-play-v2] L_Crit            0.812408
2026-04-25 01:49:19.985050 CST | [antmaze-large-play-v2] Weight            0.69783
2026-04-25 01:49:19.985073 CST | [antmaze-large-play-v2] kl                1
2026-04-25 01:49:19.985097 CST | [antmaze-large-play-v2] ---------------  ---------
2026-04-25 01:51:40.359562 CST | [antmaze-large-play-v2] ---------------  ---------
2026-04-25 01:51:40.359655 CST | [antmaze-large-play-v2] Training Epochs  48
2026-04-25 01:51:40.359685 CST | [antmaze-large-play-v2] AverageReturn     0.1
2026-04-25 01:51:40.359711 CST | [antmaze-large-play-v2] NormReturn        0.1
2026-04-25 01:51:40.359737 CST | [antmaze-large-play-v2] L_Act            22.3008
2026-04-25 01:51:40.359762 CST | [antmaze-large-play-v2] L_Crit            0.795116
2026-04-25 01:51:40.359786 CST | [antmaze-large-play-v2] Weight            0.697761
2026-04-25 01:51:40.359811 CST | [antmaze-large-play-v2] kl                1
2026-04-25 01:51:40.359835 CST | [antmaze-large-play-v2] ---------------  ---------
2026-04-25 01:54:00.426991 CST | [antmaze-large-play-v2] ---------------  ---------
2026-04-25 01:54:00.427083 CST | [antmaze-large-play-v2] Training Epochs  49
2026-04-25 01:54:00.427112 CST | [antmaze-large-play-v2] AverageReturn     0.2
2026-04-25 01:54:00.427137 CST | [antmaze-large-play-v2] NormReturn        0.2
2026-04-25 01:54:00.427161 CST | [antmaze-large-play-v2] L_Act            22.2904
2026-04-25 01:54:00.427185 CST | [antmaze-large-play-v2] L_Crit            0.805481
2026-04-25 01:54:00.427209 CST | [antmaze-large-play-v2] Weight            0.697553
2026-04-25 01:54:00.427233 CST | [antmaze-large-play-v2] kl                1
2026-04-25 01:54:00.427257 CST | [antmaze-large-play-v2] ---------------  ---------
2026-04-25 01:56:19.415447 CST | [antmaze-large-play-v2] ---------------  ---------
2026-04-25 01:56:19.415531 CST | [antmaze-large-play-v2] Training Epochs  50
2026-04-25 01:56:19.415561 CST | [antmaze-large-play-v2] AverageReturn     0.3
2026-04-25 01:56:19.415588 CST | [antmaze-large-play-v2] NormReturn        0.3
2026-04-25 01:56:19.415614 CST | [antmaze-large-play-v2] L_Act            22.2644
2026-04-25 01:56:19.415639 CST | [antmaze-large-play-v2] L_Crit            0.810563
2026-04-25 01:56:19.415668 CST | [antmaze-large-play-v2] Weight            0.697776
2026-04-25 01:56:19.415692 CST | [antmaze-large-play-v2] kl                1
2026-04-25 01:56:19.415716 CST | [antmaze-large-play-v2] ---------------  ---------
2026-04-25 01:58:38.192637 CST | [antmaze-large-play-v2] ---------------  ---------
2026-04-25 01:58:38.192739 CST | [antmaze-large-play-v2] Training Epochs  51
2026-04-25 01:58:38.192775 CST | [antmaze-large-play-v2] AverageReturn     0
2026-04-25 01:58:38.192801 CST | [antmaze-large-play-v2] NormReturn        0
2026-04-25 01:58:38.192825 CST | [antmaze-large-play-v2] L_Act            22.2327
2026-04-25 01:58:38.192848 CST | [antmaze-large-play-v2] L_Crit            0.796904
2026-04-25 01:58:38.192872 CST | [antmaze-large-play-v2] Weight            0.69755
2026-04-25 01:58:38.192896 CST | [antmaze-large-play-v2] kl                1
2026-04-25 01:58:38.192919 CST | [antmaze-large-play-v2] ---------------  ---------
2026-04-25 02:00:57.416845 CST | [antmaze-large-play-v2] ---------------  ---------
2026-04-25 02:00:57.416940 CST | [antmaze-large-play-v2] Training Epochs  52
2026-04-25 02:00:57.416971 CST | [antmaze-large-play-v2] AverageReturn     0
2026-04-25 02:00:57.417000 CST | [antmaze-large-play-v2] NormReturn        0
2026-04-25 02:00:57.417025 CST | [antmaze-large-play-v2] L_Act            22.1866
2026-04-25 02:00:57.417050 CST | [antmaze-large-play-v2] L_Crit            0.800741
2026-04-25 02:00:57.417074 CST | [antmaze-large-play-v2] Weight            0.698075
2026-04-25 02:00:57.417099 CST | [antmaze-large-play-v2] kl                1
2026-04-25 02:00:57.417123 CST | [antmaze-large-play-v2] ---------------  ---------
2026-04-25 02:03:17.749786 CST | [antmaze-large-play-v2] ---------------  ---------
2026-04-25 02:03:17.749878 CST | [antmaze-large-play-v2] Training Epochs  53
2026-04-25 02:03:17.749907 CST | [antmaze-large-play-v2] AverageReturn     0
2026-04-25 02:03:17.749933 CST | [antmaze-large-play-v2] NormReturn        0
2026-04-25 02:03:17.749957 CST | [antmaze-large-play-v2] L_Act            22.1557
2026-04-25 02:03:17.749981 CST | [antmaze-large-play-v2] L_Crit            0.785112
2026-04-25 02:03:17.750005 CST | [antmaze-large-play-v2] Weight            0.698496
2026-04-25 02:03:17.750029 CST | [antmaze-large-play-v2] kl                1
2026-04-25 02:03:17.750053 CST | [antmaze-large-play-v2] ---------------  ---------
2026-04-25 02:05:38.532992 CST | [antmaze-large-play-v2] ---------------  ---------
2026-04-25 02:05:38.533089 CST | [antmaze-large-play-v2] Training Epochs  54
2026-04-25 02:05:38.533119 CST | [antmaze-large-play-v2] AverageReturn     0
2026-04-25 02:05:38.533145 CST | [antmaze-large-play-v2] NormReturn        0
2026-04-25 02:05:38.533169 CST | [antmaze-large-play-v2] L_Act            22.1414
2026-04-25 02:05:38.533193 CST | [antmaze-large-play-v2] L_Crit            0.767587
2026-04-25 02:05:38.533217 CST | [antmaze-large-play-v2] Weight            0.699066
2026-04-25 02:05:38.533241 CST | [antmaze-large-play-v2] kl                1
2026-04-25 02:05:38.533264 CST | [antmaze-large-play-v2] ---------------  ---------
2026-04-25 02:07:59.510401 CST | [antmaze-large-play-v2] ---------------  ---------
2026-04-25 02:07:59.510496 CST | [antmaze-large-play-v2] Training Epochs  55
2026-04-25 02:07:59.510527 CST | [antmaze-large-play-v2] AverageReturn     0
2026-04-25 02:07:59.510555 CST | [antmaze-large-play-v2] NormReturn        0
2026-04-25 02:07:59.510581 CST | [antmaze-large-play-v2] L_Act            22.0591
2026-04-25 02:07:59.510606 CST | [antmaze-large-play-v2] L_Crit            0.77887
2026-04-25 02:07:59.510631 CST | [antmaze-large-play-v2] Weight            0.700459
2026-04-25 02:07:59.510655 CST | [antmaze-large-play-v2] kl                1
2026-04-25 02:07:59.510680 CST | [antmaze-large-play-v2] ---------------  ---------
2026-04-25 02:10:19.880769 CST | [antmaze-large-play-v2] ---------------  ---------
2026-04-25 02:10:19.880863 CST | [antmaze-large-play-v2] Training Epochs  56
2026-04-25 02:10:19.880892 CST | [antmaze-large-play-v2] AverageReturn     0
2026-04-25 02:10:19.880921 CST | [antmaze-large-play-v2] NormReturn        0
2026-04-25 02:10:19.880945 CST | [antmaze-large-play-v2] L_Act            21.9518
2026-04-25 02:10:19.880969 CST | [antmaze-large-play-v2] L_Crit            0.786353
2026-04-25 02:10:19.880994 CST | [antmaze-large-play-v2] Weight            0.699835
2026-04-25 02:10:19.881018 CST | [antmaze-large-play-v2] kl                1
2026-04-25 02:10:19.881042 CST | [antmaze-large-play-v2] ---------------  ---------
2026-04-25 02:12:39.789137 CST | [antmaze-large-play-v2] ---------------  ---------
2026-04-25 02:12:39.789215 CST | [antmaze-large-play-v2] Training Epochs  57
2026-04-25 02:12:39.789245 CST | [antmaze-large-play-v2] AverageReturn     0
2026-04-25 02:12:39.789270 CST | [antmaze-large-play-v2] NormReturn        0
2026-04-25 02:12:39.789294 CST | [antmaze-large-play-v2] L_Act            21.901
2026-04-25 02:12:39.789318 CST | [antmaze-large-play-v2] L_Crit            0.747954
2026-04-25 02:12:39.789342 CST | [antmaze-large-play-v2] Weight            0.701311
2026-04-25 02:12:39.789366 CST | [antmaze-large-play-v2] kl                1
2026-04-25 02:12:39.789389 CST | [antmaze-large-play-v2] ---------------  ---------
2026-04-25 02:15:01.611617 CST | [antmaze-large-play-v2] ---------------  ---------
2026-04-25 02:15:01.611706 CST | [antmaze-large-play-v2] Training Epochs  58
2026-04-25 02:15:01.611735 CST | [antmaze-large-play-v2] AverageReturn     0
2026-04-25 02:15:01.611760 CST | [antmaze-large-play-v2] NormReturn        0
2026-04-25 02:15:01.611785 CST | [antmaze-large-play-v2] L_Act            21.8508
2026-04-25 02:15:01.611809 CST | [antmaze-large-play-v2] L_Crit            0.745215
2026-04-25 02:15:01.611832 CST | [antmaze-large-play-v2] Weight            0.701364
2026-04-25 02:15:01.611856 CST | [antmaze-large-play-v2] kl                1
2026-04-25 02:15:01.611879 CST | [antmaze-large-play-v2] ---------------  ---------
2026-04-25 02:17:21.635652 CST | [antmaze-large-play-v2] ---------------  ---------
2026-04-25 02:17:21.635744 CST | [antmaze-large-play-v2] Training Epochs  59
2026-04-25 02:17:21.635774 CST | [antmaze-large-play-v2] AverageReturn     0.2
2026-04-25 02:17:21.635800 CST | [antmaze-large-play-v2] NormReturn        0.2
2026-04-25 02:17:21.635825 CST | [antmaze-large-play-v2] L_Act            21.7802
2026-04-25 02:17:21.635850 CST | [antmaze-large-play-v2] L_Crit            0.77945
2026-04-25 02:17:21.635873 CST | [antmaze-large-play-v2] Weight            0.702691
2026-04-25 02:17:21.635897 CST | [antmaze-large-play-v2] kl                1
2026-04-25 02:17:21.635921 CST | [antmaze-large-play-v2] ---------------  ---------
2026-04-25 02:19:43.320354 CST | [antmaze-large-play-v2] ---------------  ---------
2026-04-25 02:19:43.320448 CST | [antmaze-large-play-v2] Training Epochs  60
2026-04-25 02:19:43.320478 CST | [antmaze-large-play-v2] AverageReturn     0
2026-04-25 02:19:43.320504 CST | [antmaze-large-play-v2] NormReturn        0
2026-04-25 02:19:43.320529 CST | [antmaze-large-play-v2] L_Act            21.6769
2026-04-25 02:19:43.320553 CST | [antmaze-large-play-v2] L_Crit            0.74293
2026-04-25 02:19:43.320577 CST | [antmaze-large-play-v2] Weight            0.703761
2026-04-25 02:19:43.320601 CST | [antmaze-large-play-v2] kl                1
2026-04-25 02:19:43.320625 CST | [antmaze-large-play-v2] ---------------  ---------
2026-04-25 02:22:03.067117 CST | [antmaze-large-play-v2] ---------------  ---------
2026-04-25 02:22:03.067213 CST | [antmaze-large-play-v2] Training Epochs  61
2026-04-25 02:22:03.067245 CST | [antmaze-large-play-v2] AverageReturn     0.1
2026-04-25 02:22:03.067271 CST | [antmaze-large-play-v2] NormReturn        0.1
2026-04-25 02:22:03.067296 CST | [antmaze-large-play-v2] L_Act            21.6251
2026-04-25 02:22:03.067321 CST | [antmaze-large-play-v2] L_Crit            0.765669
2026-04-25 02:22:03.067345 CST | [antmaze-large-play-v2] Weight            0.704392
2026-04-25 02:22:03.067369 CST | [antmaze-large-play-v2] kl                1
2026-04-25 02:22:03.067394 CST | [antmaze-large-play-v2] ---------------  ---------
2026-04-25 02:24:24.097847 CST | [antmaze-large-play-v2] ---------------  --------
2026-04-25 02:24:24.097939 CST | [antmaze-large-play-v2] Training Epochs  62
2026-04-25 02:24:24.097970 CST | [antmaze-large-play-v2] AverageReturn     0
2026-04-25 02:24:24.097996 CST | [antmaze-large-play-v2] NormReturn        0
2026-04-25 02:24:24.098020 CST | [antmaze-large-play-v2] L_Act            21.5637
2026-04-25 02:24:24.098044 CST | [antmaze-large-play-v2] L_Crit            0.75065
2026-04-25 02:24:24.098068 CST | [antmaze-large-play-v2] Weight            0.7036
2026-04-25 02:24:24.098092 CST | [antmaze-large-play-v2] kl                1
2026-04-25 02:24:24.098116 CST | [antmaze-large-play-v2] ---------------  --------
2026-04-25 02:26:45.190846 CST | [antmaze-large-play-v2] ---------------  ---------
2026-04-25 02:26:45.190939 CST | [antmaze-large-play-v2] Training Epochs  63
2026-04-25 02:26:45.190968 CST | [antmaze-large-play-v2] AverageReturn     0
2026-04-25 02:26:45.190994 CST | [antmaze-large-play-v2] NormReturn        0
2026-04-25 02:26:45.191019 CST | [antmaze-large-play-v2] L_Act            21.5067
2026-04-25 02:26:45.191043 CST | [antmaze-large-play-v2] L_Crit            0.739249
2026-04-25 02:26:45.191067 CST | [antmaze-large-play-v2] Weight            0.704487
2026-04-25 02:26:45.191091 CST | [antmaze-large-play-v2] kl                1
2026-04-25 02:26:45.191114 CST | [antmaze-large-play-v2] ---------------  ---------
2026-04-25 02:29:05.803006 CST | [antmaze-large-play-v2] ---------------  ---------
2026-04-25 02:29:05.803081 CST | [antmaze-large-play-v2] Training Epochs  64
2026-04-25 02:29:05.803111 CST | [antmaze-large-play-v2] AverageReturn     0.1
2026-04-25 02:29:05.803137 CST | [antmaze-large-play-v2] NormReturn        0.1
2026-04-25 02:29:05.803161 CST | [antmaze-large-play-v2] L_Act            21.4529
2026-04-25 02:29:05.803185 CST | [antmaze-large-play-v2] L_Crit            0.72784
2026-04-25 02:29:05.803209 CST | [antmaze-large-play-v2] Weight            0.704708
2026-04-25 02:29:05.803233 CST | [antmaze-large-play-v2] kl                1
2026-04-25 02:29:05.803257 CST | [antmaze-large-play-v2] ---------------  ---------
2026-04-25 02:31:25.921280 CST | [antmaze-large-play-v2] ---------------  ---------
2026-04-25 02:31:25.921371 CST | [antmaze-large-play-v2] Training Epochs  65
2026-04-25 02:31:25.921400 CST | [antmaze-large-play-v2] AverageReturn     0.1
2026-04-25 02:31:25.921426 CST | [antmaze-large-play-v2] NormReturn        0.1
2026-04-25 02:31:25.921450 CST | [antmaze-large-play-v2] L_Act            21.3725
2026-04-25 02:31:25.921474 CST | [antmaze-large-play-v2] L_Crit            0.73759
2026-04-25 02:31:25.921498 CST | [antmaze-large-play-v2] Weight            0.706198
2026-04-25 02:31:25.921522 CST | [antmaze-large-play-v2] kl                1
2026-04-25 02:31:25.921546 CST | [antmaze-large-play-v2] ---------------  ---------
2026-04-25 02:33:47.367823 CST | [antmaze-large-play-v2] ---------------  ---------
2026-04-25 02:33:47.367915 CST | [antmaze-large-play-v2] Training Epochs  66
2026-04-25 02:33:47.367945 CST | [antmaze-large-play-v2] AverageReturn     0.1
2026-04-25 02:33:47.367971 CST | [antmaze-large-play-v2] NormReturn        0.1
2026-04-25 02:33:47.367995 CST | [antmaze-large-play-v2] L_Act            21.3175
2026-04-25 02:33:47.368019 CST | [antmaze-large-play-v2] L_Crit            0.740317
2026-04-25 02:33:47.368043 CST | [antmaze-large-play-v2] Weight            0.705772
2026-04-25 02:33:47.368068 CST | [antmaze-large-play-v2] kl                1
2026-04-25 02:33:47.368092 CST | [antmaze-large-play-v2] ---------------  ---------
2026-04-25 02:36:08.173477 CST | [antmaze-large-play-v2] ---------------  ---------
2026-04-25 02:36:08.173583 CST | [antmaze-large-play-v2] Training Epochs  67
2026-04-25 02:36:08.173612 CST | [antmaze-large-play-v2] AverageReturn     0.1
2026-04-25 02:36:08.173637 CST | [antmaze-large-play-v2] NormReturn        0.1
2026-04-25 02:36:08.173661 CST | [antmaze-large-play-v2] L_Act            21.2593
2026-04-25 02:36:08.173689 CST | [antmaze-large-play-v2] L_Crit            0.720334
2026-04-25 02:36:08.173712 CST | [antmaze-large-play-v2] Weight            0.706709
2026-04-25 02:36:08.173736 CST | [antmaze-large-play-v2] kl                1
2026-04-25 02:36:08.173759 CST | [antmaze-large-play-v2] ---------------  ---------
2026-04-25 02:38:29.882632 CST | [antmaze-large-play-v2] ---------------  ---------
2026-04-25 02:38:29.882739 CST | [antmaze-large-play-v2] Training Epochs  68
2026-04-25 02:38:29.882770 CST | [antmaze-large-play-v2] AverageReturn     0
2026-04-25 02:38:29.882795 CST | [antmaze-large-play-v2] NormReturn        0
2026-04-25 02:38:29.882818 CST | [antmaze-large-play-v2] L_Act            21.1869
2026-04-25 02:38:29.882842 CST | [antmaze-large-play-v2] L_Crit            0.7177
2026-04-25 02:38:29.882865 CST | [antmaze-large-play-v2] Weight            0.707161
2026-04-25 02:38:29.882889 CST | [antmaze-large-play-v2] kl                1
2026-04-25 02:38:29.882913 CST | [antmaze-large-play-v2] ---------------  ---------
2026-04-25 02:40:53.290550 CST | [antmaze-large-play-v2] ---------------  ---------
2026-04-25 02:40:53.290641 CST | [antmaze-large-play-v2] Training Epochs  69
2026-04-25 02:40:53.290670 CST | [antmaze-large-play-v2] AverageReturn     0
2026-04-25 02:40:53.290695 CST | [antmaze-large-play-v2] NormReturn        0
2026-04-25 02:40:53.290719 CST | [antmaze-large-play-v2] L_Act            21.1066
2026-04-25 02:40:53.290742 CST | [antmaze-large-play-v2] L_Crit            0.714415
2026-04-25 02:40:53.290766 CST | [antmaze-large-play-v2] Weight            0.708158
2026-04-25 02:40:53.290790 CST | [antmaze-large-play-v2] kl                1
2026-04-25 02:40:53.290814 CST | [antmaze-large-play-v2] ---------------  ---------
2026-04-25 02:43:14.387826 CST | [antmaze-large-play-v2] ---------------  ---------
2026-04-25 02:43:14.387918 CST | [antmaze-large-play-v2] Training Epochs  70
2026-04-25 02:43:14.387947 CST | [antmaze-large-play-v2] AverageReturn     0.1
2026-04-25 02:43:14.387973 CST | [antmaze-large-play-v2] NormReturn        0.1
2026-04-25 02:43:14.387998 CST | [antmaze-large-play-v2] L_Act            21.0059
2026-04-25 02:43:14.388022 CST | [antmaze-large-play-v2] L_Crit            0.713575
2026-04-25 02:43:14.388046 CST | [antmaze-large-play-v2] Weight            0.708344
2026-04-25 02:43:14.388070 CST | [antmaze-large-play-v2] kl                1
2026-04-25 02:43:14.388094 CST | [antmaze-large-play-v2] ---------------  ---------
2026-04-25 02:45:35.748470 CST | [antmaze-large-play-v2] ---------------  ---------
2026-04-25 02:45:35.748575 CST | [antmaze-large-play-v2] Training Epochs  71
2026-04-25 02:45:35.748605 CST | [antmaze-large-play-v2] AverageReturn     0.1
2026-04-25 02:45:35.748632 CST | [antmaze-large-play-v2] NormReturn        0.1
2026-04-25 02:45:35.748657 CST | [antmaze-large-play-v2] L_Act            20.9676
2026-04-25 02:45:35.748681 CST | [antmaze-large-play-v2] L_Crit            0.682134
2026-04-25 02:45:35.748706 CST | [antmaze-large-play-v2] Weight            0.709281
2026-04-25 02:45:35.748730 CST | [antmaze-large-play-v2] kl                1
2026-04-25 02:45:35.748762 CST | [antmaze-large-play-v2] ---------------  ---------
2026-04-25 02:47:58.129418 CST | [antmaze-large-play-v2] ---------------  ---------
2026-04-25 02:47:58.129498 CST | [antmaze-large-play-v2] Training Epochs  72
2026-04-25 02:47:58.129529 CST | [antmaze-large-play-v2] AverageReturn     0.1
2026-04-25 02:47:58.129555 CST | [antmaze-large-play-v2] NormReturn        0.1
2026-04-25 02:47:58.129579 CST | [antmaze-large-play-v2] L_Act            20.9512
2026-04-25 02:47:58.129603 CST | [antmaze-large-play-v2] L_Crit            0.690664
2026-04-25 02:47:58.129626 CST | [antmaze-large-play-v2] Weight            0.709071
2026-04-25 02:47:58.129650 CST | [antmaze-large-play-v2] kl                1
2026-04-25 02:47:58.129674 CST | [antmaze-large-play-v2] ---------------  ---------
2026-04-25 02:50:19.179065 CST | [antmaze-large-play-v2] ---------------  ---------
2026-04-25 02:50:19.179255 CST | [antmaze-large-play-v2] Training Epochs  73
2026-04-25 02:50:19.179334 CST | [antmaze-large-play-v2] AverageReturn     0.2
2026-04-25 02:50:19.179395 CST | [antmaze-large-play-v2] NormReturn        0.2
2026-04-25 02:50:19.179452 CST | [antmaze-large-play-v2] L_Act            20.87
2026-04-25 02:50:19.179506 CST | [antmaze-large-play-v2] L_Crit            0.694841
2026-04-25 02:50:19.179557 CST | [antmaze-large-play-v2] Weight            0.709656
2026-04-25 02:50:19.179608 CST | [antmaze-large-play-v2] kl                1
2026-04-25 02:50:19.179658 CST | [antmaze-large-play-v2] ---------------  ---------
2026-04-25 02:52:42.159320 CST | [antmaze-large-play-v2] ---------------  ---------
2026-04-25 02:52:42.159416 CST | [antmaze-large-play-v2] Training Epochs  74
2026-04-25 02:52:42.159446 CST | [antmaze-large-play-v2] AverageReturn     0
2026-04-25 02:52:42.159471 CST | [antmaze-large-play-v2] NormReturn        0
2026-04-25 02:52:42.159495 CST | [antmaze-large-play-v2] L_Act            20.7358
2026-04-25 02:52:42.159519 CST | [antmaze-large-play-v2] L_Crit            0.697591
2026-04-25 02:52:42.159543 CST | [antmaze-large-play-v2] Weight            0.711221
2026-04-25 02:52:42.159570 CST | [antmaze-large-play-v2] kl                1
2026-04-25 02:52:42.159595 CST | [antmaze-large-play-v2] ---------------  ---------
2026-04-25 02:55:03.688710 CST | [antmaze-large-play-v2] ---------------  ---------
2026-04-25 02:55:03.688806 CST | [antmaze-large-play-v2] Training Epochs  75
2026-04-25 02:55:03.688835 CST | [antmaze-large-play-v2] AverageReturn     0.1
2026-04-25 02:55:03.688862 CST | [antmaze-large-play-v2] NormReturn        0.1
2026-04-25 02:55:03.688888 CST | [antmaze-large-play-v2] L_Act            20.6931
2026-04-25 02:55:03.688912 CST | [antmaze-large-play-v2] L_Crit            0.682518
2026-04-25 02:55:03.688936 CST | [antmaze-large-play-v2] Weight            0.711652
2026-04-25 02:55:03.688962 CST | [antmaze-large-play-v2] kl                1
2026-04-25 02:55:03.688985 CST | [antmaze-large-play-v2] ---------------  ---------
2026-04-25 02:57:24.718001 CST | [antmaze-large-play-v2] ---------------  ---------
2026-04-25 02:57:24.718096 CST | [antmaze-large-play-v2] Training Epochs  76
2026-04-25 02:57:24.718125 CST | [antmaze-large-play-v2] AverageReturn     0.2
2026-04-25 02:57:24.718151 CST | [antmaze-large-play-v2] NormReturn        0.2
2026-04-25 02:57:24.718176 CST | [antmaze-large-play-v2] L_Act            20.654
2026-04-25 02:57:24.718199 CST | [antmaze-large-play-v2] L_Crit            0.689934
2026-04-25 02:57:24.718224 CST | [antmaze-large-play-v2] Weight            0.711527
2026-04-25 02:57:24.718248 CST | [antmaze-large-play-v2] kl                1
2026-04-25 02:57:24.718272 CST | [antmaze-large-play-v2] ---------------  ---------
2026-04-25 02:59:46.667257 CST | [antmaze-large-play-v2] ---------------  ---------
2026-04-25 02:59:46.667349 CST | [antmaze-large-play-v2] Training Epochs  77
2026-04-25 02:59:46.667380 CST | [antmaze-large-play-v2] AverageReturn     0
2026-04-25 02:59:46.667407 CST | [antmaze-large-play-v2] NormReturn        0
2026-04-25 02:59:46.667432 CST | [antmaze-large-play-v2] L_Act            20.5599
2026-04-25 02:59:46.667456 CST | [antmaze-large-play-v2] L_Crit            0.706871
2026-04-25 02:59:46.667481 CST | [antmaze-large-play-v2] Weight            0.712918
2026-04-25 02:59:46.667505 CST | [antmaze-large-play-v2] kl                1
2026-04-25 02:59:46.667529 CST | [antmaze-large-play-v2] ---------------  ---------
2026-04-25 03:02:08.711466 CST | [antmaze-large-play-v2] ---------------  ---------
2026-04-25 03:02:08.711562 CST | [antmaze-large-play-v2] Training Epochs  78
2026-04-25 03:02:08.711592 CST | [antmaze-large-play-v2] AverageReturn     0.2
2026-04-25 03:02:08.711618 CST | [antmaze-large-play-v2] NormReturn        0.2
2026-04-25 03:02:08.711643 CST | [antmaze-large-play-v2] L_Act            20.4471
2026-04-25 03:02:08.711666 CST | [antmaze-large-play-v2] L_Crit            0.673178
2026-04-25 03:02:08.711690 CST | [antmaze-large-play-v2] Weight            0.714013
2026-04-25 03:02:08.711717 CST | [antmaze-large-play-v2] kl                1
2026-04-25 03:02:08.711741 CST | [antmaze-large-play-v2] ---------------  ---------
2026-04-25 03:04:29.236776 CST | [antmaze-large-play-v2] ---------------  ---------
2026-04-25 03:04:29.236856 CST | [antmaze-large-play-v2] Training Epochs  79
2026-04-25 03:04:29.236885 CST | [antmaze-large-play-v2] AverageReturn     0.3
2026-04-25 03:04:29.236910 CST | [antmaze-large-play-v2] NormReturn        0.3
2026-04-25 03:04:29.236935 CST | [antmaze-large-play-v2] L_Act            20.3988
2026-04-25 03:04:29.236959 CST | [antmaze-large-play-v2] L_Crit            0.676723
2026-04-25 03:04:29.236983 CST | [antmaze-large-play-v2] Weight            0.714759
2026-04-25 03:04:29.237007 CST | [antmaze-large-play-v2] kl                1
2026-04-25 03:04:29.237030 CST | [antmaze-large-play-v2] ---------------  ---------
2026-04-25 03:06:50.080966 CST | [antmaze-large-play-v2] ---------------  ---------
2026-04-25 03:06:50.081058 CST | [antmaze-large-play-v2] Training Epochs  80
2026-04-25 03:06:50.081087 CST | [antmaze-large-play-v2] AverageReturn     0.1
2026-04-25 03:06:50.081112 CST | [antmaze-large-play-v2] NormReturn        0.1
2026-04-25 03:06:50.081135 CST | [antmaze-large-play-v2] L_Act            20.2914
2026-04-25 03:06:50.081159 CST | [antmaze-large-play-v2] L_Crit            0.660672
2026-04-25 03:06:50.081183 CST | [antmaze-large-play-v2] Weight            0.715693
2026-04-25 03:06:50.081206 CST | [antmaze-large-play-v2] kl                1
2026-04-25 03:06:50.081230 CST | [antmaze-large-play-v2] ---------------  ---------
2026-04-25 03:09:09.699834 CST | [antmaze-large-play-v2] ---------------  ---------
2026-04-25 03:09:09.699929 CST | [antmaze-large-play-v2] Training Epochs  81
2026-04-25 03:09:09.699960 CST | [antmaze-large-play-v2] AverageReturn     0.4
2026-04-25 03:09:09.699986 CST | [antmaze-large-play-v2] NormReturn        0.4
2026-04-25 03:09:09.700010 CST | [antmaze-large-play-v2] L_Act            20.2786
2026-04-25 03:09:09.700035 CST | [antmaze-large-play-v2] L_Crit            0.664215
2026-04-25 03:09:09.700059 CST | [antmaze-large-play-v2] Weight            0.715247
2026-04-25 03:09:09.700083 CST | [antmaze-large-play-v2] kl                1
2026-04-25 03:09:09.700107 CST | [antmaze-large-play-v2] ---------------  ---------
2026-04-25 03:11:29.122453 CST | [antmaze-large-play-v2] ---------------  ---------
2026-04-25 03:11:29.122546 CST | [antmaze-large-play-v2] Training Epochs  82
2026-04-25 03:11:29.122575 CST | [antmaze-large-play-v2] AverageReturn     0.4
2026-04-25 03:11:29.122600 CST | [antmaze-large-play-v2] NormReturn        0.4
2026-04-25 03:11:29.122625 CST | [antmaze-large-play-v2] L_Act            20.2506
2026-04-25 03:11:29.122648 CST | [antmaze-large-play-v2] L_Crit            0.677818
2026-04-25 03:11:29.122672 CST | [antmaze-large-play-v2] Weight            0.716237
2026-04-25 03:11:29.122695 CST | [antmaze-large-play-v2] kl                1
2026-04-25 03:11:29.122719 CST | [antmaze-large-play-v2] ---------------  ---------
2026-04-25 03:13:50.084420 CST | [antmaze-large-play-v2] ---------------  ---------
2026-04-25 03:13:50.084534 CST | [antmaze-large-play-v2] Training Epochs  83
2026-04-25 03:13:50.084564 CST | [antmaze-large-play-v2] AverageReturn     0.3
2026-04-25 03:13:50.084591 CST | [antmaze-large-play-v2] NormReturn        0.3
2026-04-25 03:13:50.084616 CST | [antmaze-large-play-v2] L_Act            20.2488
2026-04-25 03:13:50.084640 CST | [antmaze-large-play-v2] L_Crit            0.659844
2026-04-25 03:13:50.084665 CST | [antmaze-large-play-v2] Weight            0.716915
2026-04-25 03:13:50.084689 CST | [antmaze-large-play-v2] kl                1
2026-04-25 03:13:50.084712 CST | [antmaze-large-play-v2] ---------------  ---------
2026-04-25 03:16:10.610817 CST | [antmaze-large-play-v2] ---------------  ---------
2026-04-25 03:16:10.610914 CST | [antmaze-large-play-v2] Training Epochs  84
2026-04-25 03:16:10.610944 CST | [antmaze-large-play-v2] AverageReturn     0.2
2026-04-25 03:16:10.610971 CST | [antmaze-large-play-v2] NormReturn        0.2
2026-04-25 03:16:10.611000 CST | [antmaze-large-play-v2] L_Act            20.1637
2026-04-25 03:16:10.611024 CST | [antmaze-large-play-v2] L_Crit            0.692725
2026-04-25 03:16:10.611049 CST | [antmaze-large-play-v2] Weight            0.717723
2026-04-25 03:16:10.611074 CST | [antmaze-large-play-v2] kl                1
2026-04-25 03:16:10.611098 CST | [antmaze-large-play-v2] ---------------  ---------
2026-04-25 03:18:32.539419 CST | [antmaze-large-play-v2] ---------------  ---------
2026-04-25 03:18:32.539526 CST | [antmaze-large-play-v2] Training Epochs  85
2026-04-25 03:18:32.539556 CST | [antmaze-large-play-v2] AverageReturn     0.3
2026-04-25 03:18:32.539581 CST | [antmaze-large-play-v2] NormReturn        0.3
2026-04-25 03:18:32.539606 CST | [antmaze-large-play-v2] L_Act            20.1397
2026-04-25 03:18:32.539630 CST | [antmaze-large-play-v2] L_Crit            0.675183
2026-04-25 03:18:32.539653 CST | [antmaze-large-play-v2] Weight            0.718561
2026-04-25 03:18:32.539676 CST | [antmaze-large-play-v2] kl                1
2026-04-25 03:18:32.539701 CST | [antmaze-large-play-v2] ---------------  ---------
2026-04-25 03:20:53.594851 CST | [antmaze-large-play-v2] ---------------  ---------
2026-04-25 03:20:53.594944 CST | [antmaze-large-play-v2] Training Epochs  86
2026-04-25 03:20:53.594974 CST | [antmaze-large-play-v2] AverageReturn     0.3
2026-04-25 03:20:53.594999 CST | [antmaze-large-play-v2] NormReturn        0.3
2026-04-25 03:20:53.595023 CST | [antmaze-large-play-v2] L_Act            20.033
2026-04-25 03:20:53.595047 CST | [antmaze-large-play-v2] L_Crit            0.675715
2026-04-25 03:20:53.595071 CST | [antmaze-large-play-v2] Weight            0.719316
2026-04-25 03:20:53.595095 CST | [antmaze-large-play-v2] kl                1
2026-04-25 03:20:53.595119 CST | [antmaze-large-play-v2] ---------------  ---------
2026-04-25 03:23:15.979951 CST | [antmaze-large-play-v2] ---------------  ---------
2026-04-25 03:23:15.980045 CST | [antmaze-large-play-v2] Training Epochs  87
2026-04-25 03:23:15.980076 CST | [antmaze-large-play-v2] AverageReturn     0.1
2026-04-25 03:23:15.980102 CST | [antmaze-large-play-v2] NormReturn        0.1
2026-04-25 03:23:15.980127 CST | [antmaze-large-play-v2] L_Act            20.0271
2026-04-25 03:23:15.980151 CST | [antmaze-large-play-v2] L_Crit            0.654441
2026-04-25 03:23:15.980174 CST | [antmaze-large-play-v2] Weight            0.718496
2026-04-25 03:23:15.980198 CST | [antmaze-large-play-v2] kl                1
2026-04-25 03:23:15.980222 CST | [antmaze-large-play-v2] ---------------  ---------
2026-04-25 03:25:35.594942 CST | [antmaze-large-play-v2] ---------------  ---------
2026-04-25 03:25:35.595034 CST | [antmaze-large-play-v2] Training Epochs  88
2026-04-25 03:25:35.595064 CST | [antmaze-large-play-v2] AverageReturn     0.3
2026-04-25 03:25:35.595091 CST | [antmaze-large-play-v2] NormReturn        0.3
2026-04-25 03:25:35.595117 CST | [antmaze-large-play-v2] L_Act            20.0097
2026-04-25 03:25:35.595142 CST | [antmaze-large-play-v2] L_Crit            0.664658
2026-04-25 03:25:35.595167 CST | [antmaze-large-play-v2] Weight            0.718925
2026-04-25 03:25:35.595191 CST | [antmaze-large-play-v2] kl                1
2026-04-25 03:25:35.595216 CST | [antmaze-large-play-v2] ---------------  ---------
2026-04-25 03:27:55.203872 CST | [antmaze-large-play-v2] ---------------  ---------
2026-04-25 03:27:55.203962 CST | [antmaze-large-play-v2] Training Epochs  89
2026-04-25 03:27:55.203990 CST | [antmaze-large-play-v2] AverageReturn     0.4
2026-04-25 03:27:55.204016 CST | [antmaze-large-play-v2] NormReturn        0.4
2026-04-25 03:27:55.204040 CST | [antmaze-large-play-v2] L_Act            20.026
2026-04-25 03:27:55.204064 CST | [antmaze-large-play-v2] L_Crit            0.666888
2026-04-25 03:27:55.204087 CST | [antmaze-large-play-v2] Weight            0.718619
2026-04-25 03:27:55.204111 CST | [antmaze-large-play-v2] kl                1
2026-04-25 03:27:55.204134 CST | [antmaze-large-play-v2] ---------------  ---------
2026-04-25 03:30:16.288984 CST | [antmaze-large-play-v2] ---------------  ---------
2026-04-25 03:30:16.289082 CST | [antmaze-large-play-v2] Training Epochs  90
2026-04-25 03:30:16.289111 CST | [antmaze-large-play-v2] AverageReturn     0.1
2026-04-25 03:30:16.289137 CST | [antmaze-large-play-v2] NormReturn        0.1
2026-04-25 03:30:16.289161 CST | [antmaze-large-play-v2] L_Act            19.9882
2026-04-25 03:30:16.289185 CST | [antmaze-large-play-v2] L_Crit            0.676754
2026-04-25 03:30:16.289209 CST | [antmaze-large-play-v2] Weight            0.720184
2026-04-25 03:30:16.289233 CST | [antmaze-large-play-v2] kl                1
2026-04-25 03:30:16.289257 CST | [antmaze-large-play-v2] ---------------  ---------
2026-04-25 03:32:36.680759 CST | [antmaze-large-play-v2] ---------------  ---------
2026-04-25 03:32:36.680863 CST | [antmaze-large-play-v2] Training Epochs  91
2026-04-25 03:32:36.680894 CST | [antmaze-large-play-v2] AverageReturn     0.4
2026-04-25 03:32:36.680921 CST | [antmaze-large-play-v2] NormReturn        0.4
2026-04-25 03:32:36.680946 CST | [antmaze-large-play-v2] L_Act            19.9463
2026-04-25 03:32:36.680971 CST | [antmaze-large-play-v2] L_Crit            0.65824
2026-04-25 03:32:36.680995 CST | [antmaze-large-play-v2] Weight            0.719541
2026-04-25 03:32:36.681019 CST | [antmaze-large-play-v2] kl                1
2026-04-25 03:32:36.681043 CST | [antmaze-large-play-v2] ---------------  ---------
2026-04-25 03:34:56.786600 CST | [antmaze-large-play-v2] ---------------  ---------
2026-04-25 03:34:56.786692 CST | [antmaze-large-play-v2] Training Epochs  92
2026-04-25 03:34:56.786721 CST | [antmaze-large-play-v2] AverageReturn     0.6
2026-04-25 03:34:56.786746 CST | [antmaze-large-play-v2] NormReturn        0.6
2026-04-25 03:34:56.786770 CST | [antmaze-large-play-v2] L_Act            19.9016
2026-04-25 03:34:56.786794 CST | [antmaze-large-play-v2] L_Crit            0.639384
2026-04-25 03:34:56.786817 CST | [antmaze-large-play-v2] Weight            0.720471
2026-04-25 03:34:56.786840 CST | [antmaze-large-play-v2] kl                1
2026-04-25 03:34:56.786864 CST | [antmaze-large-play-v2] ---------------  ---------
2026-04-25 03:37:17.697348 CST | [antmaze-large-play-v2] ---------------  ---------
2026-04-25 03:37:17.697443 CST | [antmaze-large-play-v2] Training Epochs  93
2026-04-25 03:37:17.697473 CST | [antmaze-large-play-v2] AverageReturn     0.3
2026-04-25 03:37:17.697497 CST | [antmaze-large-play-v2] NormReturn        0.3
2026-04-25 03:37:17.697521 CST | [antmaze-large-play-v2] L_Act            19.8376
2026-04-25 03:37:17.697544 CST | [antmaze-large-play-v2] L_Crit            0.669085
2026-04-25 03:37:17.697568 CST | [antmaze-large-play-v2] Weight            0.721012
2026-04-25 03:37:17.697592 CST | [antmaze-large-play-v2] kl                1
2026-04-25 03:37:17.697615 CST | [antmaze-large-play-v2] ---------------  ---------
2026-04-25 03:39:40.625609 CST | [antmaze-large-play-v2] ---------------  ---------
2026-04-25 03:39:40.625690 CST | [antmaze-large-play-v2] Training Epochs  94
2026-04-25 03:39:40.625720 CST | [antmaze-large-play-v2] AverageReturn     0.3
2026-04-25 03:39:40.625748 CST | [antmaze-large-play-v2] NormReturn        0.3
2026-04-25 03:39:40.625774 CST | [antmaze-large-play-v2] L_Act            19.8021
2026-04-25 03:39:40.625799 CST | [antmaze-large-play-v2] L_Crit            0.633062
2026-04-25 03:39:40.625823 CST | [antmaze-large-play-v2] Weight            0.721213
2026-04-25 03:39:40.625847 CST | [antmaze-large-play-v2] kl                1
2026-04-25 03:39:40.625871 CST | [antmaze-large-play-v2] ---------------  ---------
2026-04-25 03:42:04.506261 CST | [antmaze-large-play-v2] ---------------  ---------
2026-04-25 03:42:04.506354 CST | [antmaze-large-play-v2] Training Epochs  95
2026-04-25 03:42:04.506384 CST | [antmaze-large-play-v2] AverageReturn     0.2
2026-04-25 03:42:04.506409 CST | [antmaze-large-play-v2] NormReturn        0.2
2026-04-25 03:42:04.506433 CST | [antmaze-large-play-v2] L_Act            19.7812
2026-04-25 03:42:04.506457 CST | [antmaze-large-play-v2] L_Crit            0.651352
2026-04-25 03:42:04.506485 CST | [antmaze-large-play-v2] Weight            0.721892
2026-04-25 03:42:04.506508 CST | [antmaze-large-play-v2] kl                1
2026-04-25 03:42:04.506532 CST | [antmaze-large-play-v2] ---------------  ---------
2026-04-25 03:44:27.550477 CST | [antmaze-large-play-v2] ---------------  ---------
2026-04-25 03:44:27.550567 CST | [antmaze-large-play-v2] Training Epochs  96
2026-04-25 03:44:27.550598 CST | [antmaze-large-play-v2] AverageReturn     0.3
2026-04-25 03:44:27.550624 CST | [antmaze-large-play-v2] NormReturn        0.3
2026-04-25 03:44:27.550649 CST | [antmaze-large-play-v2] L_Act            19.8138
2026-04-25 03:44:27.550673 CST | [antmaze-large-play-v2] L_Crit            0.629645
2026-04-25 03:44:27.550697 CST | [antmaze-large-play-v2] Weight            0.721055
2026-04-25 03:44:27.550721 CST | [antmaze-large-play-v2] kl                1
2026-04-25 03:44:27.550745 CST | [antmaze-large-play-v2] ---------------  ---------
2026-04-25 03:46:51.092867 CST | [antmaze-large-play-v2] ---------------  ---------
2026-04-25 03:46:51.092958 CST | [antmaze-large-play-v2] Training Epochs  97
2026-04-25 03:46:51.092987 CST | [antmaze-large-play-v2] AverageReturn     0.2
2026-04-25 03:46:51.093012 CST | [antmaze-large-play-v2] NormReturn        0.2
2026-04-25 03:46:51.093036 CST | [antmaze-large-play-v2] L_Act            19.821
2026-04-25 03:46:51.093061 CST | [antmaze-large-play-v2] L_Crit            0.648382
2026-04-25 03:46:51.093085 CST | [antmaze-large-play-v2] Weight            0.721341
2026-04-25 03:46:51.093109 CST | [antmaze-large-play-v2] kl                1
2026-04-25 03:46:51.093132 CST | [antmaze-large-play-v2] ---------------  ---------
2026-04-25 03:49:12.926983 CST | [antmaze-large-play-v2] ---------------  ---------
2026-04-25 03:49:12.927077 CST | [antmaze-large-play-v2] Training Epochs  98
2026-04-25 03:49:12.927107 CST | [antmaze-large-play-v2] AverageReturn     0.3
2026-04-25 03:49:12.927132 CST | [antmaze-large-play-v2] NormReturn        0.3
2026-04-25 03:49:12.927157 CST | [antmaze-large-play-v2] L_Act            19.7164
2026-04-25 03:49:12.927182 CST | [antmaze-large-play-v2] L_Crit            0.640478
2026-04-25 03:49:12.927206 CST | [antmaze-large-play-v2] Weight            0.72298
2026-04-25 03:49:12.927230 CST | [antmaze-large-play-v2] kl                1
2026-04-25 03:49:12.927255 CST | [antmaze-large-play-v2] ---------------  ---------
2026-04-25 03:51:34.103765 CST | [antmaze-large-play-v2] ---------------  ---------
2026-04-25 03:51:34.103858 CST | [antmaze-large-play-v2] Training Epochs  99
2026-04-25 03:51:34.103886 CST | [antmaze-large-play-v2] AverageReturn     0.5
2026-04-25 03:51:34.103911 CST | [antmaze-large-play-v2] NormReturn        0.5
2026-04-25 03:51:34.103934 CST | [antmaze-large-play-v2] L_Act            19.6813
2026-04-25 03:51:34.103958 CST | [antmaze-large-play-v2] L_Crit            0.623751
2026-04-25 03:51:34.103982 CST | [antmaze-large-play-v2] Weight            0.722228
2026-04-25 03:51:34.104005 CST | [antmaze-large-play-v2] kl                1
2026-04-25 03:51:34.104028 CST | [antmaze-large-play-v2] ---------------  ---------
2026-04-25 03:53:54.628187 CST | [antmaze-large-play-v2] ---------------  ----------
2026-04-25 03:53:54.628278 CST | [antmaze-large-play-v2] Training Epochs  100
2026-04-25 03:53:54.628308 CST | [antmaze-large-play-v2] AverageReturn      0.5
2026-04-25 03:53:54.628334 CST | [antmaze-large-play-v2] NormReturn         0.5
2026-04-25 03:53:54.628359 CST | [antmaze-large-play-v2] L_Act             19.6658
2026-04-25 03:53:54.628383 CST | [antmaze-large-play-v2] L_Crit             0.622808
2026-04-25 03:53:54.628408 CST | [antmaze-large-play-v2] Weight             0.722915
2026-04-25 03:53:54.628432 CST | [antmaze-large-play-v2] kl                 1
2026-04-25 03:53:54.628456 CST | [antmaze-large-play-v2] ---------------  ----------
2026-04-25 03:56:16.996827 CST | [antmaze-large-play-v2] ---------------  ----------
2026-04-25 03:56:16.996916 CST | [antmaze-large-play-v2] Training Epochs  101
2026-04-25 03:56:16.996952 CST | [antmaze-large-play-v2] AverageReturn      0.2
2026-04-25 03:56:16.996981 CST | [antmaze-large-play-v2] NormReturn         0.2
2026-04-25 03:56:16.997007 CST | [antmaze-large-play-v2] L_Act             19.6509
2026-04-25 03:56:16.997031 CST | [antmaze-large-play-v2] L_Crit             0.624318
2026-04-25 03:56:16.997056 CST | [antmaze-large-play-v2] Weight             0.723389
2026-04-25 03:56:16.997080 CST | [antmaze-large-play-v2] kl                 1
2026-04-25 03:56:16.997105 CST | [antmaze-large-play-v2] ---------------  ----------
2026-04-25 03:58:40.410715 CST | [antmaze-large-play-v2] ---------------  ----------
2026-04-25 03:58:40.410806 CST | [antmaze-large-play-v2] Training Epochs  102
2026-04-25 03:58:40.410836 CST | [antmaze-large-play-v2] AverageReturn      0.4
2026-04-25 03:58:40.410863 CST | [antmaze-large-play-v2] NormReturn         0.4
2026-04-25 03:58:40.410889 CST | [antmaze-large-play-v2] L_Act             19.65
2026-04-25 03:58:40.410913 CST | [antmaze-large-play-v2] L_Crit             0.634998
2026-04-25 03:58:40.410938 CST | [antmaze-large-play-v2] Weight             0.722634
2026-04-25 03:58:40.410963 CST | [antmaze-large-play-v2] kl                 1
2026-04-25 03:58:40.410987 CST | [antmaze-large-play-v2] ---------------  ----------
2026-04-25 04:01:02.664916 CST | [antmaze-large-play-v2] ---------------  ----------
2026-04-25 04:01:02.665008 CST | [antmaze-large-play-v2] Training Epochs  103
2026-04-25 04:01:02.665039 CST | [antmaze-large-play-v2] AverageReturn      0.3
2026-04-25 04:01:02.665065 CST | [antmaze-large-play-v2] NormReturn         0.3
2026-04-25 04:01:02.665090 CST | [antmaze-large-play-v2] L_Act             19.6887
2026-04-25 04:01:02.665114 CST | [antmaze-large-play-v2] L_Crit             0.644166
2026-04-25 04:01:02.665139 CST | [antmaze-large-play-v2] Weight             0.722899
2026-04-25 04:01:02.665162 CST | [antmaze-large-play-v2] kl                 1
2026-04-25 04:01:02.665186 CST | [antmaze-large-play-v2] ---------------  ----------
2026-04-25 04:03:25.087182 CST | [antmaze-large-play-v2] ---------------  ----------
2026-04-25 04:03:25.087278 CST | [antmaze-large-play-v2] Training Epochs  104
2026-04-25 04:03:25.087309 CST | [antmaze-large-play-v2] AverageReturn      0.3
2026-04-25 04:03:25.087335 CST | [antmaze-large-play-v2] NormReturn         0.3
2026-04-25 04:03:25.087360 CST | [antmaze-large-play-v2] L_Act             19.6215
2026-04-25 04:03:25.087384 CST | [antmaze-large-play-v2] L_Crit             0.626632
2026-04-25 04:03:25.087409 CST | [antmaze-large-play-v2] Weight             0.724255
2026-04-25 04:03:25.087433 CST | [antmaze-large-play-v2] kl                 1
2026-04-25 04:03:25.087458 CST | [antmaze-large-play-v2] ---------------  ----------
2026-04-25 04:05:48.015291 CST | [antmaze-large-play-v2] ---------------  ----------
2026-04-25 04:05:48.015389 CST | [antmaze-large-play-v2] Training Epochs  105
2026-04-25 04:05:48.015418 CST | [antmaze-large-play-v2] AverageReturn      0.3
2026-04-25 04:05:48.015444 CST | [antmaze-large-play-v2] NormReturn         0.3
2026-04-25 04:05:48.015468 CST | [antmaze-large-play-v2] L_Act             19.5194
2026-04-25 04:05:48.015492 CST | [antmaze-large-play-v2] L_Crit             0.638993
2026-04-25 04:05:48.015516 CST | [antmaze-large-play-v2] Weight             0.725324
2026-04-25 04:05:48.015540 CST | [antmaze-large-play-v2] kl                 1
2026-04-25 04:05:48.015564 CST | [antmaze-large-play-v2] ---------------  ----------
2026-04-25 04:08:11.195935 CST | [antmaze-large-play-v2] ---------------  ----------
2026-04-25 04:08:11.196030 CST | [antmaze-large-play-v2] Training Epochs  106
2026-04-25 04:08:11.196059 CST | [antmaze-large-play-v2] AverageReturn      0.1
2026-04-25 04:08:11.196085 CST | [antmaze-large-play-v2] NormReturn         0.1
2026-04-25 04:08:11.196109 CST | [antmaze-large-play-v2] L_Act             19.5204
2026-04-25 04:08:11.196133 CST | [antmaze-large-play-v2] L_Crit             0.634258
2026-04-25 04:08:11.196156 CST | [antmaze-large-play-v2] Weight             0.724407
2026-04-25 04:08:11.196184 CST | [antmaze-large-play-v2] kl                 1
2026-04-25 04:08:11.196207 CST | [antmaze-large-play-v2] ---------------  ----------
2026-04-25 04:10:34.118222 CST | [antmaze-large-play-v2] ---------------  ----------
2026-04-25 04:10:34.118314 CST | [antmaze-large-play-v2] Training Epochs  107
2026-04-25 04:10:34.118344 CST | [antmaze-large-play-v2] AverageReturn      0.3
2026-04-25 04:10:34.118372 CST | [antmaze-large-play-v2] NormReturn         0.3
2026-04-25 04:10:34.118396 CST | [antmaze-large-play-v2] L_Act             19.464
2026-04-25 04:10:34.118420 CST | [antmaze-large-play-v2] L_Crit             0.62064
2026-04-25 04:10:34.118444 CST | [antmaze-large-play-v2] Weight             0.725309
2026-04-25 04:10:34.118468 CST | [antmaze-large-play-v2] kl                 1
2026-04-25 04:10:34.118493 CST | [antmaze-large-play-v2] ---------------  ----------
2026-04-25 04:12:55.845143 CST | [antmaze-large-play-v2] ---------------  ----------
2026-04-25 04:12:55.845233 CST | [antmaze-large-play-v2] Training Epochs  108
2026-04-25 04:12:55.845263 CST | [antmaze-large-play-v2] AverageReturn      0.4
2026-04-25 04:12:55.845290 CST | [antmaze-large-play-v2] NormReturn         0.4
2026-04-25 04:12:55.845316 CST | [antmaze-large-play-v2] L_Act             19.4752
2026-04-25 04:12:55.845341 CST | [antmaze-large-play-v2] L_Crit             0.647269
2026-04-25 04:12:55.845365 CST | [antmaze-large-play-v2] Weight             0.724765
2026-04-25 04:12:55.845390 CST | [antmaze-large-play-v2] kl                 1
2026-04-25 04:12:55.845414 CST | [antmaze-large-play-v2] ---------------  ----------
2026-04-25 04:15:17.087455 CST | [antmaze-large-play-v2] ---------------  ----------
2026-04-25 04:15:17.087536 CST | [antmaze-large-play-v2] Training Epochs  109
2026-04-25 04:15:17.087565 CST | [antmaze-large-play-v2] AverageReturn      0.5
2026-04-25 04:15:17.087590 CST | [antmaze-large-play-v2] NormReturn         0.5
2026-04-25 04:15:17.087614 CST | [antmaze-large-play-v2] L_Act             19.458
2026-04-25 04:15:17.087638 CST | [antmaze-large-play-v2] L_Crit             0.640642
2026-04-25 04:15:17.087661 CST | [antmaze-large-play-v2] Weight             0.725484
2026-04-25 04:15:17.087684 CST | [antmaze-large-play-v2] kl                 1
2026-04-25 04:15:17.087708 CST | [antmaze-large-play-v2] ---------------  ----------
2026-04-25 04:17:40.092743 CST | [antmaze-large-play-v2] ---------------  ----------
2026-04-25 04:17:40.092843 CST | [antmaze-large-play-v2] Training Epochs  110
2026-04-25 04:17:40.092872 CST | [antmaze-large-play-v2] AverageReturn      0.4
2026-04-25 04:17:40.092898 CST | [antmaze-large-play-v2] NormReturn         0.4
2026-04-25 04:17:40.092922 CST | [antmaze-large-play-v2] L_Act             19.4162
2026-04-25 04:17:40.092946 CST | [antmaze-large-play-v2] L_Crit             0.614997
2026-04-25 04:17:40.092970 CST | [antmaze-large-play-v2] Weight             0.725814
2026-04-25 04:17:40.092994 CST | [antmaze-large-play-v2] kl                 1
2026-04-25 04:17:40.093018 CST | [antmaze-large-play-v2] ---------------  ----------
2026-04-25 04:20:02.482439 CST | [antmaze-large-play-v2] ---------------  ----------
2026-04-25 04:20:02.482538 CST | [antmaze-large-play-v2] Training Epochs  111
2026-04-25 04:20:02.482566 CST | [antmaze-large-play-v2] AverageReturn      0.3
2026-04-25 04:20:02.482592 CST | [antmaze-large-play-v2] NormReturn         0.3
2026-04-25 04:20:02.482617 CST | [antmaze-large-play-v2] L_Act             19.4009
2026-04-25 04:20:02.482641 CST | [antmaze-large-play-v2] L_Crit             0.640847
2026-04-25 04:20:02.482665 CST | [antmaze-large-play-v2] Weight             0.726071
2026-04-25 04:20:02.482689 CST | [antmaze-large-play-v2] kl                 1
2026-04-25 04:20:02.482712 CST | [antmaze-large-play-v2] ---------------  ----------
2026-04-25 04:22:24.108664 CST | [antmaze-large-play-v2] ---------------  ----------
2026-04-25 04:22:24.108765 CST | [antmaze-large-play-v2] Training Epochs  112
2026-04-25 04:22:24.108798 CST | [antmaze-large-play-v2] AverageReturn      0.7
2026-04-25 04:22:24.108826 CST | [antmaze-large-play-v2] NormReturn         0.7
2026-04-25 04:22:24.108850 CST | [antmaze-large-play-v2] L_Act             19.4247
2026-04-25 04:22:24.108874 CST | [antmaze-large-play-v2] L_Crit             0.607546
2026-04-25 04:22:24.108898 CST | [antmaze-large-play-v2] Weight             0.725931
2026-04-25 04:22:24.108922 CST | [antmaze-large-play-v2] kl                 1
2026-04-25 04:22:24.108945 CST | [antmaze-large-play-v2] ---------------  ----------
2026-04-25 04:24:46.543640 CST | [antmaze-large-play-v2] ---------------  ----------
2026-04-25 04:24:46.543739 CST | [antmaze-large-play-v2] Training Epochs  113
2026-04-25 04:24:46.543768 CST | [antmaze-large-play-v2] AverageReturn      0.3
2026-04-25 04:24:46.543795 CST | [antmaze-large-play-v2] NormReturn         0.3
2026-04-25 04:24:46.543822 CST | [antmaze-large-play-v2] L_Act             19.4226
2026-04-25 04:24:46.543850 CST | [antmaze-large-play-v2] L_Crit             0.630786
2026-04-25 04:24:46.543876 CST | [antmaze-large-play-v2] Weight             0.726043
2026-04-25 04:24:46.543901 CST | [antmaze-large-play-v2] kl                 1
2026-04-25 04:24:46.543925 CST | [antmaze-large-play-v2] ---------------  ----------
2026-04-25 04:27:09.889813 CST | [antmaze-large-play-v2] ---------------  ----------
2026-04-25 04:27:09.889910 CST | [antmaze-large-play-v2] Training Epochs  114
2026-04-25 04:27:09.889940 CST | [antmaze-large-play-v2] AverageReturn      0.2
2026-04-25 04:27:09.889966 CST | [antmaze-large-play-v2] NormReturn         0.2
2026-04-25 04:27:09.889992 CST | [antmaze-large-play-v2] L_Act             19.4315
2026-04-25 04:27:09.890017 CST | [antmaze-large-play-v2] L_Crit             0.610877
2026-04-25 04:27:09.890041 CST | [antmaze-large-play-v2] Weight             0.726265
2026-04-25 04:27:09.890065 CST | [antmaze-large-play-v2] kl                 1
2026-04-25 04:27:09.890090 CST | [antmaze-large-play-v2] ---------------  ----------
2026-04-25 04:29:31.027420 CST | [antmaze-large-play-v2] ---------------  ----------
2026-04-25 04:29:31.027513 CST | [antmaze-large-play-v2] Training Epochs  115
2026-04-25 04:29:31.027542 CST | [antmaze-large-play-v2] AverageReturn      0.9
2026-04-25 04:29:31.027568 CST | [antmaze-large-play-v2] NormReturn         0.9
2026-04-25 04:29:31.027592 CST | [antmaze-large-play-v2] L_Act             19.4033
2026-04-25 04:29:31.027616 CST | [antmaze-large-play-v2] L_Crit             0.624428
2026-04-25 04:29:31.027639 CST | [antmaze-large-play-v2] Weight             0.727109
2026-04-25 04:29:31.027663 CST | [antmaze-large-play-v2] kl                 1
2026-04-25 04:29:31.027687 CST | [antmaze-large-play-v2] ---------------  ----------
2026-04-25 04:31:53.325610 CST | [antmaze-large-play-v2] ---------------  ----------
2026-04-25 04:31:53.325697 CST | [antmaze-large-play-v2] Training Epochs  116
2026-04-25 04:31:53.325727 CST | [antmaze-large-play-v2] AverageReturn      0.6
2026-04-25 04:31:53.325752 CST | [antmaze-large-play-v2] NormReturn         0.6
2026-04-25 04:31:53.325776 CST | [antmaze-large-play-v2] L_Act             19.3251
2026-04-25 04:31:53.325800 CST | [antmaze-large-play-v2] L_Crit             0.61681
2026-04-25 04:31:53.325823 CST | [antmaze-large-play-v2] Weight             0.727629
2026-04-25 04:31:53.325847 CST | [antmaze-large-play-v2] kl                 1
2026-04-25 04:31:53.325870 CST | [antmaze-large-play-v2] ---------------  ----------
2026-04-25 04:34:13.455413 CST | [antmaze-large-play-v2] ---------------  ----------
2026-04-25 04:34:13.455514 CST | [antmaze-large-play-v2] Training Epochs  117
2026-04-25 04:34:13.455543 CST | [antmaze-large-play-v2] AverageReturn      0.8
2026-04-25 04:34:13.455568 CST | [antmaze-large-play-v2] NormReturn         0.8
2026-04-25 04:34:13.455594 CST | [antmaze-large-play-v2] L_Act             19.2798
2026-04-25 04:34:13.455618 CST | [antmaze-large-play-v2] L_Crit             0.629394
2026-04-25 04:34:13.455641 CST | [antmaze-large-play-v2] Weight             0.728461
2026-04-25 04:34:13.455665 CST | [antmaze-large-play-v2] kl                 1
2026-04-25 04:34:13.455692 CST | [antmaze-large-play-v2] ---------------  ----------
2026-04-25 04:36:35.814173 CST | [antmaze-large-play-v2] ---------------  ----------
2026-04-25 04:36:35.814267 CST | [antmaze-large-play-v2] Training Epochs  118
2026-04-25 04:36:35.814296 CST | [antmaze-large-play-v2] AverageReturn      0.3
2026-04-25 04:36:35.814322 CST | [antmaze-large-play-v2] NormReturn         0.3
2026-04-25 04:36:35.814347 CST | [antmaze-large-play-v2] L_Act             19.3023
2026-04-25 04:36:35.814372 CST | [antmaze-large-play-v2] L_Crit             0.606046
2026-04-25 04:36:35.814397 CST | [antmaze-large-play-v2] Weight             0.72746
2026-04-25 04:36:35.814421 CST | [antmaze-large-play-v2] kl                 1
2026-04-25 04:36:35.814446 CST | [antmaze-large-play-v2] ---------------  ----------
2026-04-25 04:38:56.331594 CST | [antmaze-large-play-v2] ---------------  ----------
2026-04-25 04:38:56.331690 CST | [antmaze-large-play-v2] Training Epochs  119
2026-04-25 04:38:56.331719 CST | [antmaze-large-play-v2] AverageReturn      0.7
2026-04-25 04:38:56.331744 CST | [antmaze-large-play-v2] NormReturn         0.7
2026-04-25 04:38:56.331768 CST | [antmaze-large-play-v2] L_Act             19.3157
2026-04-25 04:38:56.331792 CST | [antmaze-large-play-v2] L_Crit             0.609524
2026-04-25 04:38:56.331816 CST | [antmaze-large-play-v2] Weight             0.728103
2026-04-25 04:38:56.331840 CST | [antmaze-large-play-v2] kl                 1
2026-04-25 04:38:56.331864 CST | [antmaze-large-play-v2] ---------------  ----------
2026-04-25 04:41:17.850270 CST | [antmaze-large-play-v2] ---------------  ----------
2026-04-25 04:41:17.850372 CST | [antmaze-large-play-v2] Training Epochs  120
2026-04-25 04:41:17.850401 CST | [antmaze-large-play-v2] AverageReturn      0.4
2026-04-25 04:41:17.850426 CST | [antmaze-large-play-v2] NormReturn         0.4
2026-04-25 04:41:17.850451 CST | [antmaze-large-play-v2] L_Act             19.2616
2026-04-25 04:41:17.850475 CST | [antmaze-large-play-v2] L_Crit             0.635625
2026-04-25 04:41:17.850498 CST | [antmaze-large-play-v2] Weight             0.728711
2026-04-25 04:41:17.850521 CST | [antmaze-large-play-v2] kl                 1
2026-04-25 04:41:17.850544 CST | [antmaze-large-play-v2] ---------------  ----------
2026-04-25 04:43:39.963593 CST | [antmaze-large-play-v2] ---------------  ----------
2026-04-25 04:43:39.963695 CST | [antmaze-large-play-v2] Training Epochs  121
2026-04-25 04:43:39.963725 CST | [antmaze-large-play-v2] AverageReturn      0.5
2026-04-25 04:43:39.963751 CST | [antmaze-large-play-v2] NormReturn         0.5
2026-04-25 04:43:39.963775 CST | [antmaze-large-play-v2] L_Act             19.2268
2026-04-25 04:43:39.963799 CST | [antmaze-large-play-v2] L_Crit             0.610119
2026-04-25 04:43:39.963823 CST | [antmaze-large-play-v2] Weight             0.730203
2026-04-25 04:43:39.963846 CST | [antmaze-large-play-v2] kl                 1
2026-04-25 04:43:39.963870 CST | [antmaze-large-play-v2] ---------------  ----------
2026-04-25 04:46:03.003555 CST | [antmaze-large-play-v2] ---------------  ----------
2026-04-25 04:46:03.003650 CST | [antmaze-large-play-v2] Training Epochs  122
2026-04-25 04:46:03.003678 CST | [antmaze-large-play-v2] AverageReturn      0.6
2026-04-25 04:46:03.003703 CST | [antmaze-large-play-v2] NormReturn         0.6
2026-04-25 04:46:03.003728 CST | [antmaze-large-play-v2] L_Act             19.2032
2026-04-25 04:46:03.003753 CST | [antmaze-large-play-v2] L_Crit             0.601106
2026-04-25 04:46:03.003776 CST | [antmaze-large-play-v2] Weight             0.729587
2026-04-25 04:46:03.003800 CST | [antmaze-large-play-v2] kl                 1
2026-04-25 04:46:03.003823 CST | [antmaze-large-play-v2] ---------------  ----------
2026-04-25 04:48:25.569936 CST | [antmaze-large-play-v2] ---------------  ----------
2026-04-25 04:48:25.570015 CST | [antmaze-large-play-v2] Training Epochs  123
2026-04-25 04:48:25.570043 CST | [antmaze-large-play-v2] AverageReturn      0.5
2026-04-25 04:48:25.570070 CST | [antmaze-large-play-v2] NormReturn         0.5
2026-04-25 04:48:25.570097 CST | [antmaze-large-play-v2] L_Act             19.1987
2026-04-25 04:48:25.570121 CST | [antmaze-large-play-v2] L_Crit             0.616914
2026-04-25 04:48:25.570144 CST | [antmaze-large-play-v2] Weight             0.729125
2026-04-25 04:48:25.570167 CST | [antmaze-large-play-v2] kl                 1
2026-04-25 04:48:25.570190 CST | [antmaze-large-play-v2] ---------------  ----------
2026-04-25 04:50:47.930153 CST | [antmaze-large-play-v2] ---------------  ----------
2026-04-25 04:50:47.930253 CST | [antmaze-large-play-v2] Training Epochs  124
2026-04-25 04:50:47.930283 CST | [antmaze-large-play-v2] AverageReturn      0.5
2026-04-25 04:50:47.930309 CST | [antmaze-large-play-v2] NormReturn         0.5
2026-04-25 04:50:47.930334 CST | [antmaze-large-play-v2] L_Act             19.2115
2026-04-25 04:50:47.930360 CST | [antmaze-large-play-v2] L_Crit             0.623126
2026-04-25 04:50:47.930387 CST | [antmaze-large-play-v2] Weight             0.728429
2026-04-25 04:50:47.930412 CST | [antmaze-large-play-v2] kl                 1
2026-04-25 04:50:47.930436 CST | [antmaze-large-play-v2] ---------------  ----------
2026-04-25 04:53:12.097722 CST | [antmaze-large-play-v2] ---------------  ----------
2026-04-25 04:53:12.097821 CST | [antmaze-large-play-v2] Training Epochs  125
2026-04-25 04:53:12.097851 CST | [antmaze-large-play-v2] AverageReturn      0.3
2026-04-25 04:53:12.097877 CST | [antmaze-large-play-v2] NormReturn         0.3
2026-04-25 04:53:12.097902 CST | [antmaze-large-play-v2] L_Act             19.1504
2026-04-25 04:53:12.097925 CST | [antmaze-large-play-v2] L_Crit             0.615524
2026-04-25 04:53:12.097949 CST | [antmaze-large-play-v2] Weight             0.729998
2026-04-25 04:53:12.097973 CST | [antmaze-large-play-v2] kl                 1
2026-04-25 04:53:12.097996 CST | [antmaze-large-play-v2] ---------------  ----------
2026-04-25 04:55:36.008444 CST | [antmaze-large-play-v2] ---------------  ----------
2026-04-25 04:55:36.008540 CST | [antmaze-large-play-v2] Training Epochs  126
2026-04-25 04:55:36.008571 CST | [antmaze-large-play-v2] AverageReturn      0.5
2026-04-25 04:55:36.008596 CST | [antmaze-large-play-v2] NormReturn         0.5
2026-04-25 04:55:36.008621 CST | [antmaze-large-play-v2] L_Act             19.0932
2026-04-25 04:55:36.008645 CST | [antmaze-large-play-v2] L_Crit             0.598468
2026-04-25 04:55:36.008668 CST | [antmaze-large-play-v2] Weight             0.729302
2026-04-25 04:55:36.008692 CST | [antmaze-large-play-v2] kl                 1
2026-04-25 04:55:36.008716 CST | [antmaze-large-play-v2] ---------------  ----------
2026-04-25 04:57:58.324658 CST | [antmaze-large-play-v2] ---------------  ----------
2026-04-25 04:57:58.324769 CST | [antmaze-large-play-v2] Training Epochs  127
2026-04-25 04:57:58.324799 CST | [antmaze-large-play-v2] AverageReturn      0.7
2026-04-25 04:57:58.324825 CST | [antmaze-large-play-v2] NormReturn         0.7
2026-04-25 04:57:58.324850 CST | [antmaze-large-play-v2] L_Act             19.1279
2026-04-25 04:57:58.324874 CST | [antmaze-large-play-v2] L_Crit             0.60465
2026-04-25 04:57:58.324898 CST | [antmaze-large-play-v2] Weight             0.729226
2026-04-25 04:57:58.324922 CST | [antmaze-large-play-v2] kl                 1
2026-04-25 04:57:58.324945 CST | [antmaze-large-play-v2] ---------------  ----------
2026-04-25 05:00:20.992224 CST | [antmaze-large-play-v2] ---------------  ----------
2026-04-25 05:00:20.992317 CST | [antmaze-large-play-v2] Training Epochs  128
2026-04-25 05:00:20.992346 CST | [antmaze-large-play-v2] AverageReturn      0.5
2026-04-25 05:00:20.992371 CST | [antmaze-large-play-v2] NormReturn         0.5
2026-04-25 05:00:20.992395 CST | [antmaze-large-play-v2] L_Act             19.1409
2026-04-25 05:00:20.992419 CST | [antmaze-large-play-v2] L_Crit             0.599469
2026-04-25 05:00:20.992442 CST | [antmaze-large-play-v2] Weight             0.729434
2026-04-25 05:00:20.992466 CST | [antmaze-large-play-v2] kl                 1
2026-04-25 05:00:20.992490 CST | [antmaze-large-play-v2] ---------------  ----------
2026-04-25 05:02:43.731138 CST | [antmaze-large-play-v2] ---------------  ----------
2026-04-25 05:02:43.731233 CST | [antmaze-large-play-v2] Training Epochs  129
2026-04-25 05:02:43.731263 CST | [antmaze-large-play-v2] AverageReturn      0.7
2026-04-25 05:02:43.731288 CST | [antmaze-large-play-v2] NormReturn         0.7
2026-04-25 05:02:43.731312 CST | [antmaze-large-play-v2] L_Act             19.1275
2026-04-25 05:02:43.731336 CST | [antmaze-large-play-v2] L_Crit             0.605117
2026-04-25 05:02:43.731360 CST | [antmaze-large-play-v2] Weight             0.72928
2026-04-25 05:02:43.731383 CST | [antmaze-large-play-v2] kl                 1
2026-04-25 05:02:43.731407 CST | [antmaze-large-play-v2] ---------------  ----------
2026-04-25 05:05:05.625998 CST | [antmaze-large-play-v2] ---------------  ----------
2026-04-25 05:05:05.626098 CST | [antmaze-large-play-v2] Training Epochs  130
2026-04-25 05:05:05.626127 CST | [antmaze-large-play-v2] AverageReturn      0.5
2026-04-25 05:05:05.626154 CST | [antmaze-large-play-v2] NormReturn         0.5
2026-04-25 05:05:05.626179 CST | [antmaze-large-play-v2] L_Act             19.0638
2026-04-25 05:05:05.626203 CST | [antmaze-large-play-v2] L_Crit             0.591104
2026-04-25 05:05:05.626227 CST | [antmaze-large-play-v2] Weight             0.730548
2026-04-25 05:05:05.626252 CST | [antmaze-large-play-v2] kl                 1
2026-04-25 05:05:05.626276 CST | [antmaze-large-play-v2] ---------------  ----------
2026-04-25 05:07:29.021626 CST | [antmaze-large-play-v2] ---------------  ----------
2026-04-25 05:07:29.021710 CST | [antmaze-large-play-v2] Training Epochs  131
2026-04-25 05:07:29.021739 CST | [antmaze-large-play-v2] AverageReturn      0.3
2026-04-25 05:07:29.021765 CST | [antmaze-large-play-v2] NormReturn         0.3
2026-04-25 05:07:29.021790 CST | [antmaze-large-play-v2] L_Act             19.0467
2026-04-25 05:07:29.021814 CST | [antmaze-large-play-v2] L_Crit             0.597886
2026-04-25 05:07:29.021837 CST | [antmaze-large-play-v2] Weight             0.730988
2026-04-25 05:07:29.021861 CST | [antmaze-large-play-v2] kl                 1
2026-04-25 05:07:29.021885 CST | [antmaze-large-play-v2] ---------------  ----------
2026-04-25 05:09:50.230758 CST | [antmaze-large-play-v2] ---------------  ----------
2026-04-25 05:09:50.230852 CST | [antmaze-large-play-v2] Training Epochs  132
2026-04-25 05:09:50.230881 CST | [antmaze-large-play-v2] AverageReturn      0.7
2026-04-25 05:09:50.230907 CST | [antmaze-large-play-v2] NormReturn         0.7
2026-04-25 05:09:50.230932 CST | [antmaze-large-play-v2] L_Act             18.9912
2026-04-25 05:09:50.230956 CST | [antmaze-large-play-v2] L_Crit             0.588788
2026-04-25 05:09:50.230980 CST | [antmaze-large-play-v2] Weight             0.731432
2026-04-25 05:09:50.231005 CST | [antmaze-large-play-v2] kl                 1
2026-04-25 05:09:50.231031 CST | [antmaze-large-play-v2] ---------------  ----------
2026-04-25 05:12:11.523307 CST | [antmaze-large-play-v2] ---------------  ----------
2026-04-25 05:12:11.523401 CST | [antmaze-large-play-v2] Training Epochs  133
2026-04-25 05:12:11.523430 CST | [antmaze-large-play-v2] AverageReturn      0.8
2026-04-25 05:12:11.523456 CST | [antmaze-large-play-v2] NormReturn         0.8
2026-04-25 05:12:11.523480 CST | [antmaze-large-play-v2] L_Act             18.9519
2026-04-25 05:12:11.523504 CST | [antmaze-large-play-v2] L_Crit             0.597744
2026-04-25 05:12:11.523527 CST | [antmaze-large-play-v2] Weight             0.731968
2026-04-25 05:12:11.523551 CST | [antmaze-large-play-v2] kl                 1
2026-04-25 05:12:11.523574 CST | [antmaze-large-play-v2] ---------------  ----------
2026-04-25 05:14:35.980359 CST | [antmaze-large-play-v2] ---------------  ----------
2026-04-25 05:14:35.980460 CST | [antmaze-large-play-v2] Training Epochs  134
2026-04-25 05:14:35.980488 CST | [antmaze-large-play-v2] AverageReturn      0.2
2026-04-25 05:14:35.980512 CST | [antmaze-large-play-v2] NormReturn         0.2
2026-04-25 05:14:35.980536 CST | [antmaze-large-play-v2] L_Act             18.9289
2026-04-25 05:14:35.980564 CST | [antmaze-large-play-v2] L_Crit             0.594153
2026-04-25 05:14:35.980587 CST | [antmaze-large-play-v2] Weight             0.732545
2026-04-25 05:14:35.980611 CST | [antmaze-large-play-v2] kl                 1
2026-04-25 05:14:35.980634 CST | [antmaze-large-play-v2] ---------------  ----------
2026-04-25 05:16:59.733883 CST | [antmaze-large-play-v2] ---------------  ----------
2026-04-25 05:16:59.733988 CST | [antmaze-large-play-v2] Training Epochs  135
2026-04-25 05:16:59.734017 CST | [antmaze-large-play-v2] AverageReturn      0.4
2026-04-25 05:16:59.734042 CST | [antmaze-large-play-v2] NormReturn         0.4
2026-04-25 05:16:59.734065 CST | [antmaze-large-play-v2] L_Act             18.8894
2026-04-25 05:16:59.734089 CST | [antmaze-large-play-v2] L_Crit             0.611964
2026-04-25 05:16:59.734113 CST | [antmaze-large-play-v2] Weight             0.731037
2026-04-25 05:16:59.734136 CST | [antmaze-large-play-v2] kl                 1
2026-04-25 05:16:59.734160 CST | [antmaze-large-play-v2] ---------------  ----------
2026-04-25 05:19:22.012702 CST | [antmaze-large-play-v2] ---------------  ----------
2026-04-25 05:19:22.012798 CST | [antmaze-large-play-v2] Training Epochs  136
2026-04-25 05:19:22.012828 CST | [antmaze-large-play-v2] AverageReturn      0.6
2026-04-25 05:19:22.012854 CST | [antmaze-large-play-v2] NormReturn         0.6
2026-04-25 05:19:22.012880 CST | [antmaze-large-play-v2] L_Act             18.963
2026-04-25 05:19:22.012906 CST | [antmaze-large-play-v2] L_Crit             0.603533
2026-04-25 05:19:22.012930 CST | [antmaze-large-play-v2] Weight             0.730956
2026-04-25 05:19:22.012955 CST | [antmaze-large-play-v2] kl                 1
2026-04-25 05:19:22.012979 CST | [antmaze-large-play-v2] ---------------  ----------
2026-04-25 05:21:45.856765 CST | [antmaze-large-play-v2] ---------------  ----------
2026-04-25 05:21:45.856856 CST | [antmaze-large-play-v2] Training Epochs  137
2026-04-25 05:21:45.856885 CST | [antmaze-large-play-v2] AverageReturn      0.4
2026-04-25 05:21:45.856909 CST | [antmaze-large-play-v2] NormReturn         0.4
2026-04-25 05:21:45.856933 CST | [antmaze-large-play-v2] L_Act             18.9769
2026-04-25 05:21:45.856957 CST | [antmaze-large-play-v2] L_Crit             0.586313
2026-04-25 05:21:45.856980 CST | [antmaze-large-play-v2] Weight             0.730736
2026-04-25 05:21:45.857004 CST | [antmaze-large-play-v2] kl                 1
2026-04-25 05:21:45.857027 CST | [antmaze-large-play-v2] ---------------  ----------
2026-04-25 05:24:07.545275 CST | [antmaze-large-play-v2] ---------------  ----------
2026-04-25 05:24:07.545355 CST | [antmaze-large-play-v2] Training Epochs  138
2026-04-25 05:24:07.545385 CST | [antmaze-large-play-v2] AverageReturn      0.7
2026-04-25 05:24:07.545412 CST | [antmaze-large-play-v2] NormReturn         0.7
2026-04-25 05:24:07.545437 CST | [antmaze-large-play-v2] L_Act             18.9371
2026-04-25 05:24:07.545462 CST | [antmaze-large-play-v2] L_Crit             0.595445
2026-04-25 05:24:07.545487 CST | [antmaze-large-play-v2] Weight             0.731958
2026-04-25 05:24:07.545511 CST | [antmaze-large-play-v2] kl                 1
2026-04-25 05:24:07.545535 CST | [antmaze-large-play-v2] ---------------  ----------
2026-04-25 05:26:30.958868 CST | [antmaze-large-play-v2] ---------------  ----------
2026-04-25 05:26:30.958957 CST | [antmaze-large-play-v2] Training Epochs  139
2026-04-25 05:26:30.958987 CST | [antmaze-large-play-v2] AverageReturn      0.6
2026-04-25 05:26:30.959012 CST | [antmaze-large-play-v2] NormReturn         0.6
2026-04-25 05:26:30.959036 CST | [antmaze-large-play-v2] L_Act             18.8674
2026-04-25 05:26:30.959060 CST | [antmaze-large-play-v2] L_Crit             0.588169
2026-04-25 05:26:30.959083 CST | [antmaze-large-play-v2] Weight             0.732648
2026-04-25 05:26:30.959107 CST | [antmaze-large-play-v2] kl                 1
2026-04-25 05:26:30.959133 CST | [antmaze-large-play-v2] ---------------  ----------
2026-04-25 05:28:53.792881 CST | [antmaze-large-play-v2] ---------------  ----------
2026-04-25 05:28:53.792981 CST | [antmaze-large-play-v2] Training Epochs  140
2026-04-25 05:28:53.793011 CST | [antmaze-large-play-v2] AverageReturn      0.4
2026-04-25 05:28:53.793036 CST | [antmaze-large-play-v2] NormReturn         0.4
2026-04-25 05:28:53.793060 CST | [antmaze-large-play-v2] L_Act             18.8589
2026-04-25 05:28:53.793083 CST | [antmaze-large-play-v2] L_Crit             0.581931
2026-04-25 05:28:53.793107 CST | [antmaze-large-play-v2] Weight             0.732283
2026-04-25 05:28:53.793131 CST | [antmaze-large-play-v2] kl                 1
2026-04-25 05:28:53.793155 CST | [antmaze-large-play-v2] ---------------  ----------
2026-04-25 05:31:14.517099 CST | [antmaze-large-play-v2] ---------------  ----------
2026-04-25 05:31:14.517191 CST | [antmaze-large-play-v2] Training Epochs  141
2026-04-25 05:31:14.517220 CST | [antmaze-large-play-v2] AverageReturn      0.9
2026-04-25 05:31:14.517246 CST | [antmaze-large-play-v2] NormReturn         0.9
2026-04-25 05:31:14.517271 CST | [antmaze-large-play-v2] L_Act             18.9211
2026-04-25 05:31:14.517296 CST | [antmaze-large-play-v2] L_Crit             0.56723
2026-04-25 05:31:14.517320 CST | [antmaze-large-play-v2] Weight             0.732069
2026-04-25 05:31:14.517344 CST | [antmaze-large-play-v2] kl                 1
2026-04-25 05:31:14.517368 CST | [antmaze-large-play-v2] ---------------  ----------
2026-04-25 05:33:36.397638 CST | [antmaze-large-play-v2] ---------------  ----------
2026-04-25 05:33:36.397730 CST | [antmaze-large-play-v2] Training Epochs  142
2026-04-25 05:33:36.397760 CST | [antmaze-large-play-v2] AverageReturn      0.7
2026-04-25 05:33:36.397785 CST | [antmaze-large-play-v2] NormReturn         0.7
2026-04-25 05:33:36.397809 CST | [antmaze-large-play-v2] L_Act             18.8331
2026-04-25 05:33:36.397832 CST | [antmaze-large-play-v2] L_Crit             0.615706
2026-04-25 05:33:36.397856 CST | [antmaze-large-play-v2] Weight             0.733709
2026-04-25 05:33:36.397879 CST | [antmaze-large-play-v2] kl                 1
2026-04-25 05:33:36.397902 CST | [antmaze-large-play-v2] ---------------  ----------
2026-04-25 05:36:00.889348 CST | [antmaze-large-play-v2] ---------------  ----------
2026-04-25 05:36:00.889447 CST | [antmaze-large-play-v2] Training Epochs  143
2026-04-25 05:36:00.889477 CST | [antmaze-large-play-v2] AverageReturn      0.3
2026-04-25 05:36:00.889503 CST | [antmaze-large-play-v2] NormReturn         0.3
2026-04-25 05:36:00.889527 CST | [antmaze-large-play-v2] L_Act             18.7957
2026-04-25 05:36:00.889552 CST | [antmaze-large-play-v2] L_Crit             0.574526
2026-04-25 05:36:00.889576 CST | [antmaze-large-play-v2] Weight             0.73384
2026-04-25 05:36:00.889600 CST | [antmaze-large-play-v2] kl                 1
2026-04-25 05:36:00.889624 CST | [antmaze-large-play-v2] ---------------  ----------
2026-04-25 05:38:23.281162 CST | [antmaze-large-play-v2] ---------------  ----------
2026-04-25 05:38:23.281259 CST | [antmaze-large-play-v2] Training Epochs  144
2026-04-25 05:38:23.281287 CST | [antmaze-large-play-v2] AverageReturn      0.7
2026-04-25 05:38:23.281313 CST | [antmaze-large-play-v2] NormReturn         0.7
2026-04-25 05:38:23.281338 CST | [antmaze-large-play-v2] L_Act             18.7356
2026-04-25 05:38:23.281362 CST | [antmaze-large-play-v2] L_Crit             0.58377
2026-04-25 05:38:23.281385 CST | [antmaze-large-play-v2] Weight             0.734772
2026-04-25 05:38:23.281409 CST | [antmaze-large-play-v2] kl                 1
2026-04-25 05:38:23.281432 CST | [antmaze-large-play-v2] ---------------  ----------
2026-04-25 05:40:46.534008 CST | [antmaze-large-play-v2] ---------------  ----------
2026-04-25 05:40:46.534085 CST | [antmaze-large-play-v2] Training Epochs  145
2026-04-25 05:40:46.534114 CST | [antmaze-large-play-v2] AverageReturn      0.6
2026-04-25 05:40:46.534139 CST | [antmaze-large-play-v2] NormReturn         0.6
2026-04-25 05:40:46.534163 CST | [antmaze-large-play-v2] L_Act             18.6807
2026-04-25 05:40:46.534187 CST | [antmaze-large-play-v2] L_Crit             0.583861
2026-04-25 05:40:46.534214 CST | [antmaze-large-play-v2] Weight             0.734132
2026-04-25 05:40:46.534237 CST | [antmaze-large-play-v2] kl                 1
2026-04-25 05:40:46.534261 CST | [antmaze-large-play-v2] ---------------  ----------
2026-04-25 05:43:08.276671 CST | [antmaze-large-play-v2] ---------------  ----------
2026-04-25 05:43:08.276775 CST | [antmaze-large-play-v2] Training Epochs  146
2026-04-25 05:43:08.276804 CST | [antmaze-large-play-v2] AverageReturn      0.7
2026-04-25 05:43:08.276829 CST | [antmaze-large-play-v2] NormReturn         0.7
2026-04-25 05:43:08.276853 CST | [antmaze-large-play-v2] L_Act             18.6961
2026-04-25 05:43:08.276877 CST | [antmaze-large-play-v2] L_Crit             0.574637
2026-04-25 05:43:08.276900 CST | [antmaze-large-play-v2] Weight             0.734607
2026-04-25 05:43:08.276924 CST | [antmaze-large-play-v2] kl                 1
2026-04-25 05:43:08.276947 CST | [antmaze-large-play-v2] ---------------  ----------
2026-04-25 05:45:31.064000 CST | [antmaze-large-play-v2] ---------------  ----------
2026-04-25 05:45:31.064092 CST | [antmaze-large-play-v2] Training Epochs  147
2026-04-25 05:45:31.064121 CST | [antmaze-large-play-v2] AverageReturn      0.5
2026-04-25 05:45:31.064146 CST | [antmaze-large-play-v2] NormReturn         0.5
2026-04-25 05:45:31.064170 CST | [antmaze-large-play-v2] L_Act             18.6861
2026-04-25 05:45:31.064194 CST | [antmaze-large-play-v2] L_Crit             0.57293
2026-04-25 05:45:31.064217 CST | [antmaze-large-play-v2] Weight             0.734139
2026-04-25 05:45:31.064240 CST | [antmaze-large-play-v2] kl                 1
2026-04-25 05:45:31.064264 CST | [antmaze-large-play-v2] ---------------  ----------
2026-04-25 05:47:55.137447 CST | [antmaze-large-play-v2] ---------------  ----------
2026-04-25 05:47:55.137544 CST | [antmaze-large-play-v2] Training Epochs  148
2026-04-25 05:47:55.137574 CST | [antmaze-large-play-v2] AverageReturn      0.7
2026-04-25 05:47:55.137599 CST | [antmaze-large-play-v2] NormReturn         0.7
2026-04-25 05:47:55.137623 CST | [antmaze-large-play-v2] L_Act             18.6391
2026-04-25 05:47:55.137647 CST | [antmaze-large-play-v2] L_Crit             0.578611
2026-04-25 05:47:55.137671 CST | [antmaze-large-play-v2] Weight             0.734488
2026-04-25 05:47:55.137694 CST | [antmaze-large-play-v2] kl                 1
2026-04-25 05:47:55.137717 CST | [antmaze-large-play-v2] ---------------  ----------
2026-04-25 05:50:15.614398 CST | [antmaze-large-play-v2] ---------------  ----------
2026-04-25 05:50:15.614491 CST | [antmaze-large-play-v2] Training Epochs  149
2026-04-25 05:50:15.614519 CST | [antmaze-large-play-v2] AverageReturn      0.6
2026-04-25 05:50:15.614544 CST | [antmaze-large-play-v2] NormReturn         0.6
2026-04-25 05:50:15.614568 CST | [antmaze-large-play-v2] L_Act             18.6639
2026-04-25 05:50:15.614591 CST | [antmaze-large-play-v2] L_Crit             0.577874
2026-04-25 05:50:15.614615 CST | [antmaze-large-play-v2] Weight             0.7342
2026-04-25 05:50:15.614638 CST | [antmaze-large-play-v2] kl                 1
2026-04-25 05:50:15.614661 CST | [antmaze-large-play-v2] ---------------  ----------
2026-04-25 05:52:38.326779 CST | [antmaze-large-play-v2] ---------------  ----------
2026-04-25 05:52:38.326874 CST | [antmaze-large-play-v2] Training Epochs  150
2026-04-25 05:52:38.326904 CST | [antmaze-large-play-v2] AverageReturn      0.5
2026-04-25 05:52:38.326931 CST | [antmaze-large-play-v2] NormReturn         0.5
2026-04-25 05:52:38.326956 CST | [antmaze-large-play-v2] L_Act             18.6377
2026-04-25 05:52:38.326980 CST | [antmaze-large-play-v2] L_Crit             0.575753
2026-04-25 05:52:38.327004 CST | [antmaze-large-play-v2] Weight             0.735399
2026-04-25 05:52:38.327028 CST | [antmaze-large-play-v2] kl                 1
2026-04-25 05:52:38.327052 CST | [antmaze-large-play-v2] ---------------  ----------
2026-04-25 05:55:01.058703 CST | [antmaze-large-play-v2] ---------------  ----------
2026-04-25 05:55:01.058799 CST | [antmaze-large-play-v2] Training Epochs  151
2026-04-25 05:55:01.058827 CST | [antmaze-large-play-v2] AverageReturn      0.7
2026-04-25 05:55:01.058853 CST | [antmaze-large-play-v2] NormReturn         0.7
2026-04-25 05:55:01.058877 CST | [antmaze-large-play-v2] L_Act             18.6373
2026-04-25 05:55:01.058902 CST | [antmaze-large-play-v2] L_Crit             0.584269
2026-04-25 05:55:01.058926 CST | [antmaze-large-play-v2] Weight             0.734442
2026-04-25 05:55:01.058949 CST | [antmaze-large-play-v2] kl                 1
2026-04-25 05:55:01.058973 CST | [antmaze-large-play-v2] ---------------  ----------
2026-04-25 05:57:23.676765 CST | [antmaze-large-play-v2] ---------------  ----------
2026-04-25 05:57:23.676858 CST | [antmaze-large-play-v2] Training Epochs  152
2026-04-25 05:57:23.676888 CST | [antmaze-large-play-v2] AverageReturn      0.7
2026-04-25 05:57:23.676915 CST | [antmaze-large-play-v2] NormReturn         0.7
2026-04-25 05:57:23.676939 CST | [antmaze-large-play-v2] L_Act             18.6116
2026-04-25 05:57:23.676963 CST | [antmaze-large-play-v2] L_Crit             0.579064
2026-04-25 05:57:23.676987 CST | [antmaze-large-play-v2] Weight             0.735745
2026-04-25 05:57:23.677011 CST | [antmaze-large-play-v2] kl                 1
2026-04-25 05:57:23.677034 CST | [antmaze-large-play-v2] ---------------  ----------
2026-04-25 05:59:47.369424 CST | [antmaze-large-play-v2] ---------------  ----------
2026-04-25 05:59:47.369504 CST | [antmaze-large-play-v2] Training Epochs  153
2026-04-25 05:59:47.369535 CST | [antmaze-large-play-v2] AverageReturn      0.5
2026-04-25 05:59:47.369561 CST | [antmaze-large-play-v2] NormReturn         0.5
2026-04-25 05:59:47.369585 CST | [antmaze-large-play-v2] L_Act             18.5743
2026-04-25 05:59:47.369609 CST | [antmaze-large-play-v2] L_Crit             0.569366
2026-04-25 05:59:47.369633 CST | [antmaze-large-play-v2] Weight             0.734537
2026-04-25 05:59:47.369656 CST | [antmaze-large-play-v2] kl                 1
2026-04-25 05:59:47.369679 CST | [antmaze-large-play-v2] ---------------  ----------
2026-04-25 06:02:10.673923 CST | [antmaze-large-play-v2] ---------------  ----------
2026-04-25 06:02:10.674014 CST | [antmaze-large-play-v2] Training Epochs  154
2026-04-25 06:02:10.674044 CST | [antmaze-large-play-v2] AverageReturn      0.5
2026-04-25 06:02:10.674070 CST | [antmaze-large-play-v2] NormReturn         0.5
2026-04-25 06:02:10.674095 CST | [antmaze-large-play-v2] L_Act             18.6282
2026-04-25 06:02:10.674119 CST | [antmaze-large-play-v2] L_Crit             0.577948
2026-04-25 06:02:10.674143 CST | [antmaze-large-play-v2] Weight             0.734144
2026-04-25 06:02:10.674167 CST | [antmaze-large-play-v2] kl                 1
2026-04-25 06:02:10.674192 CST | [antmaze-large-play-v2] ---------------  ----------
2026-04-25 06:04:34.986916 CST | [antmaze-large-play-v2] ---------------  ----------
2026-04-25 06:04:34.987017 CST | [antmaze-large-play-v2] Training Epochs  155
2026-04-25 06:04:34.987046 CST | [antmaze-large-play-v2] AverageReturn      0.4
2026-04-25 06:04:34.987071 CST | [antmaze-large-play-v2] NormReturn         0.4
2026-04-25 06:04:34.987104 CST | [antmaze-large-play-v2] L_Act             18.6389
2026-04-25 06:04:34.987128 CST | [antmaze-large-play-v2] L_Crit             0.566211
2026-04-25 06:04:34.987151 CST | [antmaze-large-play-v2] Weight             0.734695
2026-04-25 06:04:34.987174 CST | [antmaze-large-play-v2] kl                 1
2026-04-25 06:04:34.987198 CST | [antmaze-large-play-v2] ---------------  ----------
2026-04-25 06:06:57.884230 CST | [antmaze-large-play-v2] ---------------  ----------
2026-04-25 06:06:57.884321 CST | [antmaze-large-play-v2] Training Epochs  156
2026-04-25 06:06:57.884351 CST | [antmaze-large-play-v2] AverageReturn      0.5
2026-04-25 06:06:57.884376 CST | [antmaze-large-play-v2] NormReturn         0.5
2026-04-25 06:06:57.884400 CST | [antmaze-large-play-v2] L_Act             18.6009
2026-04-25 06:06:57.884423 CST | [antmaze-large-play-v2] L_Crit             0.577995
2026-04-25 06:06:57.884450 CST | [antmaze-large-play-v2] Weight             0.735658
2026-04-25 06:06:57.884474 CST | [antmaze-large-play-v2] kl                 1
2026-04-25 06:06:57.884498 CST | [antmaze-large-play-v2] ---------------  ----------
2026-04-25 06:09:23.076728 CST | [antmaze-large-play-v2] ---------------  ----------
2026-04-25 06:09:23.076841 CST | [antmaze-large-play-v2] Training Epochs  157
2026-04-25 06:09:23.076870 CST | [antmaze-large-play-v2] AverageReturn      0.4
2026-04-25 06:09:23.076896 CST | [antmaze-large-play-v2] NormReturn         0.4
2026-04-25 06:09:23.076921 CST | [antmaze-large-play-v2] L_Act             18.5485
2026-04-25 06:09:23.076945 CST | [antmaze-large-play-v2] L_Crit             0.587888
2026-04-25 06:09:23.076969 CST | [antmaze-large-play-v2] Weight             0.735443
2026-04-25 06:09:23.076994 CST | [antmaze-large-play-v2] kl                 1
2026-04-25 06:09:23.077018 CST | [antmaze-large-play-v2] ---------------  ----------
2026-04-25 06:11:45.699341 CST | [antmaze-large-play-v2] ---------------  ----------
2026-04-25 06:11:45.699436 CST | [antmaze-large-play-v2] Training Epochs  158
2026-04-25 06:11:45.699465 CST | [antmaze-large-play-v2] AverageReturn      0.7
2026-04-25 06:11:45.699490 CST | [antmaze-large-play-v2] NormReturn         0.7
2026-04-25 06:11:45.699514 CST | [antmaze-large-play-v2] L_Act             18.5612
2026-04-25 06:11:45.699538 CST | [antmaze-large-play-v2] L_Crit             0.586782
2026-04-25 06:11:45.699562 CST | [antmaze-large-play-v2] Weight             0.734313
2026-04-25 06:11:45.699585 CST | [antmaze-large-play-v2] kl                 1
2026-04-25 06:11:45.699608 CST | [antmaze-large-play-v2] ---------------  ----------
2026-04-25 06:14:11.741198 CST | [antmaze-large-play-v2] ---------------  ----------
2026-04-25 06:14:11.741298 CST | [antmaze-large-play-v2] Training Epochs  159
2026-04-25 06:14:11.741328 CST | [antmaze-large-play-v2] AverageReturn      0.3
2026-04-25 06:14:11.741354 CST | [antmaze-large-play-v2] NormReturn         0.3
2026-04-25 06:14:11.741379 CST | [antmaze-large-play-v2] L_Act             18.5902
2026-04-25 06:14:11.741403 CST | [antmaze-large-play-v2] L_Crit             0.555121
2026-04-25 06:14:11.741427 CST | [antmaze-large-play-v2] Weight             0.735585
2026-04-25 06:14:11.741450 CST | [antmaze-large-play-v2] kl                 1
2026-04-25 06:14:11.741474 CST | [antmaze-large-play-v2] ---------------  ----------
2026-04-25 06:16:34.098194 CST | [antmaze-large-play-v2] ---------------  ----------
2026-04-25 06:16:34.098277 CST | [antmaze-large-play-v2] Training Epochs  160
2026-04-25 06:16:34.098306 CST | [antmaze-large-play-v2] AverageReturn      0.7
2026-04-25 06:16:34.098331 CST | [antmaze-large-play-v2] NormReturn         0.7
2026-04-25 06:16:34.098356 CST | [antmaze-large-play-v2] L_Act             18.5769
2026-04-25 06:16:34.098381 CST | [antmaze-large-play-v2] L_Crit             0.577487
2026-04-25 06:16:34.098405 CST | [antmaze-large-play-v2] Weight             0.734247
2026-04-25 06:16:34.098429 CST | [antmaze-large-play-v2] kl                 1
2026-04-25 06:16:34.098453 CST | [antmaze-large-play-v2] ---------------  ----------
2026-04-25 06:18:55.309668 CST | [antmaze-large-play-v2] ---------------  ---------
2026-04-25 06:18:55.309771 CST | [antmaze-large-play-v2] Training Epochs  161
2026-04-25 06:18:55.309799 CST | [antmaze-large-play-v2] AverageReturn      1
2026-04-25 06:18:55.309824 CST | [antmaze-large-play-v2] NormReturn         1
2026-04-25 06:18:55.309848 CST | [antmaze-large-play-v2] L_Act             18.6208
2026-04-25 06:18:55.309872 CST | [antmaze-large-play-v2] L_Crit             0.55986
2026-04-25 06:18:55.309896 CST | [antmaze-large-play-v2] Weight             0.73513
2026-04-25 06:18:55.309919 CST | [antmaze-large-play-v2] kl                 1
2026-04-25 06:18:55.309943 CST | [antmaze-large-play-v2] ---------------  ---------
2026-04-25 06:21:19.251990 CST | [antmaze-large-play-v2] ---------------  ----------
2026-04-25 06:21:19.252091 CST | [antmaze-large-play-v2] Training Epochs  162
2026-04-25 06:21:19.252124 CST | [antmaze-large-play-v2] AverageReturn      0.4
2026-04-25 06:21:19.252148 CST | [antmaze-large-play-v2] NormReturn         0.4
2026-04-25 06:21:19.252172 CST | [antmaze-large-play-v2] L_Act             18.5708
2026-04-25 06:21:19.252196 CST | [antmaze-large-play-v2] L_Crit             0.572627
2026-04-25 06:21:19.252220 CST | [antmaze-large-play-v2] Weight             0.735694
2026-04-25 06:21:19.252243 CST | [antmaze-large-play-v2] kl                 1
2026-04-25 06:21:19.252267 CST | [antmaze-large-play-v2] ---------------  ----------
2026-04-25 06:23:44.422775 CST | [antmaze-large-play-v2] ---------------  ----------
2026-04-25 06:23:44.422873 CST | [antmaze-large-play-v2] Training Epochs  163
2026-04-25 06:23:44.422902 CST | [antmaze-large-play-v2] AverageReturn      0.3
2026-04-25 06:23:44.422927 CST | [antmaze-large-play-v2] NormReturn         0.3
2026-04-25 06:23:44.422950 CST | [antmaze-large-play-v2] L_Act             18.4772
2026-04-25 06:23:44.422973 CST | [antmaze-large-play-v2] L_Crit             0.571971
2026-04-25 06:23:44.422997 CST | [antmaze-large-play-v2] Weight             0.736947
2026-04-25 06:23:44.423020 CST | [antmaze-large-play-v2] kl                 1
2026-04-25 06:23:44.423044 CST | [antmaze-large-play-v2] ---------------  ----------
2026-04-25 06:26:07.923016 CST | [antmaze-large-play-v2] ---------------  ----------
2026-04-25 06:26:07.923111 CST | [antmaze-large-play-v2] Training Epochs  164
2026-04-25 06:26:07.923139 CST | [antmaze-large-play-v2] AverageReturn      0.9
2026-04-25 06:26:07.923164 CST | [antmaze-large-play-v2] NormReturn         0.9
2026-04-25 06:26:07.923189 CST | [antmaze-large-play-v2] L_Act             18.4484
2026-04-25 06:26:07.923222 CST | [antmaze-large-play-v2] L_Crit             0.584823
2026-04-25 06:26:07.923246 CST | [antmaze-large-play-v2] Weight             0.736962
2026-04-25 06:26:07.923269 CST | [antmaze-large-play-v2] kl                 1
2026-04-25 06:26:07.923292 CST | [antmaze-large-play-v2] ---------------  ----------
2026-04-25 06:28:31.261600 CST | [antmaze-large-play-v2] ---------------  ----------
2026-04-25 06:28:31.261704 CST | [antmaze-large-play-v2] Training Epochs  165
2026-04-25 06:28:31.261734 CST | [antmaze-large-play-v2] AverageReturn      0.7
2026-04-25 06:28:31.261762 CST | [antmaze-large-play-v2] NormReturn         0.7
2026-04-25 06:28:31.261787 CST | [antmaze-large-play-v2] L_Act             18.5196
2026-04-25 06:28:31.261811 CST | [antmaze-large-play-v2] L_Crit             0.555658
2026-04-25 06:28:31.261834 CST | [antmaze-large-play-v2] Weight             0.735746
2026-04-25 06:28:31.261858 CST | [antmaze-large-play-v2] kl                 1
2026-04-25 06:28:31.261881 CST | [antmaze-large-play-v2] ---------------  ----------
2026-04-25 06:30:55.783183 CST | [antmaze-large-play-v2] ---------------  ----------
2026-04-25 06:30:55.783278 CST | [antmaze-large-play-v2] Training Epochs  166
2026-04-25 06:30:55.783306 CST | [antmaze-large-play-v2] AverageReturn      0.8
2026-04-25 06:30:55.783332 CST | [antmaze-large-play-v2] NormReturn         0.8
2026-04-25 06:30:55.783356 CST | [antmaze-large-play-v2] L_Act             18.4977
2026-04-25 06:30:55.783380 CST | [antmaze-large-play-v2] L_Crit             0.555093
2026-04-25 06:30:55.783403 CST | [antmaze-large-play-v2] Weight             0.737018
2026-04-25 06:30:55.783427 CST | [antmaze-large-play-v2] kl                 1
2026-04-25 06:30:55.783450 CST | [antmaze-large-play-v2] ---------------  ----------
2026-04-25 06:33:21.062425 CST | [antmaze-large-play-v2] ---------------  ----------
2026-04-25 06:33:21.062514 CST | [antmaze-large-play-v2] Training Epochs  167
2026-04-25 06:33:21.062542 CST | [antmaze-large-play-v2] AverageReturn      0.7
2026-04-25 06:33:21.062568 CST | [antmaze-large-play-v2] NormReturn         0.7
2026-04-25 06:33:21.062592 CST | [antmaze-large-play-v2] L_Act             18.4445
2026-04-25 06:33:21.062616 CST | [antmaze-large-play-v2] L_Crit             0.565322
2026-04-25 06:33:21.062639 CST | [antmaze-large-play-v2] Weight             0.736735
2026-04-25 06:33:21.062667 CST | [antmaze-large-play-v2] kl                 1
2026-04-25 06:33:21.062690 CST | [antmaze-large-play-v2] ---------------  ----------
2026-04-25 06:35:45.548261 CST | [antmaze-large-play-v2] ---------------  ----------
2026-04-25 06:35:45.548362 CST | [antmaze-large-play-v2] Training Epochs  168
2026-04-25 06:35:45.548392 CST | [antmaze-large-play-v2] AverageReturn      0.6
2026-04-25 06:35:45.548419 CST | [antmaze-large-play-v2] NormReturn         0.6
2026-04-25 06:35:45.548444 CST | [antmaze-large-play-v2] L_Act             18.5317
2026-04-25 06:35:45.548468 CST | [antmaze-large-play-v2] L_Crit             0.583836
2026-04-25 06:35:45.548493 CST | [antmaze-large-play-v2] Weight             0.736191
2026-04-25 06:35:45.548517 CST | [antmaze-large-play-v2] kl                 1
2026-04-25 06:35:45.548541 CST | [antmaze-large-play-v2] ---------------  ----------
2026-04-25 06:38:09.974600 CST | [antmaze-large-play-v2] ---------------  ----------
2026-04-25 06:38:09.974699 CST | [antmaze-large-play-v2] Training Epochs  169
2026-04-25 06:38:09.974728 CST | [antmaze-large-play-v2] AverageReturn      0.5
2026-04-25 06:38:09.974753 CST | [antmaze-large-play-v2] NormReturn         0.5
2026-04-25 06:38:09.974777 CST | [antmaze-large-play-v2] L_Act             18.5831
2026-04-25 06:38:09.974801 CST | [antmaze-large-play-v2] L_Crit             0.57955
2026-04-25 06:38:09.974825 CST | [antmaze-large-play-v2] Weight             0.736311
2026-04-25 06:38:09.974849 CST | [antmaze-large-play-v2] kl                 1
2026-04-25 06:38:09.974873 CST | [antmaze-large-play-v2] ---------------  ----------
2026-04-25 06:40:33.011995 CST | [antmaze-large-play-v2] ---------------  ----------
2026-04-25 06:40:33.012088 CST | [antmaze-large-play-v2] Training Epochs  170
2026-04-25 06:40:33.012118 CST | [antmaze-large-play-v2] AverageReturn      0.7
2026-04-25 06:40:33.012144 CST | [antmaze-large-play-v2] NormReturn         0.7
2026-04-25 06:40:33.012169 CST | [antmaze-large-play-v2] L_Act             18.4852
2026-04-25 06:40:33.012193 CST | [antmaze-large-play-v2] L_Crit             0.571938
2026-04-25 06:40:33.012217 CST | [antmaze-large-play-v2] Weight             0.737247
2026-04-25 06:40:33.012241 CST | [antmaze-large-play-v2] kl                 1
2026-04-25 06:40:33.012265 CST | [antmaze-large-play-v2] ---------------  ----------
2026-04-25 06:42:56.019982 CST | [antmaze-large-play-v2] ---------------  ----------
2026-04-25 06:42:56.020075 CST | [antmaze-large-play-v2] Training Epochs  171
2026-04-25 06:42:56.020104 CST | [antmaze-large-play-v2] AverageReturn      0.7
2026-04-25 06:42:56.020130 CST | [antmaze-large-play-v2] NormReturn         0.7
2026-04-25 06:42:56.020155 CST | [antmaze-large-play-v2] L_Act             18.4904
2026-04-25 06:42:56.020179 CST | [antmaze-large-play-v2] L_Crit             0.573247
2026-04-25 06:42:56.020203 CST | [antmaze-large-play-v2] Weight             0.737575
2026-04-25 06:42:56.020227 CST | [antmaze-large-play-v2] kl                 1
2026-04-25 06:42:56.020251 CST | [antmaze-large-play-v2] ---------------  ----------
2026-04-25 06:45:20.930433 CST | [antmaze-large-play-v2] ---------------  ----------
2026-04-25 06:45:20.930529 CST | [antmaze-large-play-v2] Training Epochs  172
2026-04-25 06:45:20.930559 CST | [antmaze-large-play-v2] AverageReturn      0.6
2026-04-25 06:45:20.930585 CST | [antmaze-large-play-v2] NormReturn         0.6
2026-04-25 06:45:20.930611 CST | [antmaze-large-play-v2] L_Act             18.4917
2026-04-25 06:45:20.930635 CST | [antmaze-large-play-v2] L_Crit             0.556393
2026-04-25 06:45:20.930660 CST | [antmaze-large-play-v2] Weight             0.73777
2026-04-25 06:45:20.930684 CST | [antmaze-large-play-v2] kl                 1
2026-04-25 06:45:20.930708 CST | [antmaze-large-play-v2] ---------------  ----------
2026-04-25 06:47:47.304147 CST | [antmaze-large-play-v2] ---------------  ----------
2026-04-25 06:47:47.304237 CST | [antmaze-large-play-v2] Training Epochs  173
2026-04-25 06:47:47.304266 CST | [antmaze-large-play-v2] AverageReturn      0.3
2026-04-25 06:47:47.304295 CST | [antmaze-large-play-v2] NormReturn         0.3
2026-04-25 06:47:47.304320 CST | [antmaze-large-play-v2] L_Act             18.4322
2026-04-25 06:47:47.304344 CST | [antmaze-large-play-v2] L_Crit             0.572519
2026-04-25 06:47:47.304367 CST | [antmaze-large-play-v2] Weight             0.738424
2026-04-25 06:47:47.304391 CST | [antmaze-large-play-v2] kl                 1
2026-04-25 06:47:47.304414 CST | [antmaze-large-play-v2] ---------------  ----------
2026-04-25 06:50:14.764252 CST | [antmaze-large-play-v2] ---------------  ----------
2026-04-25 06:50:14.764345 CST | [antmaze-large-play-v2] Training Epochs  174
2026-04-25 06:50:14.764374 CST | [antmaze-large-play-v2] AverageReturn      0.4
2026-04-25 06:50:14.764399 CST | [antmaze-large-play-v2] NormReturn         0.4
2026-04-25 06:50:14.764423 CST | [antmaze-large-play-v2] L_Act             18.4109
2026-04-25 06:50:14.764446 CST | [antmaze-large-play-v2] L_Crit             0.584374
2026-04-25 06:50:14.764470 CST | [antmaze-large-play-v2] Weight             0.737659
2026-04-25 06:50:14.764493 CST | [antmaze-large-play-v2] kl                 1
2026-04-25 06:50:14.764517 CST | [antmaze-large-play-v2] ---------------  ----------
2026-04-25 06:52:38.156754 CST | [antmaze-large-play-v2] ---------------  ----------
2026-04-25 06:52:38.156841 CST | [antmaze-large-play-v2] Training Epochs  175
2026-04-25 06:52:38.156870 CST | [antmaze-large-play-v2] AverageReturn      0.8
2026-04-25 06:52:38.156897 CST | [antmaze-large-play-v2] NormReturn         0.8
2026-04-25 06:52:38.156922 CST | [antmaze-large-play-v2] L_Act             18.392
2026-04-25 06:52:38.156946 CST | [antmaze-large-play-v2] L_Crit             0.568883
2026-04-25 06:52:38.156970 CST | [antmaze-large-play-v2] Weight             0.73824
2026-04-25 06:52:38.156995 CST | [antmaze-large-play-v2] kl                 1
2026-04-25 06:52:38.157019 CST | [antmaze-large-play-v2] ---------------  ----------
2026-04-25 06:55:01.267583 CST | [antmaze-large-play-v2] ---------------  ----------
2026-04-25 06:55:01.267674 CST | [antmaze-large-play-v2] Training Epochs  176
2026-04-25 06:55:01.267703 CST | [antmaze-large-play-v2] AverageReturn      0.6
2026-04-25 06:55:01.267729 CST | [antmaze-large-play-v2] NormReturn         0.6
2026-04-25 06:55:01.267754 CST | [antmaze-large-play-v2] L_Act             18.41
2026-04-25 06:55:01.267778 CST | [antmaze-large-play-v2] L_Crit             0.548095
2026-04-25 06:55:01.267802 CST | [antmaze-large-play-v2] Weight             0.737761
2026-04-25 06:55:01.267826 CST | [antmaze-large-play-v2] kl                 1
2026-04-25 06:55:01.267849 CST | [antmaze-large-play-v2] ---------------  ----------
2026-04-25 06:57:24.919616 CST | [antmaze-large-play-v2] ---------------  ----------
2026-04-25 06:57:24.919706 CST | [antmaze-large-play-v2] Training Epochs  177
2026-04-25 06:57:24.919736 CST | [antmaze-large-play-v2] AverageReturn      0.7
2026-04-25 06:57:24.919763 CST | [antmaze-large-play-v2] NormReturn         0.7
2026-04-25 06:57:24.919789 CST | [antmaze-large-play-v2] L_Act             18.4088
2026-04-25 06:57:24.919813 CST | [antmaze-large-play-v2] L_Crit             0.556961
2026-04-25 06:57:24.919838 CST | [antmaze-large-play-v2] Weight             0.737443
2026-04-25 06:57:24.919862 CST | [antmaze-large-play-v2] kl                 1
2026-04-25 06:57:24.919886 CST | [antmaze-large-play-v2] ---------------  ----------
2026-04-25 06:59:49.190147 CST | [antmaze-large-play-v2] ---------------  ----------
2026-04-25 06:59:49.190245 CST | [antmaze-large-play-v2] Training Epochs  178
2026-04-25 06:59:49.190274 CST | [antmaze-large-play-v2] AverageReturn      0.5
2026-04-25 06:59:49.190300 CST | [antmaze-large-play-v2] NormReturn         0.5
2026-04-25 06:59:49.190324 CST | [antmaze-large-play-v2] L_Act             18.4193
2026-04-25 06:59:49.190347 CST | [antmaze-large-play-v2] L_Crit             0.547858
2026-04-25 06:59:49.190371 CST | [antmaze-large-play-v2] Weight             0.737972
2026-04-25 06:59:49.190394 CST | [antmaze-large-play-v2] kl                 1
2026-04-25 06:59:49.190423 CST | [antmaze-large-play-v2] ---------------  ----------
2026-04-25 07:02:12.461956 CST | [antmaze-large-play-v2] ---------------  ----------
2026-04-25 07:02:12.462056 CST | [antmaze-large-play-v2] Training Epochs  179
2026-04-25 07:02:12.462085 CST | [antmaze-large-play-v2] AverageReturn      0.8
2026-04-25 07:02:12.462110 CST | [antmaze-large-play-v2] NormReturn         0.8
2026-04-25 07:02:12.462135 CST | [antmaze-large-play-v2] L_Act             18.4064
2026-04-25 07:02:12.462159 CST | [antmaze-large-play-v2] L_Crit             0.565656
2026-04-25 07:02:12.462183 CST | [antmaze-large-play-v2] Weight             0.738037
2026-04-25 07:02:12.462207 CST | [antmaze-large-play-v2] kl                 1
2026-04-25 07:02:12.462230 CST | [antmaze-large-play-v2] ---------------  ----------
2026-04-25 07:04:35.379276 CST | [antmaze-large-play-v2] ---------------  ----------
2026-04-25 07:04:35.379370 CST | [antmaze-large-play-v2] Training Epochs  180
2026-04-25 07:04:35.379398 CST | [antmaze-large-play-v2] AverageReturn      0.7
2026-04-25 07:04:35.379423 CST | [antmaze-large-play-v2] NormReturn         0.7
2026-04-25 07:04:35.379446 CST | [antmaze-large-play-v2] L_Act             18.365
2026-04-25 07:04:35.379469 CST | [antmaze-large-play-v2] L_Crit             0.568589
2026-04-25 07:04:35.379493 CST | [antmaze-large-play-v2] Weight             0.738731
2026-04-25 07:04:35.379516 CST | [antmaze-large-play-v2] kl                 1
2026-04-25 07:04:35.379539 CST | [antmaze-large-play-v2] ---------------  ----------
2026-04-25 07:06:58.953422 CST | [antmaze-large-play-v2] ---------------  ---------
2026-04-25 07:06:58.953523 CST | [antmaze-large-play-v2] Training Epochs  181
2026-04-25 07:06:58.953551 CST | [antmaze-large-play-v2] AverageReturn      0.7
2026-04-25 07:06:58.953576 CST | [antmaze-large-play-v2] NormReturn         0.7
2026-04-25 07:06:58.953601 CST | [antmaze-large-play-v2] L_Act             18.392
2026-04-25 07:06:58.953624 CST | [antmaze-large-play-v2] L_Crit             0.56266
2026-04-25 07:06:58.953648 CST | [antmaze-large-play-v2] Weight             0.73901
2026-04-25 07:06:58.953672 CST | [antmaze-large-play-v2] kl                 1
2026-04-25 07:06:58.953695 CST | [antmaze-large-play-v2] ---------------  ---------
2026-04-25 07:09:25.163604 CST | [antmaze-large-play-v2] ---------------  ----------
2026-04-25 07:09:25.163683 CST | [antmaze-large-play-v2] Training Epochs  182
2026-04-25 07:09:25.163712 CST | [antmaze-large-play-v2] AverageReturn      0.3
2026-04-25 07:09:25.163738 CST | [antmaze-large-play-v2] NormReturn         0.3
2026-04-25 07:09:25.163762 CST | [antmaze-large-play-v2] L_Act             18.3818
2026-04-25 07:09:25.163786 CST | [antmaze-large-play-v2] L_Crit             0.553522
2026-04-25 07:09:25.163810 CST | [antmaze-large-play-v2] Weight             0.739239
2026-04-25 07:09:25.163834 CST | [antmaze-large-play-v2] kl                 1
2026-04-25 07:09:25.163859 CST | [antmaze-large-play-v2] ---------------  ----------
2026-04-25 07:11:48.732586 CST | [antmaze-large-play-v2] ---------------  ----------
2026-04-25 07:11:48.732679 CST | [antmaze-large-play-v2] Training Epochs  183
2026-04-25 07:11:48.732708 CST | [antmaze-large-play-v2] AverageReturn      0.6
2026-04-25 07:11:48.732733 CST | [antmaze-large-play-v2] NormReturn         0.6
2026-04-25 07:11:48.732759 CST | [antmaze-large-play-v2] L_Act             18.3905
2026-04-25 07:11:48.732783 CST | [antmaze-large-play-v2] L_Crit             0.570346
2026-04-25 07:11:48.732806 CST | [antmaze-large-play-v2] Weight             0.738614
2026-04-25 07:11:48.732830 CST | [antmaze-large-play-v2] kl                 1
2026-04-25 07:11:48.732853 CST | [antmaze-large-play-v2] ---------------  ----------
2026-04-25 07:14:12.971944 CST | [antmaze-large-play-v2] ---------------  ----------
2026-04-25 07:14:12.972045 CST | [antmaze-large-play-v2] Training Epochs  184
2026-04-25 07:14:12.972075 CST | [antmaze-large-play-v2] AverageReturn      0.7
2026-04-25 07:14:12.972102 CST | [antmaze-large-play-v2] NormReturn         0.7
2026-04-25 07:14:12.972131 CST | [antmaze-large-play-v2] L_Act             18.3928
2026-04-25 07:14:12.972155 CST | [antmaze-large-play-v2] L_Crit             0.559254
2026-04-25 07:14:12.972178 CST | [antmaze-large-play-v2] Weight             0.738913
2026-04-25 07:14:12.972202 CST | [antmaze-large-play-v2] kl                 1
2026-04-25 07:14:12.972226 CST | [antmaze-large-play-v2] ---------------  ----------
2026-04-25 07:16:38.449911 CST | [antmaze-large-play-v2] ---------------  ----------
2026-04-25 07:16:38.450010 CST | [antmaze-large-play-v2] Training Epochs  185
2026-04-25 07:16:38.450039 CST | [antmaze-large-play-v2] AverageReturn      0.5
2026-04-25 07:16:38.450064 CST | [antmaze-large-play-v2] NormReturn         0.5
2026-04-25 07:16:38.450089 CST | [antmaze-large-play-v2] L_Act             18.3797
2026-04-25 07:16:38.450113 CST | [antmaze-large-play-v2] L_Crit             0.555196
2026-04-25 07:16:38.450136 CST | [antmaze-large-play-v2] Weight             0.739429
2026-04-25 07:16:38.450159 CST | [antmaze-large-play-v2] kl                 1
2026-04-25 07:16:38.450182 CST | [antmaze-large-play-v2] ---------------  ----------
2026-04-25 07:19:05.414983 CST | [antmaze-large-play-v2] ---------------  ----------
2026-04-25 07:19:05.415077 CST | [antmaze-large-play-v2] Training Epochs  186
2026-04-25 07:19:05.415106 CST | [antmaze-large-play-v2] AverageReturn      0.5
2026-04-25 07:19:05.415132 CST | [antmaze-large-play-v2] NormReturn         0.5
2026-04-25 07:19:05.415156 CST | [antmaze-large-play-v2] L_Act             18.2981
2026-04-25 07:19:05.415179 CST | [antmaze-large-play-v2] L_Crit             0.559784
2026-04-25 07:19:05.415204 CST | [antmaze-large-play-v2] Weight             0.73958
2026-04-25 07:19:05.415228 CST | [antmaze-large-play-v2] kl                 1
2026-04-25 07:19:05.415252 CST | [antmaze-large-play-v2] ---------------  ----------
2026-04-25 07:21:30.859712 CST | [antmaze-large-play-v2] ---------------  ----------
2026-04-25 07:21:30.859806 CST | [antmaze-large-play-v2] Training Epochs  187
2026-04-25 07:21:30.859835 CST | [antmaze-large-play-v2] AverageReturn      0.5
2026-04-25 07:21:30.859861 CST | [antmaze-large-play-v2] NormReturn         0.5
2026-04-25 07:21:30.859886 CST | [antmaze-large-play-v2] L_Act             18.283
2026-04-25 07:21:30.859910 CST | [antmaze-large-play-v2] L_Crit             0.555666
2026-04-25 07:21:30.859934 CST | [antmaze-large-play-v2] Weight             0.73954
2026-04-25 07:21:30.859958 CST | [antmaze-large-play-v2] kl                 1
2026-04-25 07:21:30.859983 CST | [antmaze-large-play-v2] ---------------  ----------
2026-04-25 07:23:56.050467 CST | [antmaze-large-play-v2] ---------------  ----------
2026-04-25 07:23:56.050574 CST | [antmaze-large-play-v2] Training Epochs  188
2026-04-25 07:23:56.050603 CST | [antmaze-large-play-v2] AverageReturn      0.4
2026-04-25 07:23:56.050630 CST | [antmaze-large-play-v2] NormReturn         0.4
2026-04-25 07:23:56.050654 CST | [antmaze-large-play-v2] L_Act             18.2755
2026-04-25 07:23:56.050678 CST | [antmaze-large-play-v2] L_Crit             0.527599
2026-04-25 07:23:56.050702 CST | [antmaze-large-play-v2] Weight             0.739716
2026-04-25 07:23:56.050726 CST | [antmaze-large-play-v2] kl                 1
2026-04-25 07:23:56.050750 CST | [antmaze-large-play-v2] ---------------  ----------
2026-04-25 07:26:21.070365 CST | [antmaze-large-play-v2] ---------------  ----------
2026-04-25 07:26:21.070467 CST | [antmaze-large-play-v2] Training Epochs  189
2026-04-25 07:26:21.070498 CST | [antmaze-large-play-v2] AverageReturn      0.5
2026-04-25 07:26:21.070523 CST | [antmaze-large-play-v2] NormReturn         0.5
2026-04-25 07:26:21.070548 CST | [antmaze-large-play-v2] L_Act             18.2353
2026-04-25 07:26:21.070572 CST | [antmaze-large-play-v2] L_Crit             0.538528
2026-04-25 07:26:21.070596 CST | [antmaze-large-play-v2] Weight             0.740306
2026-04-25 07:26:21.070621 CST | [antmaze-large-play-v2] kl                 1
2026-04-25 07:26:21.070645 CST | [antmaze-large-play-v2] ---------------  ----------
2026-04-25 07:28:46.037937 CST | [antmaze-large-play-v2] ---------------  ----------
2026-04-25 07:28:46.038023 CST | [antmaze-large-play-v2] Training Epochs  190
2026-04-25 07:28:46.038054 CST | [antmaze-large-play-v2] AverageReturn      0.6
2026-04-25 07:28:46.038079 CST | [antmaze-large-play-v2] NormReturn         0.6
2026-04-25 07:28:46.038104 CST | [antmaze-large-play-v2] L_Act             18.2609
2026-04-25 07:28:46.038128 CST | [antmaze-large-play-v2] L_Crit             0.541154
2026-04-25 07:28:46.038153 CST | [antmaze-large-play-v2] Weight             0.74009
2026-04-25 07:28:46.038177 CST | [antmaze-large-play-v2] kl                 1
2026-04-25 07:28:46.038201 CST | [antmaze-large-play-v2] ---------------  ----------
2026-04-25 07:31:10.034350 CST | [antmaze-large-play-v2] ---------------  ----------
2026-04-25 07:31:10.034443 CST | [antmaze-large-play-v2] Training Epochs  191
2026-04-25 07:31:10.034472 CST | [antmaze-large-play-v2] AverageReturn      0.7
2026-04-25 07:31:10.034497 CST | [antmaze-large-play-v2] NormReturn         0.7
2026-04-25 07:31:10.034521 CST | [antmaze-large-play-v2] L_Act             18.2789
2026-04-25 07:31:10.034544 CST | [antmaze-large-play-v2] L_Crit             0.543865
2026-04-25 07:31:10.034568 CST | [antmaze-large-play-v2] Weight             0.739881
2026-04-25 07:31:10.034591 CST | [antmaze-large-play-v2] kl                 1
2026-04-25 07:31:10.034615 CST | [antmaze-large-play-v2] ---------------  ----------
2026-04-25 07:33:35.981948 CST | [antmaze-large-play-v2] ---------------  ----------
2026-04-25 07:33:35.982045 CST | [antmaze-large-play-v2] Training Epochs  192
2026-04-25 07:33:35.982074 CST | [antmaze-large-play-v2] AverageReturn      0.6
2026-04-25 07:33:35.982099 CST | [antmaze-large-play-v2] NormReturn         0.6
2026-04-25 07:33:35.982122 CST | [antmaze-large-play-v2] L_Act             18.2896
2026-04-25 07:33:35.982146 CST | [antmaze-large-play-v2] L_Crit             0.540968
2026-04-25 07:33:35.982169 CST | [antmaze-large-play-v2] Weight             0.739448
2026-04-25 07:33:35.982193 CST | [antmaze-large-play-v2] kl                 1
2026-04-25 07:33:35.982216 CST | [antmaze-large-play-v2] ---------------  ----------
2026-04-25 07:36:01.071719 CST | [antmaze-large-play-v2] ---------------  ----------
2026-04-25 07:36:01.071812 CST | [antmaze-large-play-v2] Training Epochs  193
2026-04-25 07:36:01.071840 CST | [antmaze-large-play-v2] AverageReturn      0.8
2026-04-25 07:36:01.071865 CST | [antmaze-large-play-v2] NormReturn         0.8
2026-04-25 07:36:01.071889 CST | [antmaze-large-play-v2] L_Act             18.2677
2026-04-25 07:36:01.071913 CST | [antmaze-large-play-v2] L_Crit             0.537401
2026-04-25 07:36:01.071937 CST | [antmaze-large-play-v2] Weight             0.740256
2026-04-25 07:36:01.071960 CST | [antmaze-large-play-v2] kl                 1
2026-04-25 07:36:01.071984 CST | [antmaze-large-play-v2] ---------------  ----------
2026-04-25 07:38:26.652058 CST | [antmaze-large-play-v2] ---------------  ---------
2026-04-25 07:38:26.652154 CST | [antmaze-large-play-v2] Training Epochs  194
2026-04-25 07:38:26.652183 CST | [antmaze-large-play-v2] AverageReturn      0.4
2026-04-25 07:38:26.652209 CST | [antmaze-large-play-v2] NormReturn         0.4
2026-04-25 07:38:26.652233 CST | [antmaze-large-play-v2] L_Act             18.3087
2026-04-25 07:38:26.652257 CST | [antmaze-large-play-v2] L_Crit             0.53095
2026-04-25 07:38:26.652280 CST | [antmaze-large-play-v2] Weight             0.74036
2026-04-25 07:38:26.652303 CST | [antmaze-large-play-v2] kl                 1
2026-04-25 07:38:26.652327 CST | [antmaze-large-play-v2] ---------------  ---------
2026-04-25 07:40:51.577930 CST | [antmaze-large-play-v2] ---------------  ----------
2026-04-25 07:40:51.578023 CST | [antmaze-large-play-v2] Training Epochs  195
2026-04-25 07:40:51.578052 CST | [antmaze-large-play-v2] AverageReturn      0.5
2026-04-25 07:40:51.578077 CST | [antmaze-large-play-v2] NormReturn         0.5
2026-04-25 07:40:51.578102 CST | [antmaze-large-play-v2] L_Act             18.2913
2026-04-25 07:40:51.578129 CST | [antmaze-large-play-v2] L_Crit             0.549585
2026-04-25 07:40:51.578154 CST | [antmaze-large-play-v2] Weight             0.739795
2026-04-25 07:40:51.578178 CST | [antmaze-large-play-v2] kl                 1
2026-04-25 07:40:51.578202 CST | [antmaze-large-play-v2] ---------------  ----------
2026-04-25 07:43:14.209887 CST | [antmaze-large-play-v2] ---------------  ----------
2026-04-25 07:43:14.209985 CST | [antmaze-large-play-v2] Training Epochs  196
2026-04-25 07:43:14.210016 CST | [antmaze-large-play-v2] AverageReturn      0.8
2026-04-25 07:43:14.210042 CST | [antmaze-large-play-v2] NormReturn         0.8
2026-04-25 07:43:14.210066 CST | [antmaze-large-play-v2] L_Act             18.2446
2026-04-25 07:43:14.210090 CST | [antmaze-large-play-v2] L_Crit             0.549649
2026-04-25 07:43:14.210114 CST | [antmaze-large-play-v2] Weight             0.740249
2026-04-25 07:43:14.210137 CST | [antmaze-large-play-v2] kl                 1
2026-04-25 07:43:14.210161 CST | [antmaze-large-play-v2] ---------------  ----------
2026-04-25 07:45:40.513745 CST | [antmaze-large-play-v2] ---------------  ----------
2026-04-25 07:45:40.513833 CST | [antmaze-large-play-v2] Training Epochs  197
2026-04-25 07:45:40.513863 CST | [antmaze-large-play-v2] AverageReturn      0.4
2026-04-25 07:45:40.513889 CST | [antmaze-large-play-v2] NormReturn         0.4
2026-04-25 07:45:40.513912 CST | [antmaze-large-play-v2] L_Act             18.1942
2026-04-25 07:45:40.513936 CST | [antmaze-large-play-v2] L_Crit             0.532894
2026-04-25 07:45:40.513959 CST | [antmaze-large-play-v2] Weight             0.741204
2026-04-25 07:45:40.513982 CST | [antmaze-large-play-v2] kl                 1
2026-04-25 07:45:40.514006 CST | [antmaze-large-play-v2] ---------------  ----------
2026-04-25 07:48:05.795895 CST | [antmaze-large-play-v2] ---------------  ----------
2026-04-25 07:48:05.795991 CST | [antmaze-large-play-v2] Training Epochs  198
2026-04-25 07:48:05.796020 CST | [antmaze-large-play-v2] AverageReturn      0.4
2026-04-25 07:48:05.796044 CST | [antmaze-large-play-v2] NormReturn         0.4
2026-04-25 07:48:05.796068 CST | [antmaze-large-play-v2] L_Act             18.1837
2026-04-25 07:48:05.796091 CST | [antmaze-large-play-v2] L_Crit             0.544539
2026-04-25 07:48:05.796114 CST | [antmaze-large-play-v2] Weight             0.741507
2026-04-25 07:48:05.796137 CST | [antmaze-large-play-v2] kl                 1
2026-04-25 07:48:05.796161 CST | [antmaze-large-play-v2] ---------------  ----------
2026-04-25 07:50:31.085380 CST | [antmaze-large-play-v2] ---------------  ----------
2026-04-25 07:50:31.085472 CST | [antmaze-large-play-v2] Training Epochs  199
2026-04-25 07:50:31.085501 CST | [antmaze-large-play-v2] AverageReturn      0.8
2026-04-25 07:50:31.085526 CST | [antmaze-large-play-v2] NormReturn         0.8
2026-04-25 07:50:31.085551 CST | [antmaze-large-play-v2] L_Act             18.1763
2026-04-25 07:50:31.085575 CST | [antmaze-large-play-v2] L_Crit             0.537244
2026-04-25 07:50:31.085598 CST | [antmaze-large-play-v2] Weight             0.740977
2026-04-25 07:50:31.085622 CST | [antmaze-large-play-v2] kl                 1
2026-04-25 07:50:31.085646 CST | [antmaze-large-play-v2] ---------------  ----------
2026-04-25 07:52:57.217673 CST | [antmaze-large-play-v2] ---------------  ----------
2026-04-25 07:52:57.217764 CST | [antmaze-large-play-v2] Training Epochs  200
2026-04-25 07:52:57.217793 CST | [antmaze-large-play-v2] AverageReturn      0.5
2026-04-25 07:52:57.217819 CST | [antmaze-large-play-v2] NormReturn         0.5
2026-04-25 07:52:57.217843 CST | [antmaze-large-play-v2] L_Act             18.1714
2026-04-25 07:52:57.217867 CST | [antmaze-large-play-v2] L_Crit             0.541447
2026-04-25 07:52:57.217890 CST | [antmaze-large-play-v2] Weight             0.741605
2026-04-25 07:52:57.217914 CST | [antmaze-large-play-v2] kl                 1
2026-04-25 07:52:57.217937 CST | [antmaze-large-play-v2] ---------------  ----------
2026-04-25 07:55:23.641610 CST | [antmaze-large-play-v2] ---------------  ----------
2026-04-25 07:55:23.641717 CST | [antmaze-large-play-v2] Training Epochs  201
2026-04-25 07:55:23.641745 CST | [antmaze-large-play-v2] AverageReturn      0.5
2026-04-25 07:55:23.641771 CST | [antmaze-large-play-v2] NormReturn         0.5
2026-04-25 07:55:23.641797 CST | [antmaze-large-play-v2] L_Act             18.1723
2026-04-25 07:55:23.641820 CST | [antmaze-large-play-v2] L_Crit             0.539933
2026-04-25 07:55:23.641844 CST | [antmaze-large-play-v2] Weight             0.741867
2026-04-25 07:55:23.641867 CST | [antmaze-large-play-v2] kl                 1
2026-04-25 07:55:23.641891 CST | [antmaze-large-play-v2] ---------------  ----------
2026-04-25 07:57:50.711359 CST | [antmaze-large-play-v2] ---------------  ----------
2026-04-25 07:57:50.711453 CST | [antmaze-large-play-v2] Training Epochs  202
2026-04-25 07:57:50.711483 CST | [antmaze-large-play-v2] AverageReturn      0.4
2026-04-25 07:57:50.711509 CST | [antmaze-large-play-v2] NormReturn         0.4
2026-04-25 07:57:50.711535 CST | [antmaze-large-play-v2] L_Act             18.1296
2026-04-25 07:57:50.711560 CST | [antmaze-large-play-v2] L_Crit             0.54839
2026-04-25 07:57:50.711584 CST | [antmaze-large-play-v2] Weight             0.742222
2026-04-25 07:57:50.711608 CST | [antmaze-large-play-v2] kl                 1
2026-04-25 07:57:50.711632 CST | [antmaze-large-play-v2] ---------------  ----------
2026-04-25 08:00:16.769540 CST | [antmaze-large-play-v2] ---------------  ----------
2026-04-25 08:00:16.769631 CST | [antmaze-large-play-v2] Training Epochs  203
2026-04-25 08:00:16.769660 CST | [antmaze-large-play-v2] AverageReturn      0.6
2026-04-25 08:00:16.769685 CST | [antmaze-large-play-v2] NormReturn         0.6
2026-04-25 08:00:16.769709 CST | [antmaze-large-play-v2] L_Act             18.1272
2026-04-25 08:00:16.769733 CST | [antmaze-large-play-v2] L_Crit             0.55523
2026-04-25 08:00:16.769756 CST | [antmaze-large-play-v2] Weight             0.742204
2026-04-25 08:00:16.769780 CST | [antmaze-large-play-v2] kl                 1
2026-04-25 08:00:16.769803 CST | [antmaze-large-play-v2] ---------------  ----------
2026-04-25 08:02:43.757174 CST | [antmaze-large-play-v2] ---------------  ----------
2026-04-25 08:02:43.757261 CST | [antmaze-large-play-v2] Training Epochs  204
2026-04-25 08:02:43.757290 CST | [antmaze-large-play-v2] AverageReturn      0.4
2026-04-25 08:02:43.757315 CST | [antmaze-large-play-v2] NormReturn         0.4
2026-04-25 08:02:43.757339 CST | [antmaze-large-play-v2] L_Act             18.1176
2026-04-25 08:02:43.757363 CST | [antmaze-large-play-v2] L_Crit             0.546311
2026-04-25 08:02:43.757386 CST | [antmaze-large-play-v2] Weight             0.741888
2026-04-25 08:02:43.757410 CST | [antmaze-large-play-v2] kl                 1
2026-04-25 08:02:43.757433 CST | [antmaze-large-play-v2] ---------------  ----------
2026-04-25 08:05:10.399877 CST | [antmaze-large-play-v2] ---------------  ----------
2026-04-25 08:05:10.399972 CST | [antmaze-large-play-v2] Training Epochs  205
2026-04-25 08:05:10.400001 CST | [antmaze-large-play-v2] AverageReturn      0.4
2026-04-25 08:05:10.400026 CST | [antmaze-large-play-v2] NormReturn         0.4
2026-04-25 08:05:10.400051 CST | [antmaze-large-play-v2] L_Act             18.1575
2026-04-25 08:05:10.400075 CST | [antmaze-large-play-v2] L_Crit             0.532809
2026-04-25 08:05:10.400099 CST | [antmaze-large-play-v2] Weight             0.741967
2026-04-25 08:05:10.400123 CST | [antmaze-large-play-v2] kl                 1
2026-04-25 08:05:10.400147 CST | [antmaze-large-play-v2] ---------------  ----------
2026-04-25 08:07:34.084959 CST | [antmaze-large-play-v2] ---------------  ----------
2026-04-25 08:07:34.085052 CST | [antmaze-large-play-v2] Training Epochs  206
2026-04-25 08:07:34.085082 CST | [antmaze-large-play-v2] AverageReturn      0.8
2026-04-25 08:07:34.085109 CST | [antmaze-large-play-v2] NormReturn         0.8
2026-04-25 08:07:34.085134 CST | [antmaze-large-play-v2] L_Act             18.1238
2026-04-25 08:07:34.085159 CST | [antmaze-large-play-v2] L_Crit             0.532215
2026-04-25 08:07:34.085187 CST | [antmaze-large-play-v2] Weight             0.742387
2026-04-25 08:07:34.085211 CST | [antmaze-large-play-v2] kl                 1
2026-04-25 08:07:34.085235 CST | [antmaze-large-play-v2] ---------------  ----------
2026-04-25 08:09:59.125466 CST | [antmaze-large-play-v2] ---------------  ----------
2026-04-25 08:09:59.125567 CST | [antmaze-large-play-v2] Training Epochs  207
2026-04-25 08:09:59.125596 CST | [antmaze-large-play-v2] AverageReturn      0.6
2026-04-25 08:09:59.125623 CST | [antmaze-large-play-v2] NormReturn         0.6
2026-04-25 08:09:59.125648 CST | [antmaze-large-play-v2] L_Act             18.1138
2026-04-25 08:09:59.125672 CST | [antmaze-large-play-v2] L_Crit             0.547586
2026-04-25 08:09:59.125696 CST | [antmaze-large-play-v2] Weight             0.742954
2026-04-25 08:09:59.125720 CST | [antmaze-large-play-v2] kl                 1
2026-04-25 08:09:59.125744 CST | [antmaze-large-play-v2] ---------------  ----------
2026-04-25 08:12:25.948558 CST | [antmaze-large-play-v2] ---------------  ----------
2026-04-25 08:12:25.948669 CST | [antmaze-large-play-v2] Training Epochs  208
2026-04-25 08:12:25.948698 CST | [antmaze-large-play-v2] AverageReturn      0.6
2026-04-25 08:12:25.948725 CST | [antmaze-large-play-v2] NormReturn         0.6
2026-04-25 08:12:25.948761 CST | [antmaze-large-play-v2] L_Act             18.1108
2026-04-25 08:12:25.948785 CST | [antmaze-large-play-v2] L_Crit             0.538641
2026-04-25 08:12:25.948808 CST | [antmaze-large-play-v2] Weight             0.7422
2026-04-25 08:12:25.948832 CST | [antmaze-large-play-v2] kl                 1
2026-04-25 08:12:25.948855 CST | [antmaze-large-play-v2] ---------------  ----------
2026-04-25 08:14:54.464558 CST | [antmaze-large-play-v2] ---------------  ----------
2026-04-25 08:14:54.464651 CST | [antmaze-large-play-v2] Training Epochs  209
2026-04-25 08:14:54.464681 CST | [antmaze-large-play-v2] AverageReturn      0.2
2026-04-25 08:14:54.464707 CST | [antmaze-large-play-v2] NormReturn         0.2
2026-04-25 08:14:54.464731 CST | [antmaze-large-play-v2] L_Act             18.1054
2026-04-25 08:14:54.464761 CST | [antmaze-large-play-v2] L_Crit             0.535075
2026-04-25 08:14:54.464786 CST | [antmaze-large-play-v2] Weight             0.741961
2026-04-25 08:14:54.464810 CST | [antmaze-large-play-v2] kl                 1
2026-04-25 08:14:54.464834 CST | [antmaze-large-play-v2] ---------------  ----------
2026-04-25 08:17:23.252270 CST | [antmaze-large-play-v2] ---------------  ----------
2026-04-25 08:17:23.252359 CST | [antmaze-large-play-v2] Training Epochs  210
2026-04-25 08:17:23.252390 CST | [antmaze-large-play-v2] AverageReturn      0.6
2026-04-25 08:17:23.252415 CST | [antmaze-large-play-v2] NormReturn         0.6
2026-04-25 08:17:23.252440 CST | [antmaze-large-play-v2] L_Act             18.1029
2026-04-25 08:17:23.252465 CST | [antmaze-large-play-v2] L_Crit             0.535112
2026-04-25 08:17:23.252490 CST | [antmaze-large-play-v2] Weight             0.742823
2026-04-25 08:17:23.252514 CST | [antmaze-large-play-v2] kl                 1
2026-04-25 08:17:23.252538 CST | [antmaze-large-play-v2] ---------------  ----------
2026-04-25 08:19:50.633118 CST | [antmaze-large-play-v2] ---------------  ----------
2026-04-25 08:19:50.633219 CST | [antmaze-large-play-v2] Training Epochs  211
2026-04-25 08:19:50.633248 CST | [antmaze-large-play-v2] AverageReturn      0.6
2026-04-25 08:19:50.633272 CST | [antmaze-large-play-v2] NormReturn         0.6
2026-04-25 08:19:50.633296 CST | [antmaze-large-play-v2] L_Act             18.0765
2026-04-25 08:19:50.633319 CST | [antmaze-large-play-v2] L_Crit             0.530851
2026-04-25 08:19:50.633343 CST | [antmaze-large-play-v2] Weight             0.742808
2026-04-25 08:19:50.633366 CST | [antmaze-large-play-v2] kl                 1
2026-04-25 08:19:50.633389 CST | [antmaze-large-play-v2] ---------------  ----------
2026-04-25 08:22:17.295257 CST | [antmaze-large-play-v2] ---------------  ----------
2026-04-25 08:22:17.295337 CST | [antmaze-large-play-v2] Training Epochs  212
2026-04-25 08:22:17.295368 CST | [antmaze-large-play-v2] AverageReturn      0.6
2026-04-25 08:22:17.295393 CST | [antmaze-large-play-v2] NormReturn         0.6
2026-04-25 08:22:17.295417 CST | [antmaze-large-play-v2] L_Act             18.1288
2026-04-25 08:22:17.295440 CST | [antmaze-large-play-v2] L_Crit             0.532529
2026-04-25 08:22:17.295464 CST | [antmaze-large-play-v2] Weight             0.742026
2026-04-25 08:22:17.295487 CST | [antmaze-large-play-v2] kl                 1
2026-04-25 08:22:17.295510 CST | [antmaze-large-play-v2] ---------------  ----------
2026-04-25 08:24:43.185615 CST | [antmaze-large-play-v2] ---------------  ----------
2026-04-25 08:24:43.185711 CST | [antmaze-large-play-v2] Training Epochs  213
2026-04-25 08:24:43.185740 CST | [antmaze-large-play-v2] AverageReturn      0.5
2026-04-25 08:24:43.185766 CST | [antmaze-large-play-v2] NormReturn         0.5
2026-04-25 08:24:43.185791 CST | [antmaze-large-play-v2] L_Act             18.117
2026-04-25 08:24:43.185815 CST | [antmaze-large-play-v2] L_Crit             0.534923
2026-04-25 08:24:43.185839 CST | [antmaze-large-play-v2] Weight             0.743081
2026-04-25 08:24:43.185863 CST | [antmaze-large-play-v2] kl                 1
2026-04-25 08:24:43.185887 CST | [antmaze-large-play-v2] ---------------  ----------
2026-04-25 08:27:08.983049 CST | [antmaze-large-play-v2] ---------------  ----------
2026-04-25 08:27:08.983143 CST | [antmaze-large-play-v2] Training Epochs  214
2026-04-25 08:27:08.983172 CST | [antmaze-large-play-v2] AverageReturn      0.8
2026-04-25 08:27:08.983197 CST | [antmaze-large-play-v2] NormReturn         0.8
2026-04-25 08:27:08.983221 CST | [antmaze-large-play-v2] L_Act             18.0953
2026-04-25 08:27:08.983245 CST | [antmaze-large-play-v2] L_Crit             0.539132
2026-04-25 08:27:08.983270 CST | [antmaze-large-play-v2] Weight             0.742986
2026-04-25 08:27:08.983294 CST | [antmaze-large-play-v2] kl                 1
2026-04-25 08:27:08.983318 CST | [antmaze-large-play-v2] ---------------  ----------
2026-04-25 08:29:35.317220 CST | [antmaze-large-play-v2] ---------------  ----------
2026-04-25 08:29:35.317313 CST | [antmaze-large-play-v2] Training Epochs  215
2026-04-25 08:29:35.317342 CST | [antmaze-large-play-v2] AverageReturn      0.6
2026-04-25 08:29:35.317366 CST | [antmaze-large-play-v2] NormReturn         0.6
2026-04-25 08:29:35.317390 CST | [antmaze-large-play-v2] L_Act             18.1132
2026-04-25 08:29:35.317414 CST | [antmaze-large-play-v2] L_Crit             0.539046
2026-04-25 08:29:35.317438 CST | [antmaze-large-play-v2] Weight             0.743015
2026-04-25 08:29:35.317461 CST | [antmaze-large-play-v2] kl                 1
2026-04-25 08:29:35.317484 CST | [antmaze-large-play-v2] ---------------  ----------
2026-04-25 08:32:01.916831 CST | [antmaze-large-play-v2] ---------------  ----------
2026-04-25 08:32:01.916931 CST | [antmaze-large-play-v2] Training Epochs  216
2026-04-25 08:32:01.916961 CST | [antmaze-large-play-v2] AverageReturn      0.6
2026-04-25 08:32:01.916986 CST | [antmaze-large-play-v2] NormReturn         0.6
2026-04-25 08:32:01.917011 CST | [antmaze-large-play-v2] L_Act             18.032
2026-04-25 08:32:01.917035 CST | [antmaze-large-play-v2] L_Crit             0.532953
2026-04-25 08:32:01.917059 CST | [antmaze-large-play-v2] Weight             0.743472
2026-04-25 08:32:01.917084 CST | [antmaze-large-play-v2] kl                 1
2026-04-25 08:32:01.917108 CST | [antmaze-large-play-v2] ---------------  ----------
2026-04-25 08:34:27.422714 CST | [antmaze-large-play-v2] ---------------  ----------
2026-04-25 08:34:27.422803 CST | [antmaze-large-play-v2] Training Epochs  217
2026-04-25 08:34:27.422832 CST | [antmaze-large-play-v2] AverageReturn      0.5
2026-04-25 08:34:27.422857 CST | [antmaze-large-play-v2] NormReturn         0.5
2026-04-25 08:34:27.422881 CST | [antmaze-large-play-v2] L_Act             18.0697
2026-04-25 08:34:27.422904 CST | [antmaze-large-play-v2] L_Crit             0.537361
2026-04-25 08:34:27.422928 CST | [antmaze-large-play-v2] Weight             0.742268
2026-04-25 08:34:27.422955 CST | [antmaze-large-play-v2] kl                 1
2026-04-25 08:34:27.422979 CST | [antmaze-large-play-v2] ---------------  ----------
2026-04-25 08:36:52.718380 CST | [antmaze-large-play-v2] ---------------  ----------
2026-04-25 08:36:52.718471 CST | [antmaze-large-play-v2] Training Epochs  218
2026-04-25 08:36:52.718500 CST | [antmaze-large-play-v2] AverageReturn      0.7
2026-04-25 08:36:52.718525 CST | [antmaze-large-play-v2] NormReturn         0.7
2026-04-25 08:36:52.718549 CST | [antmaze-large-play-v2] L_Act             18.0784
2026-04-25 08:36:52.718573 CST | [antmaze-large-play-v2] L_Crit             0.547585
2026-04-25 08:36:52.718596 CST | [antmaze-large-play-v2] Weight             0.742791
2026-04-25 08:36:52.718620 CST | [antmaze-large-play-v2] kl                 1
2026-04-25 08:36:52.718643 CST | [antmaze-large-play-v2] ---------------  ----------
2026-04-25 08:39:17.838096 CST | [antmaze-large-play-v2] ---------------  ----------
2026-04-25 08:39:17.838175 CST | [antmaze-large-play-v2] Training Epochs  219
2026-04-25 08:39:17.838205 CST | [antmaze-large-play-v2] AverageReturn      0.8
2026-04-25 08:39:17.838229 CST | [antmaze-large-play-v2] NormReturn         0.8
2026-04-25 08:39:17.838254 CST | [antmaze-large-play-v2] L_Act             18.0977
2026-04-25 08:39:17.838277 CST | [antmaze-large-play-v2] L_Crit             0.546152
2026-04-25 08:39:17.838301 CST | [antmaze-large-play-v2] Weight             0.741672
2026-04-25 08:39:17.838324 CST | [antmaze-large-play-v2] kl                 1
2026-04-25 08:39:17.838347 CST | [antmaze-large-play-v2] ---------------  ----------
2026-04-25 08:41:42.751865 CST | [antmaze-large-play-v2] ---------------  ----------
2026-04-25 08:41:42.751964 CST | [antmaze-large-play-v2] Training Epochs  220
2026-04-25 08:41:42.751995 CST | [antmaze-large-play-v2] AverageReturn      0.7
2026-04-25 08:41:42.752023 CST | [antmaze-large-play-v2] NormReturn         0.7
2026-04-25 08:41:42.752048 CST | [antmaze-large-play-v2] L_Act             18.107
2026-04-25 08:41:42.752072 CST | [antmaze-large-play-v2] L_Crit             0.541472
2026-04-25 08:41:42.752096 CST | [antmaze-large-play-v2] Weight             0.742523
2026-04-25 08:41:42.752120 CST | [antmaze-large-play-v2] kl                 1
2026-04-25 08:41:42.752145 CST | [antmaze-large-play-v2] ---------------  ----------
2026-04-25 08:44:07.050607 CST | [antmaze-large-play-v2] ---------------  ----------
2026-04-25 08:44:07.050703 CST | [antmaze-large-play-v2] Training Epochs  221
2026-04-25 08:44:07.050732 CST | [antmaze-large-play-v2] AverageReturn      0.7
2026-04-25 08:44:07.050759 CST | [antmaze-large-play-v2] NormReturn         0.7
2026-04-25 08:44:07.050785 CST | [antmaze-large-play-v2] L_Act             18.0668
2026-04-25 08:44:07.050810 CST | [antmaze-large-play-v2] L_Crit             0.523059
2026-04-25 08:44:07.050834 CST | [antmaze-large-play-v2] Weight             0.742166
2026-04-25 08:44:07.050858 CST | [antmaze-large-play-v2] kl                 1
2026-04-25 08:44:07.050882 CST | [antmaze-large-play-v2] ---------------  ----------
2026-04-25 08:46:31.854617 CST | [antmaze-large-play-v2] ---------------  ----------
2026-04-25 08:46:31.854714 CST | [antmaze-large-play-v2] Training Epochs  222
2026-04-25 08:46:31.854744 CST | [antmaze-large-play-v2] AverageReturn      0.7
2026-04-25 08:46:31.854769 CST | [antmaze-large-play-v2] NormReturn         0.7
2026-04-25 08:46:31.854794 CST | [antmaze-large-play-v2] L_Act             18.0308
2026-04-25 08:46:31.854819 CST | [antmaze-large-play-v2] L_Crit             0.528595
2026-04-25 08:46:31.854843 CST | [antmaze-large-play-v2] Weight             0.742921
2026-04-25 08:46:31.854867 CST | [antmaze-large-play-v2] kl                 1
2026-04-25 08:46:31.854891 CST | [antmaze-large-play-v2] ---------------  ----------
2026-04-25 08:48:56.061264 CST | [antmaze-large-play-v2] ---------------  ----------
2026-04-25 08:48:56.061364 CST | [antmaze-large-play-v2] Training Epochs  223
2026-04-25 08:48:56.061400 CST | [antmaze-large-play-v2] AverageReturn      0.7
2026-04-25 08:48:56.061426 CST | [antmaze-large-play-v2] NormReturn         0.7
2026-04-25 08:48:56.061450 CST | [antmaze-large-play-v2] L_Act             18.0385
2026-04-25 08:48:56.061474 CST | [antmaze-large-play-v2] L_Crit             0.544721
2026-04-25 08:48:56.061499 CST | [antmaze-large-play-v2] Weight             0.742017
2026-04-25 08:48:56.061523 CST | [antmaze-large-play-v2] kl                 1
2026-04-25 08:48:56.061552 CST | [antmaze-large-play-v2] ---------------  ----------
2026-04-25 08:51:21.143184 CST | [antmaze-large-play-v2] ---------------  ----------
2026-04-25 08:51:21.143282 CST | [antmaze-large-play-v2] Training Epochs  224
2026-04-25 08:51:21.143312 CST | [antmaze-large-play-v2] AverageReturn      0.9
2026-04-25 08:51:21.143339 CST | [antmaze-large-play-v2] NormReturn         0.9
2026-04-25 08:51:21.143364 CST | [antmaze-large-play-v2] L_Act             18.0595
2026-04-25 08:51:21.143387 CST | [antmaze-large-play-v2] L_Crit             0.531269
2026-04-25 08:51:21.143411 CST | [antmaze-large-play-v2] Weight             0.742999
2026-04-25 08:51:21.143435 CST | [antmaze-large-play-v2] kl                 1
2026-04-25 08:51:21.143458 CST | [antmaze-large-play-v2] ---------------  ----------
2026-04-25 08:53:47.302999 CST | [antmaze-large-play-v2] ---------------  ----------
2026-04-25 08:53:47.303098 CST | [antmaze-large-play-v2] Training Epochs  225
2026-04-25 08:53:47.303129 CST | [antmaze-large-play-v2] AverageReturn      0.5
2026-04-25 08:53:47.303155 CST | [antmaze-large-play-v2] NormReturn         0.5
2026-04-25 08:53:47.303180 CST | [antmaze-large-play-v2] L_Act             18.0676
2026-04-25 08:53:47.303204 CST | [antmaze-large-play-v2] L_Crit             0.533915
2026-04-25 08:53:47.303228 CST | [antmaze-large-play-v2] Weight             0.742289
2026-04-25 08:53:47.303252 CST | [antmaze-large-play-v2] kl                 1
2026-04-25 08:53:47.303275 CST | [antmaze-large-play-v2] ---------------  ----------
2026-04-25 08:56:14.529531 CST | [antmaze-large-play-v2] ---------------  ----------
2026-04-25 08:56:14.529613 CST | [antmaze-large-play-v2] Training Epochs  226
2026-04-25 08:56:14.529644 CST | [antmaze-large-play-v2] AverageReturn      0.5
2026-04-25 08:56:14.529671 CST | [antmaze-large-play-v2] NormReturn         0.5
2026-04-25 08:56:14.529696 CST | [antmaze-large-play-v2] L_Act             18.094
2026-04-25 08:56:14.529721 CST | [antmaze-large-play-v2] L_Crit             0.517771
2026-04-25 08:56:14.529746 CST | [antmaze-large-play-v2] Weight             0.742962
2026-04-25 08:56:14.529770 CST | [antmaze-large-play-v2] kl                 1
2026-04-25 08:56:14.529795 CST | [antmaze-large-play-v2] ---------------  ----------
2026-04-25 08:58:38.235007 CST | [antmaze-large-play-v2] ---------------  ----------
2026-04-25 08:58:38.235110 CST | [antmaze-large-play-v2] Training Epochs  227
2026-04-25 08:58:38.235140 CST | [antmaze-large-play-v2] AverageReturn      0.9
2026-04-25 08:58:38.235166 CST | [antmaze-large-play-v2] NormReturn         0.9
2026-04-25 08:58:38.235190 CST | [antmaze-large-play-v2] L_Act             18.0806
2026-04-25 08:58:38.235213 CST | [antmaze-large-play-v2] L_Crit             0.532923
2026-04-25 08:58:38.235237 CST | [antmaze-large-play-v2] Weight             0.742996
2026-04-25 08:58:38.235262 CST | [antmaze-large-play-v2] kl                 1
2026-04-25 08:58:38.235285 CST | [antmaze-large-play-v2] ---------------  ----------
2026-04-25 09:01:06.570956 CST | [antmaze-large-play-v2] ---------------  ----------
2026-04-25 09:01:06.571047 CST | [antmaze-large-play-v2] Training Epochs  228
2026-04-25 09:01:06.571077 CST | [antmaze-large-play-v2] AverageReturn      0.4
2026-04-25 09:01:06.571103 CST | [antmaze-large-play-v2] NormReturn         0.4
2026-04-25 09:01:06.571127 CST | [antmaze-large-play-v2] L_Act             18.0522
2026-04-25 09:01:06.571151 CST | [antmaze-large-play-v2] L_Crit             0.523704
2026-04-25 09:01:06.571174 CST | [antmaze-large-play-v2] Weight             0.743295
2026-04-25 09:01:06.571203 CST | [antmaze-large-play-v2] kl                 1
2026-04-25 09:01:06.571227 CST | [antmaze-large-play-v2] ---------------  ----------
2026-04-25 09:03:33.286746 CST | [antmaze-large-play-v2] ---------------  ----------
2026-04-25 09:03:33.286843 CST | [antmaze-large-play-v2] Training Epochs  229
2026-04-25 09:03:33.286871 CST | [antmaze-large-play-v2] AverageReturn      0.5
2026-04-25 09:03:33.286897 CST | [antmaze-large-play-v2] NormReturn         0.5
2026-04-25 09:03:33.286922 CST | [antmaze-large-play-v2] L_Act             18.0204
2026-04-25 09:03:33.286946 CST | [antmaze-large-play-v2] L_Crit             0.53954
2026-04-25 09:03:33.286970 CST | [antmaze-large-play-v2] Weight             0.743087
2026-04-25 09:03:33.286994 CST | [antmaze-large-play-v2] kl                 1
2026-04-25 09:03:33.287017 CST | [antmaze-large-play-v2] ---------------  ----------
2026-04-25 09:05:59.203682 CST | [antmaze-large-play-v2] ---------------  ----------
2026-04-25 09:05:59.203871 CST | [antmaze-large-play-v2] Training Epochs  230
2026-04-25 09:05:59.203938 CST | [antmaze-large-play-v2] AverageReturn      0.6
2026-04-25 09:05:59.203995 CST | [antmaze-large-play-v2] NormReturn         0.6
2026-04-25 09:05:59.204048 CST | [antmaze-large-play-v2] L_Act             18.0278
2026-04-25 09:05:59.204100 CST | [antmaze-large-play-v2] L_Crit             0.533881
2026-04-25 09:05:59.204151 CST | [antmaze-large-play-v2] Weight             0.742045
2026-04-25 09:05:59.204199 CST | [antmaze-large-play-v2] kl                 1
2026-04-25 09:05:59.204247 CST | [antmaze-large-play-v2] ---------------  ----------
2026-04-25 09:08:25.501879 CST | [antmaze-large-play-v2] ---------------  ----------
2026-04-25 09:08:25.501985 CST | [antmaze-large-play-v2] Training Epochs  231
2026-04-25 09:08:25.502015 CST | [antmaze-large-play-v2] AverageReturn      0.5
2026-04-25 09:08:25.502041 CST | [antmaze-large-play-v2] NormReturn         0.5
2026-04-25 09:08:25.502066 CST | [antmaze-large-play-v2] L_Act             18.0658
2026-04-25 09:08:25.502090 CST | [antmaze-large-play-v2] L_Crit             0.543136
2026-04-25 09:08:25.502115 CST | [antmaze-large-play-v2] Weight             0.742071
2026-04-25 09:08:25.502139 CST | [antmaze-large-play-v2] kl                 1
2026-04-25 09:08:25.502163 CST | [antmaze-large-play-v2] ---------------  ----------
2026-04-25 09:10:53.929518 CST | [antmaze-large-play-v2] ---------------  ----------
2026-04-25 09:10:53.929612 CST | [antmaze-large-play-v2] Training Epochs  232
2026-04-25 09:10:53.929640 CST | [antmaze-large-play-v2] AverageReturn      0.6
2026-04-25 09:10:53.929665 CST | [antmaze-large-play-v2] NormReturn         0.6
2026-04-25 09:10:53.929689 CST | [antmaze-large-play-v2] L_Act             18.0765
2026-04-25 09:10:53.929712 CST | [antmaze-large-play-v2] L_Crit             0.532365
2026-04-25 09:10:53.929735 CST | [antmaze-large-play-v2] Weight             0.742295
2026-04-25 09:10:53.929759 CST | [antmaze-large-play-v2] kl                 1
2026-04-25 09:10:53.929783 CST | [antmaze-large-play-v2] ---------------  ----------
2026-04-25 09:13:21.172624 CST | [antmaze-large-play-v2] ---------------  ----------
2026-04-25 09:13:21.172715 CST | [antmaze-large-play-v2] Training Epochs  233
2026-04-25 09:13:21.172744 CST | [antmaze-large-play-v2] AverageReturn      0.6
2026-04-25 09:13:21.172773 CST | [antmaze-large-play-v2] NormReturn         0.6
2026-04-25 09:13:21.172798 CST | [antmaze-large-play-v2] L_Act             18.0294
2026-04-25 09:13:21.172822 CST | [antmaze-large-play-v2] L_Crit             0.543768
2026-04-25 09:13:21.172846 CST | [antmaze-large-play-v2] Weight             0.742144
2026-04-25 09:13:21.172870 CST | [antmaze-large-play-v2] kl                 1
2026-04-25 09:13:21.172894 CST | [antmaze-large-play-v2] ---------------  ----------
2026-04-25 09:15:45.700806 CST | [antmaze-large-play-v2] ---------------  ----------
2026-04-25 09:15:45.700891 CST | [antmaze-large-play-v2] Training Epochs  234
2026-04-25 09:15:45.700920 CST | [antmaze-large-play-v2] AverageReturn      0.8
2026-04-25 09:15:45.700949 CST | [antmaze-large-play-v2] NormReturn         0.8
2026-04-25 09:15:45.700975 CST | [antmaze-large-play-v2] L_Act             18.0655
2026-04-25 09:15:45.700999 CST | [antmaze-large-play-v2] L_Crit             0.513488
2026-04-25 09:15:45.701022 CST | [antmaze-large-play-v2] Weight             0.741964
2026-04-25 09:15:45.701046 CST | [antmaze-large-play-v2] kl                 1
2026-04-25 09:15:45.701069 CST | [antmaze-large-play-v2] ---------------  ----------
2026-04-25 09:18:11.144932 CST | [antmaze-large-play-v2] ---------------  ----------
2026-04-25 09:18:11.145026 CST | [antmaze-large-play-v2] Training Epochs  235
2026-04-25 09:18:11.145054 CST | [antmaze-large-play-v2] AverageReturn      0.5
2026-04-25 09:18:11.145079 CST | [antmaze-large-play-v2] NormReturn         0.5
2026-04-25 09:18:11.145103 CST | [antmaze-large-play-v2] L_Act             18.0513
2026-04-25 09:18:11.145126 CST | [antmaze-large-play-v2] L_Crit             0.531813
2026-04-25 09:18:11.145150 CST | [antmaze-large-play-v2] Weight             0.742361
2026-04-25 09:18:11.145173 CST | [antmaze-large-play-v2] kl                 1
2026-04-25 09:18:11.145196 CST | [antmaze-large-play-v2] ---------------  ----------
2026-04-25 09:20:39.380466 CST | [antmaze-large-play-v2] ---------------  ----------
2026-04-25 09:20:39.380661 CST | [antmaze-large-play-v2] Training Epochs  236
2026-04-25 09:20:39.380731 CST | [antmaze-large-play-v2] AverageReturn      0.5
2026-04-25 09:20:39.380800 CST | [antmaze-large-play-v2] NormReturn         0.5
2026-04-25 09:20:39.380855 CST | [antmaze-large-play-v2] L_Act             18.0704
2026-04-25 09:20:39.380908 CST | [antmaze-large-play-v2] L_Crit             0.547093
2026-04-25 09:20:39.380959 CST | [antmaze-large-play-v2] Weight             0.742748
2026-04-25 09:20:39.381009 CST | [antmaze-large-play-v2] kl                 1
2026-04-25 09:20:39.381058 CST | [antmaze-large-play-v2] ---------------  ----------
2026-04-25 09:23:06.465164 CST | [antmaze-large-play-v2] ---------------  ----------
2026-04-25 09:23:06.465259 CST | [antmaze-large-play-v2] Training Epochs  237
2026-04-25 09:23:06.465288 CST | [antmaze-large-play-v2] AverageReturn      0.7
2026-04-25 09:23:06.465315 CST | [antmaze-large-play-v2] NormReturn         0.7
2026-04-25 09:23:06.465341 CST | [antmaze-large-play-v2] L_Act             18.0601
2026-04-25 09:23:06.465365 CST | [antmaze-large-play-v2] L_Crit             0.525662
2026-04-25 09:23:06.465390 CST | [antmaze-large-play-v2] Weight             0.743034
2026-04-25 09:23:06.465414 CST | [antmaze-large-play-v2] kl                 1
2026-04-25 09:23:06.465438 CST | [antmaze-large-play-v2] ---------------  ----------
2026-04-25 09:25:32.920070 CST | [antmaze-large-play-v2] ---------------  ----------
2026-04-25 09:25:32.920162 CST | [antmaze-large-play-v2] Training Epochs  238
2026-04-25 09:25:32.920191 CST | [antmaze-large-play-v2] AverageReturn      0.9
2026-04-25 09:25:32.920216 CST | [antmaze-large-play-v2] NormReturn         0.9
2026-04-25 09:25:32.920240 CST | [antmaze-large-play-v2] L_Act             18.0267
2026-04-25 09:25:32.920264 CST | [antmaze-large-play-v2] L_Crit             0.532449
2026-04-25 09:25:32.920287 CST | [antmaze-large-play-v2] Weight             0.742726
2026-04-25 09:25:32.920310 CST | [antmaze-large-play-v2] kl                 1
2026-04-25 09:25:32.920334 CST | [antmaze-large-play-v2] ---------------  ----------
2026-04-25 09:27:58.855519 CST | [antmaze-large-play-v2] ---------------  ----------
2026-04-25 09:27:58.855626 CST | [antmaze-large-play-v2] Training Epochs  239
2026-04-25 09:27:58.855656 CST | [antmaze-large-play-v2] AverageReturn      0.7
2026-04-25 09:27:58.855683 CST | [antmaze-large-play-v2] NormReturn         0.7
2026-04-25 09:27:58.855712 CST | [antmaze-large-play-v2] L_Act             18.039
2026-04-25 09:27:58.855737 CST | [antmaze-large-play-v2] L_Crit             0.529636
2026-04-25 09:27:58.855765 CST | [antmaze-large-play-v2] Weight             0.742426
2026-04-25 09:27:58.855790 CST | [antmaze-large-play-v2] kl                 1
2026-04-25 09:27:58.855822 CST | [antmaze-large-play-v2] ---------------  ----------
2026-04-25 09:30:25.529180 CST | [antmaze-large-play-v2] ---------------  ----------
2026-04-25 09:30:25.529272 CST | [antmaze-large-play-v2] Training Epochs  240
2026-04-25 09:30:25.529302 CST | [antmaze-large-play-v2] AverageReturn      0.8
2026-04-25 09:30:25.529328 CST | [antmaze-large-play-v2] NormReturn         0.8
2026-04-25 09:30:25.529353 CST | [antmaze-large-play-v2] L_Act             17.9892
2026-04-25 09:30:25.529377 CST | [antmaze-large-play-v2] L_Crit             0.535495
2026-04-25 09:30:25.529401 CST | [antmaze-large-play-v2] Weight             0.743369
2026-04-25 09:30:25.529425 CST | [antmaze-large-play-v2] kl                 1
2026-04-25 09:30:25.529448 CST | [antmaze-large-play-v2] ---------------  ----------
2026-04-25 09:32:52.268681 CST | [antmaze-large-play-v2] ---------------  ----------
2026-04-25 09:32:52.268764 CST | [antmaze-large-play-v2] Training Epochs  241
2026-04-25 09:32:52.268793 CST | [antmaze-large-play-v2] AverageReturn      0.7
2026-04-25 09:32:52.268819 CST | [antmaze-large-play-v2] NormReturn         0.7
2026-04-25 09:32:52.268844 CST | [antmaze-large-play-v2] L_Act             17.9823
2026-04-25 09:32:52.268867 CST | [antmaze-large-play-v2] L_Crit             0.530912
2026-04-25 09:32:52.268891 CST | [antmaze-large-play-v2] Weight             0.742947
2026-04-25 09:32:52.268915 CST | [antmaze-large-play-v2] kl                 1
2026-04-25 09:32:52.268938 CST | [antmaze-large-play-v2] ---------------  ----------
2026-04-25 09:35:18.283345 CST | [antmaze-large-play-v2] ---------------  ----------
2026-04-25 09:35:18.283438 CST | [antmaze-large-play-v2] Training Epochs  242
2026-04-25 09:35:18.283467 CST | [antmaze-large-play-v2] AverageReturn      0.8
2026-04-25 09:35:18.283492 CST | [antmaze-large-play-v2] NormReturn         0.8
2026-04-25 09:35:18.283517 CST | [antmaze-large-play-v2] L_Act             17.9913
2026-04-25 09:35:18.283540 CST | [antmaze-large-play-v2] L_Crit             0.527092
2026-04-25 09:35:18.283564 CST | [antmaze-large-play-v2] Weight             0.743042
2026-04-25 09:35:18.283587 CST | [antmaze-large-play-v2] kl                 1
2026-04-25 09:35:18.283610 CST | [antmaze-large-play-v2] ---------------  ----------
2026-04-25 09:37:45.457049 CST | [antmaze-large-play-v2] ---------------  ----------
2026-04-25 09:37:45.457143 CST | [antmaze-large-play-v2] Training Epochs  243
2026-04-25 09:37:45.457172 CST | [antmaze-large-play-v2] AverageReturn      0.6
2026-04-25 09:37:45.457197 CST | [antmaze-large-play-v2] NormReturn         0.6
2026-04-25 09:37:45.457221 CST | [antmaze-large-play-v2] L_Act             17.9964
2026-04-25 09:37:45.457244 CST | [antmaze-large-play-v2] L_Crit             0.545616
2026-04-25 09:37:45.457268 CST | [antmaze-large-play-v2] Weight             0.742831
2026-04-25 09:37:45.457291 CST | [antmaze-large-play-v2] kl                 1
2026-04-25 09:37:45.457314 CST | [antmaze-large-play-v2] ---------------  ----------
2026-04-25 09:40:13.514493 CST | [antmaze-large-play-v2] ---------------  ----------
2026-04-25 09:40:13.514587 CST | [antmaze-large-play-v2] Training Epochs  244
2026-04-25 09:40:13.514616 CST | [antmaze-large-play-v2] AverageReturn      0.4
2026-04-25 09:40:13.514641 CST | [antmaze-large-play-v2] NormReturn         0.4
2026-04-25 09:40:13.514665 CST | [antmaze-large-play-v2] L_Act             18.0183
2026-04-25 09:40:13.514689 CST | [antmaze-large-play-v2] L_Crit             0.534961
2026-04-25 09:40:13.514713 CST | [antmaze-large-play-v2] Weight             0.743943
2026-04-25 09:40:13.514737 CST | [antmaze-large-play-v2] kl                 1
2026-04-25 09:40:13.514760 CST | [antmaze-large-play-v2] ---------------  ----------
2026-04-25 09:42:40.693364 CST | [antmaze-large-play-v2] ---------------  ----------
2026-04-25 09:42:40.693466 CST | [antmaze-large-play-v2] Training Epochs  245
2026-04-25 09:42:40.693496 CST | [antmaze-large-play-v2] AverageReturn      0.5
2026-04-25 09:42:40.693522 CST | [antmaze-large-play-v2] NormReturn         0.5
2026-04-25 09:42:40.693550 CST | [antmaze-large-play-v2] L_Act             17.9589
2026-04-25 09:42:40.693575 CST | [antmaze-large-play-v2] L_Crit             0.539446
2026-04-25 09:42:40.693599 CST | [antmaze-large-play-v2] Weight             0.743902
2026-04-25 09:42:40.693623 CST | [antmaze-large-play-v2] kl                 1
2026-04-25 09:42:40.693648 CST | [antmaze-large-play-v2] ---------------  ----------
2026-04-25 09:45:10.288093 CST | [antmaze-large-play-v2] ---------------  ----------
2026-04-25 09:45:10.288184 CST | [antmaze-large-play-v2] Training Epochs  246
2026-04-25 09:45:10.288214 CST | [antmaze-large-play-v2] AverageReturn      0.4
2026-04-25 09:45:10.288240 CST | [antmaze-large-play-v2] NormReturn         0.4
2026-04-25 09:45:10.288265 CST | [antmaze-large-play-v2] L_Act             17.9757
2026-04-25 09:45:10.288290 CST | [antmaze-large-play-v2] L_Crit             0.537934
2026-04-25 09:45:10.288314 CST | [antmaze-large-play-v2] Weight             0.744483
2026-04-25 09:45:10.288338 CST | [antmaze-large-play-v2] kl                 1
2026-04-25 09:45:10.288363 CST | [antmaze-large-play-v2] ---------------  ----------
2026-04-25 09:47:36.070934 CST | [antmaze-large-play-v2] ---------------  ----------
2026-04-25 09:47:36.071035 CST | [antmaze-large-play-v2] Training Epochs  247
2026-04-25 09:47:36.071066 CST | [antmaze-large-play-v2] AverageReturn      0.8
2026-04-25 09:47:36.071093 CST | [antmaze-large-play-v2] NormReturn         0.8
2026-04-25 09:47:36.071119 CST | [antmaze-large-play-v2] L_Act             17.9202
2026-04-25 09:47:36.071143 CST | [antmaze-large-play-v2] L_Crit             0.521622
2026-04-25 09:47:36.071168 CST | [antmaze-large-play-v2] Weight             0.74411
2026-04-25 09:47:36.071192 CST | [antmaze-large-play-v2] kl                 1
2026-04-25 09:47:36.071216 CST | [antmaze-large-play-v2] ---------------  ----------
2026-04-25 09:50:02.020000 CST | [antmaze-large-play-v2] ---------------  ----------
2026-04-25 09:50:02.020083 CST | [antmaze-large-play-v2] Training Epochs  248
2026-04-25 09:50:02.020113 CST | [antmaze-large-play-v2] AverageReturn      0.9
2026-04-25 09:50:02.020139 CST | [antmaze-large-play-v2] NormReturn         0.9
2026-04-25 09:50:02.020163 CST | [antmaze-large-play-v2] L_Act             17.9507
2026-04-25 09:50:02.020187 CST | [antmaze-large-play-v2] L_Crit             0.529134
2026-04-25 09:50:02.020210 CST | [antmaze-large-play-v2] Weight             0.744409
2026-04-25 09:50:02.020234 CST | [antmaze-large-play-v2] kl                 1
2026-04-25 09:50:02.020258 CST | [antmaze-large-play-v2] ---------------  ----------
2026-04-25 09:52:29.129571 CST | [antmaze-large-play-v2] ---------------  ----------
2026-04-25 09:52:29.129668 CST | [antmaze-large-play-v2] Training Epochs  249
2026-04-25 09:52:29.129697 CST | [antmaze-large-play-v2] AverageReturn      0.7
2026-04-25 09:52:29.129723 CST | [antmaze-large-play-v2] NormReturn         0.7
2026-04-25 09:52:29.129748 CST | [antmaze-large-play-v2] L_Act             17.9494
2026-04-25 09:52:29.129773 CST | [antmaze-large-play-v2] L_Crit             0.535476
2026-04-25 09:52:29.129798 CST | [antmaze-large-play-v2] Weight             0.743783
2026-04-25 09:52:29.129823 CST | [antmaze-large-play-v2] kl                 1
2026-04-25 09:52:29.129847 CST | [antmaze-large-play-v2] ---------------  ----------
2026-04-25 09:54:55.616796 CST | [antmaze-large-play-v2] ---------------  ----------
2026-04-25 09:54:55.616895 CST | [antmaze-large-play-v2] Training Epochs  250
2026-04-25 09:54:55.616923 CST | [antmaze-large-play-v2] AverageReturn      0.5
2026-04-25 09:54:55.616949 CST | [antmaze-large-play-v2] NormReturn         0.5
2026-04-25 09:54:55.616973 CST | [antmaze-large-play-v2] L_Act             17.9649
2026-04-25 09:54:55.616996 CST | [antmaze-large-play-v2] L_Crit             0.518714
2026-04-25 09:54:55.617020 CST | [antmaze-large-play-v2] Weight             0.744562
2026-04-25 09:54:55.617043 CST | [antmaze-large-play-v2] kl                 1
2026-04-25 09:54:55.617066 CST | [antmaze-large-play-v2] ---------------  ----------
2026-04-25 09:57:22.775073 CST | [antmaze-large-play-v2] ---------------  ----------
2026-04-25 09:57:22.775176 CST | [antmaze-large-play-v2] Training Epochs  251
2026-04-25 09:57:22.775204 CST | [antmaze-large-play-v2] AverageReturn      0.7
2026-04-25 09:57:22.775229 CST | [antmaze-large-play-v2] NormReturn         0.7
2026-04-25 09:57:22.775253 CST | [antmaze-large-play-v2] L_Act             17.9552
2026-04-25 09:57:22.775277 CST | [antmaze-large-play-v2] L_Crit             0.519386
2026-04-25 09:57:22.775300 CST | [antmaze-large-play-v2] Weight             0.745296
2026-04-25 09:57:22.775324 CST | [antmaze-large-play-v2] kl                 1
2026-04-25 09:57:22.775347 CST | [antmaze-large-play-v2] ---------------  ----------
2026-04-25 09:59:50.104112 CST | [antmaze-large-play-v2] ---------------  ----------
2026-04-25 09:59:50.104212 CST | [antmaze-large-play-v2] Training Epochs  252
2026-04-25 09:59:50.104240 CST | [antmaze-large-play-v2] AverageReturn      0.7
2026-04-25 09:59:50.104266 CST | [antmaze-large-play-v2] NormReturn         0.7
2026-04-25 09:59:50.104290 CST | [antmaze-large-play-v2] L_Act             17.9514
2026-04-25 09:59:50.104314 CST | [antmaze-large-play-v2] L_Crit             0.523299
2026-04-25 09:59:50.104338 CST | [antmaze-large-play-v2] Weight             0.744512
2026-04-25 09:59:50.104361 CST | [antmaze-large-play-v2] kl                 1
2026-04-25 09:59:50.104384 CST | [antmaze-large-play-v2] ---------------  ----------
2026-04-25 10:02:15.798213 CST | [antmaze-large-play-v2] ---------------  ----------
2026-04-25 10:02:15.798319 CST | [antmaze-large-play-v2] Training Epochs  253
2026-04-25 10:02:15.798349 CST | [antmaze-large-play-v2] AverageReturn      0.9
2026-04-25 10:02:15.798376 CST | [antmaze-large-play-v2] NormReturn         0.9
2026-04-25 10:02:15.798400 CST | [antmaze-large-play-v2] L_Act             18.0146
2026-04-25 10:02:15.798425 CST | [antmaze-large-play-v2] L_Crit             0.519755
2026-04-25 10:02:15.798448 CST | [antmaze-large-play-v2] Weight             0.744744
2026-04-25 10:02:15.798473 CST | [antmaze-large-play-v2] kl                 1
2026-04-25 10:02:15.798496 CST | [antmaze-large-play-v2] ---------------  ----------
2026-04-25 10:04:42.559339 CST | [antmaze-large-play-v2] ---------------  ----------
2026-04-25 10:04:42.559442 CST | [antmaze-large-play-v2] Training Epochs  254
2026-04-25 10:04:42.559471 CST | [antmaze-large-play-v2] AverageReturn      0.8
2026-04-25 10:04:42.559497 CST | [antmaze-large-play-v2] NormReturn         0.8
2026-04-25 10:04:42.559522 CST | [antmaze-large-play-v2] L_Act             17.9532
2026-04-25 10:04:42.559546 CST | [antmaze-large-play-v2] L_Crit             0.52496
2026-04-25 10:04:42.559570 CST | [antmaze-large-play-v2] Weight             0.745742
2026-04-25 10:04:42.559593 CST | [antmaze-large-play-v2] kl                 1
2026-04-25 10:04:42.559617 CST | [antmaze-large-play-v2] ---------------  ----------
2026-04-25 10:07:09.566114 CST | [antmaze-large-play-v2] ---------------  ----------
2026-04-25 10:07:09.566208 CST | [antmaze-large-play-v2] Training Epochs  255
2026-04-25 10:07:09.566238 CST | [antmaze-large-play-v2] AverageReturn      0.7
2026-04-25 10:07:09.566266 CST | [antmaze-large-play-v2] NormReturn         0.7
2026-04-25 10:07:09.566290 CST | [antmaze-large-play-v2] L_Act             17.9848
2026-04-25 10:07:09.566314 CST | [antmaze-large-play-v2] L_Crit             0.501807
2026-04-25 10:07:09.566338 CST | [antmaze-large-play-v2] Weight             0.744675
2026-04-25 10:07:09.566361 CST | [antmaze-large-play-v2] kl                 1
2026-04-25 10:07:09.566385 CST | [antmaze-large-play-v2] ---------------  ----------
2026-04-25 10:09:38.796703 CST | [antmaze-large-play-v2] ---------------  ----------
2026-04-25 10:09:38.796788 CST | [antmaze-large-play-v2] Training Epochs  256
2026-04-25 10:09:38.796819 CST | [antmaze-large-play-v2] AverageReturn      0.5
2026-04-25 10:09:38.796845 CST | [antmaze-large-play-v2] NormReturn         0.5
2026-04-25 10:09:38.796870 CST | [antmaze-large-play-v2] L_Act             17.9654
2026-04-25 10:09:38.796897 CST | [antmaze-large-play-v2] L_Crit             0.522233
2026-04-25 10:09:38.796920 CST | [antmaze-large-play-v2] Weight             0.746091
2026-04-25 10:09:38.796944 CST | [antmaze-large-play-v2] kl                 1
2026-04-25 10:09:38.796968 CST | [antmaze-large-play-v2] ---------------  ----------
2026-04-25 10:12:05.204815 CST | [antmaze-large-play-v2] ---------------  ----------
2026-04-25 10:12:05.204919 CST | [antmaze-large-play-v2] Training Epochs  257
2026-04-25 10:12:05.204948 CST | [antmaze-large-play-v2] AverageReturn      0.6
2026-04-25 10:12:05.204973 CST | [antmaze-large-play-v2] NormReturn         0.6
2026-04-25 10:12:05.204997 CST | [antmaze-large-play-v2] L_Act             17.9108
2026-04-25 10:12:05.205021 CST | [antmaze-large-play-v2] L_Crit             0.521355
2026-04-25 10:12:05.205045 CST | [antmaze-large-play-v2] Weight             0.745984
2026-04-25 10:12:05.205069 CST | [antmaze-large-play-v2] kl                 1
2026-04-25 10:12:05.205093 CST | [antmaze-large-play-v2] ---------------  ----------
2026-04-25 10:14:33.473861 CST | [antmaze-large-play-v2] ---------------  ----------
2026-04-25 10:14:33.473962 CST | [antmaze-large-play-v2] Training Epochs  258
2026-04-25 10:14:33.473991 CST | [antmaze-large-play-v2] AverageReturn      0.7
2026-04-25 10:14:33.474016 CST | [antmaze-large-play-v2] NormReturn         0.7
2026-04-25 10:14:33.474040 CST | [antmaze-large-play-v2] L_Act             17.9121
2026-04-25 10:14:33.474063 CST | [antmaze-large-play-v2] L_Crit             0.523569
2026-04-25 10:14:33.474087 CST | [antmaze-large-play-v2] Weight             0.745428
2026-04-25 10:14:33.474111 CST | [antmaze-large-play-v2] kl                 1
2026-04-25 10:14:33.474134 CST | [antmaze-large-play-v2] ---------------  ----------
2026-04-25 10:17:01.366774 CST | [antmaze-large-play-v2] ---------------  ----------
2026-04-25 10:17:01.366869 CST | [antmaze-large-play-v2] Training Epochs  259
2026-04-25 10:17:01.366898 CST | [antmaze-large-play-v2] AverageReturn      0.6
2026-04-25 10:17:01.366925 CST | [antmaze-large-play-v2] NormReturn         0.6
2026-04-25 10:17:01.366950 CST | [antmaze-large-play-v2] L_Act             17.9182
2026-04-25 10:17:01.366974 CST | [antmaze-large-play-v2] L_Crit             0.521236
2026-04-25 10:17:01.366997 CST | [antmaze-large-play-v2] Weight             0.745277
2026-04-25 10:17:01.367021 CST | [antmaze-large-play-v2] kl                 1
2026-04-25 10:17:01.367045 CST | [antmaze-large-play-v2] ---------------  ----------
2026-04-25 10:19:29.181323 CST | [antmaze-large-play-v2] ---------------  ----------
2026-04-25 10:19:29.181425 CST | [antmaze-large-play-v2] Training Epochs  260
2026-04-25 10:19:29.181454 CST | [antmaze-large-play-v2] AverageReturn      0.7
2026-04-25 10:19:29.181479 CST | [antmaze-large-play-v2] NormReturn         0.7
2026-04-25 10:19:29.181503 CST | [antmaze-large-play-v2] L_Act             17.9162
2026-04-25 10:19:29.181526 CST | [antmaze-large-play-v2] L_Crit             0.517329
2026-04-25 10:19:29.181550 CST | [antmaze-large-play-v2] Weight             0.745744
2026-04-25 10:19:29.181573 CST | [antmaze-large-play-v2] kl                 1
2026-04-25 10:19:29.181596 CST | [antmaze-large-play-v2] ---------------  ----------
2026-04-25 10:21:56.864407 CST | [antmaze-large-play-v2] ---------------  ----------
2026-04-25 10:21:56.864499 CST | [antmaze-large-play-v2] Training Epochs  261
2026-04-25 10:21:56.864527 CST | [antmaze-large-play-v2] AverageReturn      0.7
2026-04-25 10:21:56.864552 CST | [antmaze-large-play-v2] NormReturn         0.7
2026-04-25 10:21:56.864576 CST | [antmaze-large-play-v2] L_Act             17.9067
2026-04-25 10:21:56.864599 CST | [antmaze-large-play-v2] L_Crit             0.505672
2026-04-25 10:21:56.864623 CST | [antmaze-large-play-v2] Weight             0.745738
2026-04-25 10:21:56.864646 CST | [antmaze-large-play-v2] kl                 1
2026-04-25 10:21:56.864670 CST | [antmaze-large-play-v2] ---------------  ----------
2026-04-25 10:24:24.566442 CST | [antmaze-large-play-v2] ---------------  ----------
2026-04-25 10:24:24.566546 CST | [antmaze-large-play-v2] Training Epochs  262
2026-04-25 10:24:24.566575 CST | [antmaze-large-play-v2] AverageReturn      0.8
2026-04-25 10:24:24.566601 CST | [antmaze-large-play-v2] NormReturn         0.8
2026-04-25 10:24:24.566625 CST | [antmaze-large-play-v2] L_Act             17.933
2026-04-25 10:24:24.566650 CST | [antmaze-large-play-v2] L_Crit             0.514117
2026-04-25 10:24:24.566673 CST | [antmaze-large-play-v2] Weight             0.745198
2026-04-25 10:24:24.566697 CST | [antmaze-large-play-v2] kl                 1
2026-04-25 10:24:24.566721 CST | [antmaze-large-play-v2] ---------------  ----------
2026-04-25 10:26:50.245800 CST | [antmaze-large-play-v2] ---------------  ----------
2026-04-25 10:26:50.245880 CST | [antmaze-large-play-v2] Training Epochs  263
2026-04-25 10:26:50.245909 CST | [antmaze-large-play-v2] AverageReturn      0.8
2026-04-25 10:26:50.245934 CST | [antmaze-large-play-v2] NormReturn         0.8
2026-04-25 10:26:50.245958 CST | [antmaze-large-play-v2] L_Act             17.9147
2026-04-25 10:26:50.245981 CST | [antmaze-large-play-v2] L_Crit             0.52643
2026-04-25 10:26:50.246005 CST | [antmaze-large-play-v2] Weight             0.746309
2026-04-25 10:26:50.246028 CST | [antmaze-large-play-v2] kl                 1
2026-04-25 10:26:50.246052 CST | [antmaze-large-play-v2] ---------------  ----------
2026-04-25 10:29:20.089954 CST | [antmaze-large-play-v2] ---------------  ----------
2026-04-25 10:29:20.090047 CST | [antmaze-large-play-v2] Training Epochs  264
2026-04-25 10:29:20.090076 CST | [antmaze-large-play-v2] AverageReturn      0.5
2026-04-25 10:29:20.090102 CST | [antmaze-large-play-v2] NormReturn         0.5
2026-04-25 10:29:20.090126 CST | [antmaze-large-play-v2] L_Act             17.927
2026-04-25 10:29:20.090150 CST | [antmaze-large-play-v2] L_Crit             0.507695
2026-04-25 10:29:20.090174 CST | [antmaze-large-play-v2] Weight             0.746097
2026-04-25 10:29:20.090198 CST | [antmaze-large-play-v2] kl                 1
2026-04-25 10:29:20.090221 CST | [antmaze-large-play-v2] ---------------  ----------
2026-04-25 10:31:49.312064 CST | [antmaze-large-play-v2] ---------------  ----------
2026-04-25 10:31:49.312164 CST | [antmaze-large-play-v2] Training Epochs  265
2026-04-25 10:31:49.312192 CST | [antmaze-large-play-v2] AverageReturn      0.5
2026-04-25 10:31:49.312216 CST | [antmaze-large-play-v2] NormReturn         0.5
2026-04-25 10:31:49.312240 CST | [antmaze-large-play-v2] L_Act             17.9112
2026-04-25 10:31:49.312264 CST | [antmaze-large-play-v2] L_Crit             0.515222
2026-04-25 10:31:49.312287 CST | [antmaze-large-play-v2] Weight             0.745685
2026-04-25 10:31:49.312310 CST | [antmaze-large-play-v2] kl                 1
2026-04-25 10:31:49.312333 CST | [antmaze-large-play-v2] ---------------  ----------
2026-04-25 10:34:35.381272 CST | [antmaze-large-play-v2] ---------------  ---------
2026-04-25 10:34:35.381371 CST | [antmaze-large-play-v2] Training Epochs  266
2026-04-25 10:34:35.381400 CST | [antmaze-large-play-v2] AverageReturn      0.7
2026-04-25 10:34:35.381425 CST | [antmaze-large-play-v2] NormReturn         0.7
2026-04-25 10:34:35.381449 CST | [antmaze-large-play-v2] L_Act             17.8989
2026-04-25 10:34:35.381473 CST | [antmaze-large-play-v2] L_Crit             0.50738
2026-04-25 10:34:35.381496 CST | [antmaze-large-play-v2] Weight             0.74608
2026-04-25 10:34:35.381520 CST | [antmaze-large-play-v2] kl                 1
2026-04-25 10:34:35.381543 CST | [antmaze-large-play-v2] ---------------  ---------
2026-04-25 10:37:38.796845 CST | [antmaze-large-play-v2] ---------------  ----------
2026-04-25 10:37:38.796954 CST | [antmaze-large-play-v2] Training Epochs  267
2026-04-25 10:37:38.796984 CST | [antmaze-large-play-v2] AverageReturn      0.9
2026-04-25 10:37:38.797010 CST | [antmaze-large-play-v2] NormReturn         0.9
2026-04-25 10:37:38.797035 CST | [antmaze-large-play-v2] L_Act             17.9042
2026-04-25 10:37:38.797059 CST | [antmaze-large-play-v2] L_Crit             0.509044
2026-04-25 10:37:38.797087 CST | [antmaze-large-play-v2] Weight             0.745189
2026-04-25 10:37:38.797111 CST | [antmaze-large-play-v2] kl                 1
2026-04-25 10:37:38.797138 CST | [antmaze-large-play-v2] ---------------  ----------
2026-04-25 10:40:22.232638 CST | [antmaze-large-play-v2] ---------------  ----------
2026-04-25 10:40:22.232732 CST | [antmaze-large-play-v2] Training Epochs  268
2026-04-25 10:40:22.232765 CST | [antmaze-large-play-v2] AverageReturn      0.5
2026-04-25 10:40:22.232790 CST | [antmaze-large-play-v2] NormReturn         0.5
2026-04-25 10:40:22.232814 CST | [antmaze-large-play-v2] L_Act             17.9183
2026-04-25 10:40:22.232838 CST | [antmaze-large-play-v2] L_Crit             0.515065
2026-04-25 10:40:22.232861 CST | [antmaze-large-play-v2] Weight             0.746184
2026-04-25 10:40:22.232885 CST | [antmaze-large-play-v2] kl                 1
2026-04-25 10:40:22.232908 CST | [antmaze-large-play-v2] ---------------  ----------
2026-04-25 10:43:00.686191 CST | [antmaze-large-play-v2] ---------------  ----------
2026-04-25 10:43:00.686291 CST | [antmaze-large-play-v2] Training Epochs  269
2026-04-25 10:43:00.686320 CST | [antmaze-large-play-v2] AverageReturn      0.7
2026-04-25 10:43:00.686347 CST | [antmaze-large-play-v2] NormReturn         0.7
2026-04-25 10:43:00.686372 CST | [antmaze-large-play-v2] L_Act             17.8968
2026-04-25 10:43:00.686397 CST | [antmaze-large-play-v2] L_Crit             0.520746
2026-04-25 10:43:00.686421 CST | [antmaze-large-play-v2] Weight             0.746269
2026-04-25 10:43:00.686445 CST | [antmaze-large-play-v2] kl                 1
2026-04-25 10:43:00.686469 CST | [antmaze-large-play-v2] ---------------  ----------
2026-04-25 10:45:43.469073 CST | [antmaze-large-play-v2] ---------------  ----------
2026-04-25 10:45:43.469154 CST | [antmaze-large-play-v2] Training Epochs  270
2026-04-25 10:45:43.469182 CST | [antmaze-large-play-v2] AverageReturn      0.6
2026-04-25 10:45:43.469207 CST | [antmaze-large-play-v2] NormReturn         0.6
2026-04-25 10:45:43.469231 CST | [antmaze-large-play-v2] L_Act             17.8979
2026-04-25 10:45:43.469258 CST | [antmaze-large-play-v2] L_Crit             0.521109
2026-04-25 10:45:43.469282 CST | [antmaze-large-play-v2] Weight             0.746116
2026-04-25 10:45:43.469305 CST | [antmaze-large-play-v2] kl                 1
2026-04-25 10:45:43.469329 CST | [antmaze-large-play-v2] ---------------  ----------
2026-04-25 10:48:21.573639 CST | [antmaze-large-play-v2] ---------------  ----------
2026-04-25 10:48:21.573744 CST | [antmaze-large-play-v2] Training Epochs  271
2026-04-25 10:48:21.573775 CST | [antmaze-large-play-v2] AverageReturn      0.8
2026-04-25 10:48:21.573801 CST | [antmaze-large-play-v2] NormReturn         0.8
2026-04-25 10:48:21.573825 CST | [antmaze-large-play-v2] L_Act             17.8605
2026-04-25 10:48:21.573851 CST | [antmaze-large-play-v2] L_Crit             0.515196
2026-04-25 10:48:21.573875 CST | [antmaze-large-play-v2] Weight             0.746211
2026-04-25 10:48:21.573899 CST | [antmaze-large-play-v2] kl                 1
2026-04-25 10:48:21.573924 CST | [antmaze-large-play-v2] ---------------  ----------
2026-04-25 10:50:57.634207 CST | [antmaze-large-play-v2] ---------------  ----------
2026-04-25 10:50:57.634303 CST | [antmaze-large-play-v2] Training Epochs  272
2026-04-25 10:50:57.634332 CST | [antmaze-large-play-v2] AverageReturn      0.6
2026-04-25 10:50:57.634358 CST | [antmaze-large-play-v2] NormReturn         0.6
2026-04-25 10:50:57.634383 CST | [antmaze-large-play-v2] L_Act             17.8626
2026-04-25 10:50:57.634406 CST | [antmaze-large-play-v2] L_Crit             0.505173
2026-04-25 10:50:57.634430 CST | [antmaze-large-play-v2] Weight             0.745902
2026-04-25 10:50:57.634453 CST | [antmaze-large-play-v2] kl                 1
2026-04-25 10:50:57.634477 CST | [antmaze-large-play-v2] ---------------  ----------
2026-04-25 10:53:36.411216 CST | [antmaze-large-play-v2] ---------------  ----------
2026-04-25 10:53:36.411313 CST | [antmaze-large-play-v2] Training Epochs  273
2026-04-25 10:53:36.411343 CST | [antmaze-large-play-v2] AverageReturn      0.4
2026-04-25 10:53:36.411368 CST | [antmaze-large-play-v2] NormReturn         0.4
2026-04-25 10:53:36.411391 CST | [antmaze-large-play-v2] L_Act             17.905
2026-04-25 10:53:36.411415 CST | [antmaze-large-play-v2] L_Crit             0.50047
2026-04-25 10:53:36.411438 CST | [antmaze-large-play-v2] Weight             0.746065
2026-04-25 10:53:36.411462 CST | [antmaze-large-play-v2] kl                 1
2026-04-25 10:53:36.411486 CST | [antmaze-large-play-v2] ---------------  ----------
